id,url,acceso,fiabilidad,modulos,notas
F-0021,"https://archive.org/download/topographicalpol01more/topographicalpol01more_djvu.txt | https://archive.org/download/A086B262/A086B262_djvu.txt | https://archive.org/download/A086B263/A086B263_djvu.txt (otra copia) | https://archive.org/details/A086B262 | https://bibliotheques-numeriques.defense.gouv.fr/impression/document/323aba36-a24c-4cef-9863-8c3a1f4f0a59 (URL del registro, truncada en el registro; sin respuesta: curl 000) | https://archive.org/download/A086B263/A086B263_djvu.txt | https://archive.org/details/topographicalpol01more",texto-completo-en-linea,media,M05;M06,"F2 2026-10-06: (M06) acceso localizada-bloqueada → texto-completo-en-linea; fiabilidad por-evaluar → media; URL confirmada o añadida; 4 extractos útiles (afirmaciones: A-067, A-068, A-084); verificación descargada-y-leida."
F-0022,https://archive.org/download/descriptiontopog00more/descriptiontopog00more_djvu.txt | https://www.manioc.org/notice-download/... (URL del registro; manioc.org no respondió: 000),texto-completo-en-linea,media,M05;M06,F2 2026-10-06: (M06) acceso localizada-bloqueada → texto-completo-en-linea; fiabilidad por-evaluar → media; URL confirmada o añadida; 1 extracto útil (afirmaciones: ninguna); verificación descargada-parcial.
F-0025,"https://archive.org/download/tratadosconveni00cantgoog/tratadosconveni00cantgoog_djvu.txt | https://archive.org/details/tratadosconveni00cantgoog | https://historylab.es/definitive-peace-treaty-concluded-between-king-charles-iv-and-the-french-republic/ (URL del registro; abierta con 200: es solo la ficha de HistoryLab del impreso del Archivo Histórico de la Nobleza, Priego C.16 D.78, sin el texto) | http://pares.mcu.es/ParesBusquedas20/catalogo/show/4032901 (registro PARES del impreso; sin respuesta: curl 000)",texto-completo-en-linea,alta,M00;M05;M06,F2 2026-10-06: (M06) acceso pdf-en-linea → texto-completo-en-linea; URL confirmada o añadida; módulos añadidos: M05; 9 extractos útiles (afirmaciones: A-067); verificación descargada-y-leida.
F-0026,"https://archive.org/download/recueilgnral07hait/recueilgnral07hait_djvu.txt | https://archive.org/details/recueilgnral07hait | http://catalogo.academiadominicanahistoria.org.do/opac-tmpl/files/libros/RodriguezDemoriziEmilio_InvasionesHaitianasDe18011805Y1822.pdf (traducción española, pp. 101-104; PDF escaneado, sin capa de texto: texto obtenido con el OCR de Windows) | https://islandluminous.fiu.edu/part03-slide08.html (URL original del registro; abierta con 200: es un comentario de J. Gonzalez sobre la invasión de 1805, no trae el texto del decreto)",texto-completo-en-linea,alta,M06,"F2 2026-10-06: (M06) acceso fragmento-busqueda → texto-completo-en-linea; fiabilidad por-evaluar → alta; URL confirmada o añadida; 12 extractos útiles (afirmaciones: A-074, A-079, A-084); URL corregida: la del registro (islandluminous, diapositiva de J. Gonzalez) no es el decreto; el texto está en el Recueil de Linstant Pradine t. I y en Demorizi 1955; verificación descargada-y-leida."
F-0027,"https://mjp.univ-perp.fr/constit/ht1801.htm | https://haitidoi.com/constitutions/1801-2/ | https://www.loc.gov/item/2021666967/ | https://www.marxists.org/history/haiti/1801/constitution.htm (abierta, 200) | https://en.wikisource.org/wiki/Constitution_of_Saint-Domingue (abierta, 200; no cotejada) | https://resources.saylor.org/wwwresources/archived/site/wp-content/uploads/2011/08/HIST-303-4.4.2-Haitian-Constitution-of-1801.pdf (URL del registro; no abierta)",texto-completo-en-linea,alta,M00;M06,"F2 2026-10-06: (M06) URL confirmada o añadida; 6 extractos útiles (afirmaciones: A-068, A-069, A-082, A-084); verificación descargada-y-leida."
F-0028,https://fr.wikisource.org/wiki/Acte_de_l%27Ind%C3%A9pendance_de_la_R%C3%A9publique_d%27Ha%C3%AFti | https://archive.org/details/recueilgnral07hait | https://haitidoi.com/2013/09/29/haitian-constitutions-1790-1860/,texto-completo-en-linea,alta,M00;M06,"F2 2026-10-06: (M06) acceso texto-descargado → texto-completo-en-linea; URL confirmada o añadida; 7 extractos útiles (afirmaciones: A-070, A-083, A-085); verificación descargada-y-leida."
F-0030,"https://archive.org/details/recueilgnral07hait | https://archive.org/download/recueilgnral07hait/recueilgnral07hait_djvu.txt | http://catalogo.academiadominicanahistoria.org.do/opac-tmpl/files/libros/RodriguezDemoriziEmilio_InvasionesHaitianasDe18011805Y1822.pdf (versión española del Journal y de la Adresse, pp. 105-119)",texto-completo-en-linea,alta,M06,"F2 2026-10-06: (M06) acceso no-localizada → texto-completo-en-linea; fiabilidad por-evaluar → alta; URL confirmada o añadida; 32 extractos útiles (afirmaciones: A-071, A-072, A-073, A-074, A-075, A-076, A-077, A-079, A-080, A-081, A-083, A-084, A-085); verificación descargada-y-leida."
F-0032,https://mjp.univ-perp.fr/constit/ht1806.htm | https://archive.org/download/recueilgnral07hait/recueilgnral07hait_djvu.txt | https://mjp.univ-perp.fr/constit/ht1805.htm | https://archive.org/details/recueilgnral07hait | https://haitidoi.com/constitutions/1805-2/ | https://mjp.univ-perp.fr/constit/ht1806.htm (abierta con 200 y descargada; no cotejada artículo por artículo) | https://archontology.org/nations/haiti/02_polity.php (URL original del registro; no abierta en esta ronda),texto-completo-en-linea,alta,M00;M06;M07;M08;M09,"F2 2026-10-06: (M06) URL confirmada o añadida; 10 extractos útiles (afirmaciones: A-069, A-079, A-084, A-085); verificación descargada-y-leida."
F-0053,https://raw.githubusercontent.com/GITenberg/Hayti-or-the-Black-Republic_68592/master/68592-0.txt,texto-descargado,baja,M06;M08;M09;M11,F2 2026-10-06: (M06) módulos añadidos: M06; 3 extractos útiles (afirmaciones: ninguna); verificación descargada-y-leida.
F-0065,https://archive.org/download/recueilgnral07hait/recueilgnral07hait_djvu.txt,texto-completo-en-linea,alta,M00;M03;M04;M05;M06;M07;M08;M09,"F2 2026-10-06: (M06) 13 extractos útiles (afirmaciones: A-069, A-070, A-071, A-072, A-073, A-083, A-085); verificación descargada-y-leida."
F-0066,"http://catalogo.academiadominicanahistoria.org.do/opac-tmpl/files/ppcodice/Clio-1948-016-082-111-130.pdf | http://catalogo.academiadominicanahistoria.org.do/opac-tmpl/files/libros/RodriguezDemoriziEmilio_InvasionesHaitianasDe18011805Y1822.pdf | http://catalogo.academiadominicanahistoria.org.do/opac-tmpl/files/libros/RodriguezDemoriziEmilio_InvasionesHaitianasDe18011805Y1822.pdf (reedición, pp. 121-160)",pdf-en-linea,media,M06;M07,"F2 2026-10-06: (M06) acceso no-localizada → pdf-en-linea; URL confirmada o añadida; módulos añadidos: M07; 31 extractos útiles (afirmaciones: A-068, A-070, A-075, A-076, A-077, A-078, A-079, A-080, A-082, A-084); el registro mezclaba la Memoria de Arredondo (1814, ratificada 1850) con la relación de Valerio (1801-1802, sobre la entrada de Toussaint, no sobre Moca); verificación descargada-y-leida."
F-0068,"https://archive.org/download/garcia-jose-g.-compendio-de-la-historia-de-santo-domingo-2016/Garcia%2C%20Jose%20G.%20-%20Compendio%20de%20la%20historia%20de%20Santo%20Domingo%20%5B2016%5D_djvu.txt | https://archive.org/details/garcia-jose-g.-compendio-de-la-historia-de-santo-domingo-2016 | https://archive.org/download/compendiodelahi02garcgoog/compendiodelahi02garcgoog_djvu.txt (tomo II de la ed. de 1894, F-0068: no contiene este pasaje)",texto-completo-en-linea,media,M00;M06;M07;M08;M09;M10;M11,"F2 2026-10-06: (M06) URL confirmada o añadida; módulos añadidos: M06; 7 extractos útiles (afirmaciones: A-075, A-077, A-078, A-081, A-084); verificación descargada-y-leida."
F-0071,http://catalogo.academiadominicanahistoria.org.do/opac-tmpl/files/libros/RodriguezDemoriziEmilio_InvasionesHaitianasDe18011805Y1822.pdf,pdf-en-linea,media,M06;M07;M08;M09,"F2 2026-10-06: (M06) fiabilidad alta → media; 37 extractos útiles (afirmaciones: A-067, A-068, A-072, A-073, A-074, A-075, A-076, A-077, A-078, A-079, A-080, A-081, A-084, A-085); verificación descargada-y-leida."
F-0102,https://revistas.uasd.edu.do/index.php/ecos/article/download/230/169/172,texto-completo-en-linea,alta,M00;M06;M08;M09;M10;M11;M13;M16,"F2 2026-10-06: (M06) fiabilidad media → alta; 5 extractos útiles (afirmaciones: A-074, A-076, A-077, A-078, A-080); verificación descargada-y-leida."
F-0103,https://catalogo.academiadominicanahistoria.org.do/opac-tmpl/files/libros/ReyesMiguel-LaExpendicionHaitianaDessalineSantoDomingo.pdf | https://catalogo.academiadominicanahistoria.org.do/opac-tmpl/files/clio/Clio-2022-091-203-059-158.pdf | https://catalogo.academiadominicanahistoria.org.do/opac-tmpl/files/libros/ReyesMiguel-LaExpendicionHaitianaDessalineSantoDomingo.pdf (URL del registro F-0103: no abierta en esta ronda; el artículo de Clío sí),pdf-en-linea,media,M06;M07,"F2 2026-10-06: (M06) acceso localizada-bloqueada → pdf-en-linea; fiabilidad por-evaluar → media; URL confirmada o añadida; módulos añadidos: M07; 36 extractos útiles (afirmaciones: A-067, A-068, A-069, A-071, A-072, A-073, A-074, A-075, A-076, A-077, A-078, A-079, A-080, A-083, A-084, A-085); verificación descargada-y-leida."
F-0106,https://archive.org/details/histoiredhaiti03madi | https://archive.org/details/histoiredhaiti02madi,texto-completo-en-linea,media,M00;M01;M02;M06;M07;M08;M09,"F2 2026-10-06: (M06) URL confirmada o añadida; 56 extractos útiles (afirmaciones: A-067, A-068, A-070, A-071, A-072, A-073, A-074, A-075, A-076, A-077, A-078, A-079, A-080, A-081, A-082, A-083, A-084); verificación descargada-y-leida."
F-0107,https://archive.org/details/etudessurlhistoi06ardo | https://archive.org/details/etudessurlhistoi04ardo | https://archive.org/details/etudessurlhistoi05ardo | https://archive.org/details/etudessurlhistoi07ardo | https://archive.org/download/etudessurlhistoi06ardo/etudessurlhistoi06ardo_djvu.txt | https://archive.org/download/etudessurlhistoi04ardo/etudessurlhistoi04ardo_djvu.txt | https://archive.org/download/etudessurlhistoi05ardo/etudessurlhistoi05ardo_djvu.txt | https://archive.org/download/etudessurlhistoi07ardo/etudessurlhistoi07ardo_djvu.txt | https://archive.org/download/tudessurlhisto04ardo/tudessurlhisto04ardo_djvu.txt (otra copia escaneada),texto-completo-en-linea,media,M00;M06;M07;M08;M09,"F2 2026-10-06: (M06) URL confirmada o añadida; 45 extractos útiles (afirmaciones: A-067, A-068, A-069, A-070, A-071, A-072, A-073, A-074, A-075, A-076, A-077, A-079, A-080, A-081, A-083, A-084, A-085); verificación descargada-y-leida."
F-0108,https://classiques.uqam.ca/classiques/bellegarde_dantes/histoire_du_peuple_haitien/histoire_du_peuple_haitien.pdf,pdf-en-linea,media,M00;M05;M06;M07;M08;M09,"F2 2026-10-06: (M06) módulos añadidos: M06; 9 extractos útiles (afirmaciones: A-067, A-068, A-069, A-070, A-074, A-075, A-076, A-079, A-083); verificación descargada-y-leida."
F-0109,https://ufdcimages.uflib.ufl.edu/UF/00/09/59/32/00001/Mars_RD_Haiti_fr_1.pdf,pdf-en-linea,media,M00;M01;M05;M06;M07;M08;M09;M10;M12;M13;M16,"F2 2026-10-06: (M06) fiabilidad alta → media; 12 extractos útiles (afirmaciones: A-069, A-074, A-075, A-076, A-077, A-079, A-080, A-083, A-084, A-085); verificación descargada-y-leida."
F-0110,https://catalogue.bnf.fr/ark:/12148/cb120551150,bajo-derechos,media,M05;M06,F2 2026-10-06: (M06) acceso no-localizada → bajo-derechos; fiabilidad por-evaluar → media; URL confirmada o añadida; verificación solo-localizada.
F-0124,https://archive.org/details/31761063943880 | https://archive.org/details/31761036281269 | https://archive.org/download/31761063943880/31761063943880_djvu.txt,localizada-bloqueada,alta,M06;M07;M08;M11,F2 2026-10-06: (M06) URL confirmada o añadida; verificación fallo-fetch.
F-0129,https://books.google.com/books?id=J-JYEAAAQBAJ,fragmento-busqueda,media,M06,"F2 2026-10-06: (M06) acceso no-localizada → fragmento-busqueda; fiabilidad por-evaluar → media; URL confirmada o añadida; 6 extractos útiles (afirmaciones: A-068, A-075, A-083); verificación descargada-parcial."
F-0130,https://books.google.com/books?id=WyrnEAAAQBAJ,fragmento-busqueda,alta,M06;M11;M12,"F2 2026-10-06: (M06) acceso no-localizada → fragmento-busqueda; fiabilidad por-evaluar → alta; URL confirmada o añadida; 10 extractos útiles (afirmaciones: A-067, A-068, A-070, A-072, A-082, A-083); verificación descargada-parcial."
F-0131,https://books.google.com/books?id=q120CAAAQBAJ | https://haitidoi.com/2014/03/16/trading-with-saint-domingue-will-be-punished-by-death/,fragmento-busqueda,alta,M00;M06;M07,"F2 2026-10-06: (M06) acceso texto-completo-en-linea → fragmento-busqueda; URL confirmada o añadida; 3 extractos útiles (afirmaciones: A-070, A-072, A-084); verificación descargada-parcial."
F-0132,https://books.google.com/books?id=Q8STBQAAQBAJ,fragmento-busqueda,alta,M06,"F2 2026-10-06: (M06) acceso no-localizada → fragmento-busqueda; fiabilidad por-evaluar → alta; URL confirmada o añadida; 2 extractos útiles (afirmaciones: A-067, A-068); verificación descargada-parcial."
F-0133,https://books.google.com/books?id=q2I3CwAAQBAJ | https://uncpressblog.com/2016/01/25/nessler-the-politics-of-racial-difference-the-view-from-revolutionary-hispaniola/,fragmento-busqueda,alta,M06;M07,"F2 2026-10-06: (M06) acceso bajo-derechos → fragmento-busqueda; fiabilidad media → alta; URL confirmada o añadida; 30 extractos útiles (afirmaciones: A-067, A-068, A-071, A-074, A-075, A-079, A-080, A-081, A-082, A-083, A-084); verificación descargada-parcial."
F-0134,https://books.google.com/books?id=pk2BEAAAQBAJ,fragmento-busqueda,alta,M05;M06;M07;M08,"F2 2026-10-06: (M06) acceso bajo-derechos → fragmento-busqueda; URL confirmada o añadida; 7 extractos útiles (afirmaciones: A-067, A-068, A-075, A-079, A-080, A-081, A-085); verificación descargada-parcial."
F-0135,https://tieulgnu.s3.amazonaws.com/ebf/76bf5213e53843d0a186c20281821a1e.pdf,pdf-en-linea,alta,M00;M06;M07;M08;M09;M10;M11,"F2 2026-10-06: (M06) módulos añadidos: M06; 6 extractos útiles (afirmaciones: A-067, A-068, A-069, A-074, A-079, A-081, A-084); verificación descargada-y-leida."
F-0152,https://revistas.ucm.es/index.php/RCHA/article/download/95851/4564456569524 | https://revistas.ucm.es/index.php/RCHA/es/article/download/95851/4564456569524/4564456714147 | https://revistas.ucm.es/index.php/RCHA/article/download/95851/4564456569524/4564456714147 | https://dx.doi.org/10.5209/rcha.95851,via-resena,media,M06;M07,"F2 2026-10-06: (M06) acceso localizada-bloqueada → via-resena; fiabilidad por-evaluar → media; URL confirmada o añadida; 4 extractos útiles (afirmaciones: A-067, A-068); el libro sigue sin texto; acceso vía la reseña de Bar Shuali; la tesis de 2012 que lo antecede está en M06-N49; verificación descargada-y-leida."
F-0153,https://books.google.com/books?id=2eaaDwAAQBAJ,fragmento-busqueda,alta,M06;M07;M11,"F2 2026-10-06: (M06) acceso bajo-derechos → fragmento-busqueda; fiabilidad media → alta; URL confirmada o añadida; 5 extractos útiles (afirmaciones: A-075, A-076, A-077, A-079, A-082, A-084); verificación descargada-parcial."
F-0182,https://acento.com.do/opinion/moca-mito-o-historia-8887181.html,texto-completo-en-linea,media,M06,"F2 2026-10-06: (M06) acceso fragmento-busqueda → texto-completo-en-linea; 6 extractos útiles (afirmaciones: A-074, A-077, A-078, A-079, A-080); verificación descargada-y-leida."
F-0183,https://books.google.com/books?id=BAy4XwFE3AsC,fragmento-busqueda,alta,M00;M06,"F2 2026-10-06: (M06) acceso pdf-en-linea → fragmento-busqueda; URL confirmada o añadida; 7 extractos útiles (afirmaciones: A-070, A-071, A-072); verificación descargada-parcial."
F-0195,https://www.elcaribe.com.do/opiniones/el-deguello-de-moca-de-abril-de-1805/ | https://web.archive.org/web/20221006035711/https://www.elcaribe.com.do/opiniones/el-deguello-de-moca-de-abril-de-1805/,texto-completo-en-linea,baja,M06,"F2 2026-10-06: (M06) acceso localizada-bloqueada → texto-completo-en-linea; URL confirmada o añadida; 4 extractos útiles (afirmaciones: A-075, A-077, A-080); verificación descargada-y-leida."
F-0206,https://pmc.ncbi.nlm.nih.gov/articles/PMC3828151/,texto-completo-en-linea,media,M00;M01;M03;M05;M06;M09;M16,"F2 2026-10-06: (M06) fiabilidad alta → media; módulos añadidos: M05, M06; 3 extractos útiles (afirmaciones: ninguna); verificación descargada-y-leida."
F-0235,https://www.slavevoyages.org/documents/download/tastdb-exp-2019.csv | https://www.slavevoyages.org/documents/download/tastdb-exp-2019.sav,texto-descargado,alta,M00;M03;M04;M05;M06,F2 2026-10-06: (M06) acceso texto-completo-en-linea → texto-descargado; URL confirmada o añadida; módulos añadidos: M06; 4 extractos útiles (afirmaciones: ninguna); verificación descargada-y-leida.
F-0240,https://gallica.bnf.fr | https://gallica.bnf.fr/services/engine/search/sru?operation=searchRetrieve&query=... (API SRU: abierta con 200; el 'texteBrut' de documentos no se probó en esta ronda),texto-completo-en-linea,alta,M04;M05;M06,F2 2026-10-06: (M06) acceso localizada-bloqueada → texto-completo-en-linea; URL confirmada o añadida; verificación solo-localizada.
F-0241,https://archive.org | https://archive.org/advancedsearch.php (API de búsqueda: abierta con 200) | https://archive.org/download/{id}/{id}_djvu.txt (texto plano: abierto con 200 para los 20+ identificadores usados en esta ronda),texto-completo-en-linea,alta,M02;M03;M04;M05;M06;M11,F2 2026-10-06: (M06) acceso localizada-bloqueada → texto-completo-en-linea; URL confirmada o añadida; verificación solo-localizada. Control de calidad: marcada descargada-y-leida pero sin extractos; degradada a solo-localizada.
F-0247,https://anom.archivesnationales.culture.gouv.fr | https://www.archivesnationales.culture.gouv.fr/anom/fr/ (sin respuesta en esta ronda: curl 000),localizada-bloqueada,alta,M04;M05;M06;M07;M08,F2 2026-10-06: (M06) URL confirmada o añadida; verificación fallo-fetch.
F-0250,https://en.wikisource.org | https://es.wikisource.org (200) | https://fr.wikisource.org (200) | https://en.wikisource.org/wiki/Constitution_of_Saint-Domingue (200; no cotejada artículo por artículo),texto-completo-en-linea,alta,M02;M06;M07;M09,"F2 2026-10-06: (M06) fiabilidad media → alta; URL confirmada o añadida; verificación descargada-parcial. Control de calidad: descargada-parcial sin extractos (portal consultado, nada citado)."
F-0262,https://haitidoi.com/constitutions/1801-2/ | https://haitidoi.com/2015/10/30/dessalines-reader-28-april-1804/ | https://haitidoi.com/2015/10/26/dessalines-reader-8-may-1804/ | https://haitidoi.com/dessalines-reader/dessalines-documents/ | https://haitidoi.com/wp-content/uploads/2015/10/dscf9968.jpg | https://haitidoi.com/wp-content/uploads/2015/10/dscf9969.jpg,texto-completo-en-linea,alta,M00;M06;M07;M08;M09;M11,"F2 2026-10-06: (M06) URL confirmada o añadida; 11 extractos útiles (afirmaciones: A-068, A-069, A-070, A-071, A-072, A-073, A-079, A-085); verificación descargada-y-leida."
F-0265,"https://www.manioc.org | https://beta-omk.manioc.org/files/original/13180/MMC16053.pdf (Guillermin 1811, 58 MB; descargas cortadas) | https://www.manioc.org/notice-download/14205 (plano de Santo Domingo del libro de Guillermin: 200) | https://bibliotheques-numeriques.defense.gouv.fr (sin respuesta: curl 000)",texto-completo-en-linea,alta,M04;M05;M06,"F2 2026-10-06: (M06) acceso localizada-bloqueada → texto-completo-en-linea; fiabilidad media → alta; URL confirmada o añadida; verificación descargada-parcial. Control de calidad: descargada-parcial sin extractos (portal consultado, nada citado)."
F-0440,https://acento.com.do/actualidad/moya-pons-contra-narrativas-prohaitianas-en-bienvenida-a-reyes-sanchez-a-academia-dominicana-de-la-historia-9033945.html | https://catalogo.academiadominicanahistoria.org.do/opac-tmpl/files/clio/Clio-2022-091-203-159-162.pdf | https://catalogo.academiadominicanahistoria.org.do/opac-tmpl/files/libros/ReyesMiguel-LaExpendicionHaitianaDessalineSantoDomingo.pdf,texto-completo-en-linea,alta,M06;M08;M16,"F2 2026-10-06: (M06) fiabilidad media → alta; URL confirmada o añadida; 3 extractos útiles (afirmaciones: A-070, A-076, A-079, A-080, A-081); verificación descargada-y-leida."
F-0441,https://acento.com.do/cultura/el-sentimiento-por-lo-nacional-pesa-mas-que-lo-racial-en-los-dominicanos-9039375.html,texto-completo-en-linea,media,M06;M08;M13;M16,"F2 2026-10-06: (M06) 4 extractos útiles (afirmaciones: A-076, A-079, A-080, A-081); verificación descargada-y-leida."
F-0479,https://lenouvelliste.com/article/252245/premier-janvier-1804-naissance-de-letat-haitien-et-renaissance-de-lile-dhaiti,texto-completo-en-linea,media,M00;M06;M07;M08;M09;M10;M16,"F2 2026-10-06: (M06) 8 extractos útiles (afirmaciones: A-067, A-068, A-069, A-072, A-073, A-079, A-084, A-085); verificación descargada-y-leida."
F-0480,https://lenouvelliste.com/article/175525/transcendance-historique-de-la-revolution-haitienne-et-son-influence-sur-le-santo-domingo-espagnol,texto-completo-en-linea,media,M06;M07;M08;M16,"F2 2026-10-06: (M06) 8 extractos útiles (afirmaciones: A-067, A-068, A-074, A-075, A-079, A-080, A-081, A-084, A-085); verificación descargada-y-leida."
F-0493,https://www.haiti.org/key-dates/,texto-completo-en-linea,baja,M00;M06;M08;M16,"F2 2026-10-06: (M06) fiabilidad media → baja; módulos añadidos: M06; 3 extractos útiles (afirmaciones: A-070, A-072, A-079); verificación descargada-y-leida."
F-0743,https://archive.org/download/notesonhaitimade02mack/notesonhaitimade02mack_djvu.txt,texto-completo-en-linea,media,M05;M06;M07;M08,F2 2026-10-06: (M06) módulos añadidos: M06; 3 extractos útiles (afirmaciones: A-067); verificación descargada-y-leida.
F-0756,https://ndownloader.figshare.com/files/43575072,pdf-en-linea,alta,M06;M07;M08,"F2 2026-10-06: (M06) 18 extractos útiles (afirmaciones: A-067, A-068, A-069, A-074, A-075, A-076, A-077, A-078, A-079, A-080, A-082, A-084, A-085); verificación descargada-y-leida."
F-0778,https://islandluminous.fiu.edu/part02-slide08.html,texto-completo-en-linea,media,M00;M05;M06;M08,"F2 2026-10-06: (M06) 2 extractos útiles (afirmaciones: A-068, A-074, A-084); verificación descargada-y-leida."
F-0797,https://archive.org/details/manueldhistoired00bell,texto-completo-en-linea,baja,M00;M06;M07;M08;M09;M10,"F2 2026-10-06: (M06) fiabilidad media → baja; módulos añadidos: M06; 5 extractos útiles (afirmaciones: A-070, A-074, A-075, A-076, A-079); verificación descargada-y-leida."
F-0817,https://catalogo.academiadominicanahistoria.org.do/opac-tmpl/files/libros/CorderoMichelEmilio-LaRevolucionHaitianaySantoDomingo.pdf,pdf-en-linea,alta,M06;M08,"F2 2026-10-06: (M06) módulos añadidos: M06; 8 extractos útiles (afirmaciones: A-068, A-074, A-077, A-079, A-080); verificación descargada-y-leida."
F-0829,https://web.archive.org/web/2023/https://scholarcommons.sc.edu/cgi/viewcontent.cgi?article=4951&context=etd,pdf-en-linea,alta,M06;M07;M08,"F2 2026-10-06: (M06) módulos añadidos: M06; 15 extractos útiles (afirmaciones: A-067, A-068, A-074, A-075, A-076, A-077, A-079, A-080, A-081, A-082, A-084); verificación descargada-y-leida."
F-0841,https://juanbosch.org/wp-content/uploads/2024/03/Historia-Rep.-Dom.pdf,pdf-en-linea,media,M00;M01;M03;M06;M08,"F2 2026-10-06: (M06) módulos añadidos: M06; 10 extractos útiles (afirmaciones: A-067, A-068, A-074, A-075, A-079, A-081, A-082, A-083, A-084); verificación descargada-y-leida."
F-0886,https://archive.org/details/mmoirespourser00bois,texto-completo-en-linea,media,M00;M06,"F2 2026-10-06: (M06) 4 extractos útiles (afirmaciones: A-067, A-068, A-070, A-072, A-073); verificación descargada-y-leida."
F-0910,https://archive.org/download/historiadesanto00tejagoog/historiadesanto00tejagoog_djvu.txt,texto-descargado,media,M00;M06;M07,"F2 2026-10-06: (M06) acceso pdf-en-linea → texto-descargado; módulos añadidos: M07; 13 extractos útiles (afirmaciones: A-070, A-075, A-076, A-077, A-078, A-079, A-082); verificación descargada-y-leida."
F-0930,https://resolve.cambridge.org/core/services/aop-cambridge-core/content/view/5B6702AD4A0C07E6F206ACFB10588CC3/S0003161523000652a.pdf/creole-numerology-and-the-haitian-revolution.pdf | https://www.cambridge.org/core/services/aop-cambridge-core/content/view/5B6702AD4A0C07E6F206ACFB10588CC3/S0003161523000652a.pdf/creole-numerology-and-the-haitian-revolution.pdf,pdf-en-linea,alta,M00;M05;M06,F2 2026-10-06: (M06) URL confirmada o añadida; 3 extractos útiles (afirmaciones: ninguna); verificación descargada-y-leida.
