id_provisional,tipo,autor,titulo,anio,idioma,tradicion,modulos,url,acceso,fiabilidad,notas
M06-N01,primaria,"Ayala y García, Juan de Jesús Fabián (Padre Ayala); publicación y notas de la ADH","Desgracias de Santo Domingo (relato del Padre Ayala), en Clío, n.º 108, jul.-dic. 1956, ""Miscelánea"", XI, pp. 140-146",c. 1855 (redacción); 1956 (publicación),es,dominicana,M06,https://catalogo.academiadominicanahistoria.org.do/opac-tmpl/files/clio/Clio_1956_No_108.pdf,pdf-en-linea,media,"El Padre Juan de Jesús Fabián Ayala y García, natural de La Vega, nacido el 27-XII-1789 según su prólogo (p. 141), fundador de San Cristóbal según Despradel (BAGN, 1938). Escribe para su ""hermano"" y su descendencia sobre ""55 años que contamos en el presente siglo"" (hacia 1855), de modo que la redacción es unos 50 años posterior a 1805. En 1805 tenía 15 años. Fiabilidad media (Único testimonio dominicano directo de cautivo sobre 1805 distinto de Arredondo, de un vegano de 15 años en 1805; pero redactado medio siglo después, con parte del relato ""por tradición"" y con la escena de Moca de segunda mano.) Afirmaciones que toca: A-067, A-077, A-078, A-084. Verificación descargada-y-leida (acceso pdf-en-linea), consultada 2026-10-06."
M06-N02,primaria,"Lemonnier-Delafosse, Jean-Baptiste (ancien officier de l'armée de Saint-Domingue); Rodríguez, C. Armando (trad. 1946)","Seconde campagne de Saint-Domingue du 1er décembre 1803 au 15 juillet 1809 (Le Havre, 1846) y su traducción española Segunda campaña de Santo Domingo. Guerra dominico-francesa de 1808 (trad. C. Armando Rodríguez, Santiago, Editorial El Diario, 1946; versión digital de la ADH)",1846 (original); 1946 (traducción),fr,francesa,M06,"https://archive.org/download/secondecampagned00lemo/secondecampagned00lemo_djvu.txt | https://catalogo.academiadominicanahistoria.org.do/opac-tmpl/files/ppcodice/pp3256JBLemonnierDelafosseSegundaCampa%C3%B1aDeSantoDomingo.pdf | https://archive.org/details/secondecampagned00lemo | http://catalogo.academiadominicanahistoria.org.do/opac-tmpl/files/ppcodice/pp3256JBLemonnierDelafosseSegundaCampa%C3%B1aDeSantoDomingo.pdf (traducción española de 289 págs., con capa de texto; abierta con 200, 110 MB)",texto-completo-en-linea,media,"Jean-Baptiste Lemonnier-Delafosse, oficial de ingenieros y de la guarnición de Santo Domingo, teniente coronel retirado, caballero de la Legión de Honor y de la orden española de San Fernando, publica en El Havre (1846) su relato de la segunda campaña, dedicado 'a mis antiguos camaradas'. Estuvo en la ciudad sitiada por Dessalines en 1805 y en la salida de Ferrand en 1808. Fiabilidad media (Memorias de un oficial francés testigo del sitio de 1805 y de la campaña de 1808-1809, escritas 37-41 años después y con prejuicio racial y de cuerpo manifiestos; fechas y cifras no siempre exactas.) Afirmaciones que toca: A-075, A-076, A-079, A-080, A-081, A-084. Verificación descargada-y-leida (acceso texto-completo-en-linea), consultada 2026-10-06."
M06-N03,secundaria,"Cordero Michel, Emilio","Proyecciones de la revolución haitiana en la sociedad dominicana (ensayo; orig. Ecos n.º 3, 1994, pp. 79-91; reeditado en Obras escogidas. Ensayos, ADH)",1994 (orig.); ed. ADH posterior,es,dominicana,M06,https://catalogo.academiadominicanahistoria.org.do/opac-tmpl/files/libros/CoderoMichel-Emilio-ObrasEscogidas-Ensayos.pdf,pdf-en-linea,alta,"Ensayo de síntesis sobre las proyecciones de la revolución haitiana en Santo Domingo (1791-1814), publicado primero en la revista Ecos (UASD) y recogido en las Obras escogidas editadas por la ADH (PDF de 155 MB; pdf pp. 154-157 para este pasaje). Sostiene que la Reconquista fue obra de la oligarquía esclavista y que hubo un movimiento antiesclavista y pro-haitiano reprimido. Fiabilidad alta (Síntesis de un historiador reconocido, con tesis de clase; no cita archivo en las páginas leídas.) Afirmaciones que toca: A-067, A-068, A-079, A-081. Verificación descargada-y-leida (acceso pdf-en-linea), consultada 2026-10-06."
M06-N04,secundaria,"Nessler, Graham","Arrancar el árbol de la libertad: una interpretación de la era de Toussaint Louverture en Santo Domingo, 1801-1802 (Estudios Sociales, año 41, vol. XL, n.º 151, oct.-dic. 2009, pp. 13-33)",2009,es,internacional,M06,https://estudiossociales.bono.edu.do/index.php/es/article/download/63/60/119 | https://estudiossociales.bono.edu.do/index.php/es/issue/download/8/8,pdf-en-linea,alta,"Graham Nessler, historiador estadounidense (autor luego de An Islandwide Struggle for Freedom, 2016). Publica en español en Estudios Sociales (Centro Bonó, Santo Domingo). Usa informes de funcionarios franceses (CARAN, Colonies CC/9b), cartas de Toussaint a Roume (28 nivôse an 8) y documentación del AGI sobre la expedición del gobernador García. Fiabilidad alta (Artículo arbitrado, con fuentes de archivo (AGI, CARAN), de un historiador estadounidense publicado en la revista del Centro Bonó; la mejor base documental disponible en español sobre el alcance de la abolición en el este.) Afirmaciones que toca: A-067, A-068, A-084. Verificación descargada-y-leida (acceso pdf-en-linea), consultada 2026-10-06."
M06-N05,secundaria,"Moya Pons, Frank","La reconquista de Santo Domingo y la solidaridad de Puerto Rico, 1808-1809, de Francisco Moscoso (reseña; Clío, año 90, n.º 202, jul.-dic. 2021, pp. 297-305)",2021,es,dominicana,M06,https://catalogo.academiadominicanahistoria.org.do/opac-tmpl/files/clio/Clio-2021-202-297-305.pdf,pdf-en-linea,alta,"Palabras de Moya Pons en la presentación del libro del historiador puertorriqueño Francisco Moscoso por la ADH vía Zoom (30-VIII-2021). Resume el Manifiesto de Sánchez Ramírez a los emigrados de Puerto Rico y la rivalidad con Montes y los agentes Huber y Ciriaco Ramírez. Fiabilidad alta (Reseña de un historiador de primera línea sobre un libro basado en fuentes primarias (Sánchez Ramírez, Montes, Power, Guillermin, Lemonnier); sintetiza la cronología de la Reconquista y la cifra de la emigración.) Afirmaciones que toca: A-067, A-081. Verificación descargada-y-leida (acceso pdf-en-linea), consultada 2026-10-06."
M06-N06,secundaria,"Despradel Batista, Guido","El incendio del 1805 (BAGN, n.º 3, 1938, pp. 196-200; sobre La Vega)",1938,es,dominicana,M06,https://agn.gob.do/wp-content/uploads/2025/07/BAGN_1938_No_3.pdf,pdf-en-linea,media,"Guido Despradel Batista, historiador, publica en el Boletín del AGN (1938). Reúne testimonios de archivo local (Archivo Notarial Lic. Francisco José Alvarez, La Vega; archivo parroquial) sobre el incendio de La Vega en abril de 1805 y transcribe el informe del presbítero Francisco Pablo de Amézquita al gobernador haitiano Placide Le Brun (30-IV-1822). Fiabilidad media (Artículo de un historiador local con transcripciones de documentos notariales y parroquiales de La Vega (1805-1862) y del informe de Amézquita de 1822; texto de época trujillista con adjetivación racial.) Afirmaciones que toca: A-076, A-077, A-078. Verificación descargada-y-leida (acceso pdf-en-linea), consultada 2026-10-06."
M06-N07,divulgacion,"Herrera, Rafael Darío","El degüello de Moca. Según Fray Cipriano de Utrera (columna de opinión, Acento, 5-VII-2026)",2026,es,dominicana,M06,https://acento.com.do/opinion/el-deguello-de-moca-9712682.html,texto-completo-en-linea,media,"Rafael Darío Herrera, historiador, miembro correspondiente de la ADH, premio José Gabriel García 2018 por ""El Gobierno del Triunvirato, 1963-1965"" y profesor emérito de la UASD (según la ficha de Acento). Fiabilidad media (Resumen detallado, con citas literales y referencias de página, del artículo de Utrera (1923) y de la réplica de García Lluberes, escrito por un historiador académico; segunda mano respecto de Panfilia, pero la mejor ficha disponible de ese debate.) Afirmaciones que toca: A-075, A-077, A-078, A-080. Verificación descargada-y-leida (acceso texto-completo-en-linea), consultada 2026-10-06."
M06-N08,divulgacion,"Núñez Asencio, Manuel","La invasión del emperador Dessalines, en 1805: genocidio y limpieza étnica (columna de opinión, Acento, 28-XI-2025)",2025,es,dominicana,M06,https://acento.com.do/opinion/la-invasion-del-emperador-dessalines-en-1805-genocidio-y-limpieza-etnica-9584287.html,texto-completo-en-linea,baja,"Manuel Núñez Asencio, columnista y autor de una serie de artículos en Acento (2025-2026) sobre Basilea, Toussaint, la Era de Francia y la Reconquista. El título habla de ""genocidio y limpieza étnica""; en el cuerpo cita a Arredondo, Madiou (t. III, p. 166), Lemonnier-Delafosse y ""A. Hugo"". Fiabilidad baja (Columna narrativa sin aparato de fuentes en el cuerpo, con cifras y citas que se contradicen con el Journal de Christophe y con Madiou; buena muestra de la versión ""oficial-hispanista"" de 1805.) Afirmaciones que toca: A-075, A-077, A-079, A-080, A-083. Verificación descargada-y-leida (acceso texto-completo-en-linea), consultada 2026-10-06."
M06-N09,divulgacion,"Núñez Asencio, Manuel","El Tratado de Basilea (1795) (columna de opinión, Acento, 11-III-2026)",2026,es,dominicana,M06,https://acento.com.do/opinion/el-tratado-de-basilea-1795-9638314.html,texto-completo-en-linea,media,"Primera de una serie de columnas de Núñez Asencio (2026) sobre Basilea, la emigración y la Era de Francia; describe el art. IX del tratado y la prórroga del plazo de emigración hasta 1801. Fiabilidad media (Síntesis divulgativa correcta en lo básico (artículo IX, plazo de un año), sin citas de archivo; sirve como muestra de la lectura actual, no como evidencia.) Afirmaciones que toca: A-067. Verificación descargada-y-leida (acceso texto-completo-en-linea), consultada 2026-10-06."
M06-N10,divulgacion,"Núñez Asencio, Manuel","Transterrados dominicanos; emigración tras el Tratado de Basilea y las invasiones haitianas (columna de opinión, Acento, 21-III-2026)",2026,es,dominicana,M06,https://acento.com.do/opinion/transterrados-dominicanos-emigracion-tras-el-tratado-de-basilea-y-las-invasiones-haitianas-9644661.html,texto-completo-en-linea,media,"Columna de Núñez Asencio que cita a Pedro Henríquez Ureña y a Carlos Esteban Deive, Las emigraciones dominicanas a Cuba (1795-1808) (Fundación Cultural Dominicana, 1989, según una búsqueda bibliográfica; PDF no localizado). Fiabilidad media (Columna que contrasta la tesis de Henríquez Ureña (los emigrados como fermento cultural) con la de Carlos Esteban Deive (diáspora heterogénea); útil para localizar a Deive, sin cifras.) Afirmaciones que toca: A-067. Verificación descargada-y-leida (acceso texto-completo-en-linea), consultada 2026-10-06."
M06-N11,divulgacion,"Núñez Asencio, Manuel","La era de Francia en Santo Domingo (1802-1809) (columna de opinión, Acento, 1-IV-2026)",2026,es,dominicana,M06,https://acento.com.do/opinion/la-era-de-francia-en-santo-domingo-1802-1809-9647607.html,texto-completo-en-linea,media,"Columna de Núñez Asencio; describe el gobierno de Paul Louverture, Kerverseau y Ferrand en el Este. El pasaje sobre la política de Ferrand (registros, coartación, libertos) no lleva nota de fuente [POR VERIFICAR: corresponde a Nessler 2016, cap. 4-5]. Fiabilidad media (Resumen que coincide en lo esencial con la monografía de Nessler (2016) sin citarla en los pasajes leídos; sirve para ver cómo la divulgación dominicana asume la tesis de la reesclavización gradual por Ferrand.) Afirmaciones que toca: A-068, A-084. Verificación descargada-y-leida (acceso texto-completo-en-linea), consultada 2026-10-06."
M06-N12,divulgacion,"Núñez Asencio, Manuel","Toussaint Louverture, memorias de un libertador convertido en dictador (columna de opinión, Acento, 5-IX-2025)",2025,es,dominicana,M06,https://acento.com.do/opinion/toussaint-louverture-memorias-de-un-libertador-convertido-en-dictador-9546070.html,texto-completo-en-linea,media,"Columna de Núñez Asencio contra la propuesta de Cordero Michel (Clío n.º 167, 2004) de celebrar el 26 de enero como ""día de la libertad"" por la entrada de Toussaint en Santo Domingo, coincidente con el natalicio de Duarte (26-I-1813). Fiabilidad media (Columna polémica que cita a Pluchon, Sauveur Pierre Étienne y la Constitución de 1801 (arts. 3, 14-16), pero afirma sin documentar que Toussaint ""no abolió la esclavitud en Santo Domingo"".) Afirmaciones que toca: A-068, A-069. Verificación descargada-y-leida (acceso texto-completo-en-linea), consultada 2026-10-06."
M06-N13,divulgacion,"Lantigua, José Rafael","El degüello de Moca (columna de opinión, Diario Libre, 3-V-2019)",2019,es,dominicana,M06,https://www.diariolibre.com/opinion/lecturas/el-deguello-de-moca-HN12686760,texto-completo-en-linea,media,"José Rafael Lantigua, escritor y columnista, natural de Moca (relata recuerdos de su abuela y de unos huesos hallados en La Granja). Reclama que los historiadores recientes han minimizado el degüello por influencia de Utrera y han dado más atención a 1937. Fiabilidad media (Columnista y escritor mocano que recoge tradición oral familiar y cifras de historiadores del siglo XIX sin fuente exacta; útil para ver la memoria local y la crítica a la minimización.) Afirmaciones que toca: A-077, A-078, A-080. Verificación descargada-y-leida (acceso texto-completo-en-linea), consultada 2026-10-06."
M06-N14,divulgacion,"Valenzuela, Roberto","Testimonios sobre el ""Degüello de Moca"" (El Nuevo Diario, 14-V-2018)",2018,es,dominicana,M06,https://elnuevodiario.com.do/testimonios-sobre-el-deguello-de-moca/,texto-completo-en-linea,baja,"Roberto Valenzuela, periodista de El Nuevo Diario; compila el reportaje de Diario Libre y la Memoria de Arredondo para presentar la matanza como ""reedición"" de lo hecho en 1804. Fiabilidad baja (Nota de prensa que compila citas de Arredondo y de Sumner Welles y cifras de un reportaje de Diario Libre, sin cotejo propio.) Afirmaciones que toca: A-077. Verificación descargada-y-leida (acceso texto-completo-en-linea), consultada 2026-10-06."
M06-N15,divulgacion,"Lora R., Ramón","El legado Dessalines es de muerte (y II) (columna de opinión, El Día, 30-X-2014)",2014,es,dominicana,M06,https://eldia.com.do/el-legado-dessalines-es-de-muerte-y-ii/,texto-completo-en-linea,baja,"Ramón Lora R., columnista de El Día (""un curioso, estudioso de la comunicación a través de la cultura"", según su ficha). Defiende la protesta contra el homenaje a Dessalines en la UASD y llama ""libertador de los haitianos"" a quien considera sinónimo de ""dolor, sangre y muerte"". Fiabilidad baja (Columna escrita en el contexto de la polémica por el homenaje a Dessalines en la UASD (2014); cita a Arredondo por Demorizi (p. 153) y a García, sin cotejo.) Afirmaciones que toca: A-075, A-077, A-080. Verificación descargada-y-leida (acceso texto-completo-en-linea), consultada 2026-10-06."
M06-N16,divulgacion,"Paraison, Edwin","El respeto debido a Dessalines (columna de opinión, Acento, 22-X-2014)",2014,es,dominicana,M06,https://acento.com.do/opinion/el-respeto-debido-a-dessalines-8186768.html,texto-completo-en-linea,media,"Edwin Paraison, columnista de Acento; escribe tras el boicot a la conmemoración haitiana de la muerte de Dessalines en la UASD (octubre de 2014) y la emisión de un sello postal con Dessalines (decreto 36-14, 8-X-2014). Fiabilidad media (Posición disidente dominicana (contra el boicot al homenaje a Dessalines en la UASD), con apoyo en Cordero Michel y Price-Mars; sin cita de archivo para la cifra de 500.) Afirmaciones que toca: A-077, A-079, A-080. Verificación descargada-y-leida (acceso texto-completo-en-linea), consultada 2026-10-06."
M06-N17,divulgacion,"Céspedes, Diógenes","Origen de los conflictos domínico-haitianos a través de los discursos históricos-literarios (columna de opinión, Acento, 22-XI-2014)",2014,es,dominicana,M06,https://acento.com.do/opinion/origen-de-los-conflictos-dominico-haitianos-a-traves-de-los-discursos-historicos-literarios-8197674.html,texto-completo-en-linea,media,"Diógenes Céspedes (crítico y ensayista dominicano, según su trayectoria conocida; no verificado en esta ronda). Parte de la tesis de que el antihaitianismo nace de las clases esclavistas dominico-españolas ante la abolición de 1801, y de que 1801 y 1805 fueron ""invasiones"" y 1822 ""unión"". Fiabilidad media (Crítico cultural dominicano que lee 1801 y 1805 como choques entre colonialismo esclavista y revolución; cita a Llenas por Demorizi (p. 187), aunque amplía lo que Llenas dice.) Afirmaciones que toca: A-068, A-079. Verificación descargada-y-leida (acceso texto-completo-en-linea), consultada 2026-10-06."
M06-N18,divulgacion,"Valerio-Holguín, Fernando","Dessalines: el sello postal de la discordia (columna de opinión, Acento, 3-VIII-2020)",2020,es,dominicana,M06,https://acento.com.do/opinion/dessalines-el-sello-postal-de-la-discordia-8845400.html,texto-completo-en-linea,media,"Fernando Valerio-Holguín, escritor y profesor (según la ficha de Acento); reconstruye la polémica por el sello de Dessalines de IMPOSDOM (2014) y la usa para discutir la ""matriz"" del relato de Moca. Fiabilidad media (Columna de un académico que resume con referencias la crítica de fuentes sobre Moca (Utrera, Marte) y la reacción social al sello de 2014.) Afirmaciones que toca: A-077, A-078, A-080. Verificación descargada-y-leida (acceso texto-completo-en-linea), consultada 2026-10-06."
M06-N19,divulgacion,"Tejera, Eduardo J.","De Basilea a la Independencia Dominicana. Grandes Cambios de Soberanía 1795-1844 (discurso de puesta en circulación del libro, Acento, 24-II-2024)",2024,es,dominicana,M06,https://acento.com.do/opinion/de-basilea-a-la-independencia-dominicana-grandes-cambios-de-soberania-1795-1844-9308062.html,texto-completo-en-linea,baja,"Eduardo J. Tejera presenta su libro de 2024; resume 1795-1844 con tesis hispanista (colonia ""tranquila y bucólica"" amenazada por ""hordas negras haitianas""). Fiabilidad baja (Discurso de presentación de un libro, con cifras (58.000 soldados de Leclerc) que contradicen las otras fuentes y adjetivación racial, sin notas.) Afirmaciones que toca: A-077, A-080, A-081, A-082. Verificación descargada-y-leida (acceso texto-completo-en-linea), consultada 2026-10-06."
M06-N20,primaria,Congreso Nacional de la República Dominicana (Cámara de Diputados y Senado),"Proyecto de ley que declara Patrimonio Histórico Nacional el edificio de la Iglesia Parroquial Nuestra Señora del Rosario, la Plaza 2 de Mayo y el segmento norte de la calle 26 de Julio de Moca (Cámara de Diputados 11-XII-2008; Senado 24-II-2009)",2008-2009,es,oficial-rd,M06,https://memoriahistorica.senadord.gob.do/bitstreams/94f8ed05-853e-4040-a0e8-d67357527eed/download,pdf-en-linea,alta,"Proyecto aprobado por la Cámara de Diputados (presidente Julio César Valentín Jiminián, 11-XII-2008) y por el Senado (presidente Reinaldo Pared Pérez, 24-II-2009), conservado en la Memoria Histórica del Senado. Declara patrimonio la iglesia ""edificada en el mismo sitio"" del degüello. [POR VERIFICAR: que fuera promulgado. Fiabilidad alta (Texto legislativo íntegro (con firmas y fechas) que muestra la posición del Estado dominicano sobre Moca como ""exterminio de toda la comunidad"", sin citar fuentes.) Afirmaciones que toca: A-077, A-080. Verificación descargada-y-leida (acceso pdf-en-linea), consultada 2026-10-06."
M06-N21,primaria,Cámara de Diputados de la República Dominicana,"Proyecto de ley que declara el 7 de noviembre de cada año ""Día de Regocijo Provincial"" en la ciudad de Cotuí (Cámara de Diputados, 16-IX-2009)",2009,es,oficial-rd,M06,https://memoriahistorica.senadord.gob.do/bitstreams/c509562b-3f5d-411d-a6ba-c831c1fd7b07/download,pdf-en-linea,alta,"Proyecto aprobado por la Cámara de Diputados el 16-IX-2009 (presidente Julio César Valentín Jiminián) y enviado al Senado; declara fiesta provincial el aniversario de Palo Hincado en Cotuí (cuna de Sánchez Ramírez) y El Seibo. [POR VERIFICAR su aprobación final.]. Fiabilidad alta (Documento legislativo íntegro con sus considerandos, que fija la interpretación estatal de la Reconquista (restitución de la nación, héroe nacional); sin fuentes.) Afirmaciones que toca: A-081. Verificación descargada-y-leida (acceso pdf-en-linea), consultada 2026-10-06."
M06-N22,primaria,"Féliz F., Welnel D. (director del Departamento Técnico de Revisión Legislativa, Senado)",Informe DETEREL 076/2019 del Departamento Técnico de Revisión Legislativa del Senado sobre el proyecto de ley que declara el 7 de noviembre día de júbilo nacional en conmemoración de la Batalla de Palo Hincado (26-III-2019),2019,es,oficial-rd,M06,https://memoriahistorica.senadord.gob.do/bitstreams/2ecdf751-c499-490b-9763-d2ded04b6bcf/download,pdf-en-linea,alta,"Informe del director del Departamento Técnico de Revisión Legislativa, Welnel D. Féliz F., a la Comisión Permanente de Cultura del Senado (26-III-2019, DETEREL 076/2019). Analiza un proyecto de la Cámara de Diputados para declarar el 7 de noviembre día de júbilo nacional. Fiabilidad alta (Informe técnico oficial, firmado, que cita a Cassá y Cordero Michel y llega a la conclusión contraria a la narrativa estatal de 2009; es una disidencia interna del Estado.) Afirmaciones que toca: A-081. Verificación descargada-y-leida (acceso pdf-en-linea), consultada 2026-10-06."
M06-N23,divulgacion,El Día (redacción),"Efemérides Patrias conmemora 214 aniversario de la Batalla de Palo Hincado (nota de prensa, El Día, 7-XI-2022)",2022,es,oficial-rd,M06,https://eldia.com.do/conmemoran-214-aniversario-de-la-batalla-de-palo-hincado/,texto-completo-en-linea,media,"Nota sin firma individual sobre el acto organizado en El Seibo por la Comisión Permanente de Efemérides Patrias, el Ministerio de Defensa, el de Educación, la Gobernación y el Ayuntamiento; incluye frases del presidente de la Comisión, Juan Pablo Uribe. Fiabilidad media (Crónica de un acto oficial con citas de discursos del presidente de la Comisión de Efemérides Patrias, la gobernadora provincial y funcionarios; refleja la narrativa conmemorativa del Estado.) Afirmaciones que toca: A-081. Verificación descargada-y-leida (acceso texto-completo-en-linea), consultada 2026-10-06."
M06-N24,divulgacion,"Castillo, Altagracia","Batalla de Palo Hincado, cuando los criollos vencieron a los franceses (El Día, 7-XI-2013)",2013,es,dominicana,M06,https://eldia.com.do/batalla-de-palo-hincado-cuando-los-criollos-vencieron-los-franceses/,texto-completo-en-linea,baja,"Altagracia Castillo, periodista de El Día; efeméride del 205.º aniversario. Reproduce la narrativa de que los dominicanos ""lucharon por mantener su nacionalidad y por preservar su identidad"". Fiabilidad baja (Nota efeméride de periódico, sin fuentes, que resume la versión escolar de la Reconquista, con errores (Ciriaco ""Sánchez"", Leclerc en 1804).) Afirmaciones que toca: A-081, A-084. Verificación descargada-y-leida (acceso texto-completo-en-linea), consultada 2026-10-06."
M06-N25,primaria,Ministerio de Educación de la República Dominicana (MINERD),"SC 10: La Era de Francia y la Guerra de Reconquista (Evaluación final, Ciencias Sociales, cuarto de primaria; Espacio virtual de soporte para educación no presencial)",s.f. (posterior a 2020),es,oficial-rd,M06,https://ministeriodeeducacion.gob.do/docs/espacio-virtual-de-soporte-para-educacion-no-presencial/E9RB-la-era-de-francias-y-la-reconquista-iipdf.pdf,pdf-en-linea,media,"Hoja de evaluación final de la unidad SC 10 de Ciencias Sociales de 4.º de primaria publicada en el portal del MINERD para educación a distancia (2 pp.). Fiabilidad media (Documento oficial, pero sólo contiene la hoja de evaluación (preguntas); muestra qué temas y personajes fija el currículo, no qué contenido se enseña.) Afirmaciones que toca: A-081, A-084. Verificación descargada-y-leida (acceso pdf-en-linea), consultada 2026-10-06."
M06-N26,secundaria,"Silié Valdez, Rubén","Del ""esclavo feliz"" al olvido de la esclavitud (Ecos, UASD, año XXVI, vol. 1, n.º 17, ene.-jun. 2019, pp. 217-235)",2019,es,dominicana,M06,https://revistas.uasd.edu.do/index.php/ecos/article/download/235/174/177,texto-completo-en-linea,alta,"Rubén Silié Valdez, sociólogo de la UASD, maestría en Historia Económica (EPHE, París), director de la FLACSO y embajador dominicano en Haití y Chile, miembro de la ADH (según la ficha del artículo). Critica el ""esclavo feliz"" y cita a Alberto Despradel y Miguel Reyes, ""La campaña de Santo Domingo. La invasión de Dessalines, 1805"" (mimeo, s.f.). Fiabilidad alta (Artículo arbitrado de un sociólogo e historiador de la UASD y la ADH, ex embajador en Haití; critica con datos la tesis de la esclavitud benigna que usan los textos y la narrativa de 1805.) Afirmaciones que toca: A-068, A-084. Verificación descargada-y-leida (acceso texto-completo-en-linea), consultada 2026-10-06."
M06-N27,divulgacion,"Álvarez Martín, David (cita a Bosch, Juan)","Bosch: Toussaint Louverture (columna de opinión, Acento, 20-XI-2020; con citas de Juan Bosch, vol. X, pp. 159-164)",2020,es,dominicana,M06,https://acento.com.do/opinion/bosch-toussaint-louverture-8884731.html,texto-completo-en-linea,media,"David Álvarez Martín, columnista de Acento. Reproduce a Bosch (vol. X de sus obras, sobre 1795-1802: probable Composición social dominicana o Historia, no se verificó el título) y a Del Monte y Tejada vía Bosch. Fiabilidad media (Columna que transcribe pasajes de Bosch (ed. de obras completas, vol. X) con página, útil para citar la lectura de Bosch sin acceso al tomo; el autor añade tesis propias sobre la ""invasión"".) Afirmaciones que toca: A-067, A-068, A-079, A-082. Verificación descargada-y-leida (acceso texto-completo-en-linea), consultada 2026-10-06."
M06-N28,divulgacion,no identificado (la página no se abrió),"Ferrand, honorable y honrado III (columna de opinión, El Caribe)",s.f.,es,dominicana,M06,https://www.elcaribe.com.do/sin-categoria/ferrand-honorable-honrado-iii/,localizada-bloqueada,baja,"Columna de la serie ""Ferrand, honorable y honrado"" en El Caribe (parte III). Devolvió 403 a curl y WebFetch y no hay copia en la Wayback Machine. Fiabilidad baja (No se pudo leer; sólo el título aparece en un buscador, por lo que no se puede juzgar.) Afirmaciones que toca: A-081, A-084. Verificación fallo-fetch (acceso localizada-bloqueada), consultada 2026-10-06."
M06-N29,primaria,"Louverture, Toussaint; Saint-Rémy, Joseph (ed.)","Mémoires du général Toussaint-L'Ouverture, écrits par lui-même, pouvant servir à l'histoire de sa vie, précédés d'une étude historique par Saint-Rémy (Paris, Pagnerre, 1853)",1853,fr,haitiana,M06,https://archive.org/details/mmoiresdugn00tous | https://archive.org/download/mmoiresdugn00tous/mmoiresdugn00tous_djvu.txt | https://archive.org/details/mmoiresdugnralt00saingoog,texto-completo-en-linea,media,"Memoria escrita por Toussaint en el castillo de Joux (1802-1803) para justificarse ante Bonaparte; Saint-Rémy (Cayes, 1815-1858, abogado haitiano en París) afirma haber obtenido de Desfourneaux una copia y haber hallado el manuscrito original, «todo de la mano del Primero de los Negros», en los Archivos generales de Francia. Fiabilidad media (Memoria justificativa del propio Toussaint (Fort de Joux, 1802) para Bonaparte: primera mano pero autoexculpatoria; la edición de 1853 es de Saint-Rémy y su autenticidad textual (copias) merece cotejo.) Afirmaciones que toca: A-068, A-069. Verificación descargada-y-leida (acceso texto-completo-en-linea), consultada 2026-10-06."
M06-N30,secundaria,"Saint-Louis, Vertus","L'assassinat de Dessalines et le culte de sa mémoire (Revista Brasileira do Caribe, v. 16, n.º 31, jul.-dez. 2015, pp. 95-124)",2015,fr,haitiana,M06,https://cajapio.ufma.br/index.php/rbrascaribe/article/download/4501/2456/14015,pdf-en-linea,alta,"Vertus Saint-Louis, historiador de la Escuela Normal Superior de Puerto Príncipe, publica en una revista brasileña de estudios caribeños (2015) un análisis de por qué fue asesinado Dessalines y de cómo su culto, rehabilitado cuarenta años después, sigue prisionero de la disputa noirista/mulatrista y silencia el papel del comercio extranjero (norteamericano). Fiabilidad alta (Artículo revisado de un historiador haitiano (Escuela Normal Superior de Puerto Príncipe) con notas a Madiou, Ardouin, Schomburg y archivos; crítico a la vez de la visión noirista y de la mulatrista.) Afirmaciones que toca: A-070, A-071, A-082, A-083. Verificación descargada-y-leida (acceso pdf-en-linea), consultada 2026-10-06."
M06-N31,divulgacion,"Lamour, Nekita","Rally 'Round the Flag Myth, Mystery Surrounds History of Haiti's First Banner (Boston Haitian Reporter, junio de 2004; reproducido por Potomitan)",2004,en,haitiana,M06,https://www.potomitan.info/ayiti/lamour/flag.php,texto-completo-en-linea,baja,"Nekita Lamour, educadora y ensayista haitiano-estadounidense (Weston Jesuit School of Theology), publicó el artículo en el Boston Haitian Reporter (junio de 2004) tras el bicentenario de la bandera y lo reproduce Potomitan, sitio de promoción de las culturas y lenguas criollas. Usa Bon Nouvel (mayo de 2003), Madiou, Ardouin y entrevistas, y critica el mito de Catherine Flon. Fiabilidad baja (Artículo de prensa diaspórica de una educadora haitiana (sin arbitraje), que se apoya en una cita de Madiou verificable y en un artículo de la revista criolla Bon Nouvel (2003) que no pude leer.) Afirmaciones que toca: A-070. Verificación descargada-y-leida (acceso texto-completo-en-linea), consultada 2026-10-06."
M06-N32,divulgacion,"Paret, Robert","Robert Paret répond à un historien dominicain (carta abierta a Manuel Núñez, Pétion-Ville, 7-I-2014; Le Nouvelliste, «Pages retrouvées», 10-I-2014)",2014,fr,haitiana,M06;M16,http://lenouvelliste.com/lenouvelliste/article/126023/Robert-Paret-repond-a-un-historien-dominicain.html,texto-completo-en-linea,baja,"Robert Paret, firmante desde Pétion-Ville el 7-I-2014; escribe a Manuel Núñez (escritor, historiador, profesor universitario dominicano) en el contexto de la desnacionalización de dominicanos de ascendencia haitiana y de la polémica sobre Dessalines y Mandela. Publicado en Le Nouvelliste (Opiniones) y recuperado el 10-I-2014. Es una reacción política, no historiografía. Fiabilidad baja (Carta de opinión de un autor haitiano (cuya calidad profesional no consta en la página) respondiendo a Manuel Núñez tras la sentencia TC/0168/13: voz de la doctrina del derecho de Basilea, con un error de fecha evidente.) Afirmaciones que toca: A-067, A-068, A-069, A-079. Verificación descargada-y-leida (acceso texto-completo-en-linea), consultada 2026-10-06."
M06-N33,divulgacion,"Jean-Mary, Stanley (Doudy)","Un révolutionnaire ne saurait oublier Jean-Jacques Dessalines (Le Nouvelliste, 18-X-2012)",2012,fr,haitiana,M06,https://lenouvelliste.com/article/110014/un-revolutionnaire-ne-saurait-oublier-jean-jacques-dessalines,texto-completo-en-linea,baja,"Stanley Jean-Mary (Doudy) publica en la sección de opinión de Le Nouvelliste el 18-X-2012 un texto de homenaje a Dessalines en el aniversario de su muerte (17-X-1806), con tesis de clase: Christophe (élite negra) y Pétion (élite mulata) lo eliminaron porque nacionalizó los bienes de los colonos. Fiabilidad baja (Artículo de opinión de un militante de izquierda haitiano en el aniversario del 17 de octubre; sin aparato crítico pero representativo de la lectura «revolucionaria» de Dessalines (estatal-popular).) Afirmaciones que toca: A-079, A-080, A-083. Verificación descargada-y-leida (acceso texto-completo-en-linea), consultada 2026-10-06."
M06-N34,divulgacion,"Hall, Alin Louis","La contribution de la Péninsule du Sud au processus de création d'Haïti (1 de 2) (Le Nouvelliste, 6-VII-2016)",2016,fr,haitiana,M06,https://www.lenouvelliste.com/article/160684/la-contribution-de-la-peninsule-du-sud-au-processus-de-creation-dhaiti-1-de-2,texto-completo-en-linea,baja,"Alin Louis Hall publica en Le Nouvelliste el 6-VII-2016 un artículo para conmemorar el encuentro Dessalines-Geffrard de 5-VII-1803 en Camp-Gérard (Cayes) y reivindicar el papel del Sur en la guerra de independencia; cita al historiador Michel Hector. Se leyó solo el párrafo inicial pertinente. Fiabilidad baja (Artículo de opinión regional (Sur) que solo se usa por la cita de un historiador universitario (Michel Hector); la nota de origen no consta en el HTML.) Afirmaciones que toca: A-070. Verificación descargada-parcial (acceso texto-completo-en-linea), consultada 2026-10-06."
M06-N35,primaria,"Cambacérès, Sieyès, Revellière-Lépeaux, Daunou, Louvet (du Loiret), Larivière, Merlin (de Douai), Boissy (firmantes); Cantillo, Alejandro del (ed. 1843)","Instrucción del gobierno francés (Comité de Salvación Pública) al agente interino para la parte española de la isla de Santo Domingo (1795), texto español en Cantillo, Tratados..., 1843, pp. 662-665",1795 (instrucción); 1843 (edición),es,francesa,M05;M06,https://archive.org/download/tratadosconveni00cantgoog/tratadosconveni00cantgoog_djvu.txt | https://archive.org/details/tratadosconveni00cantgoog,texto-completo-en-linea,media,"Cantillo la inserta en la nota (2) al art. 9 de Basilea y dice que el Comité de Salvación Pública nombró comisionado a 'Mr. Roume' (secretario Moussay), que pasó por Madrid antes de embarcar y dio a Godoy conocimiento de sus instrucciones. Fiabilidad media (Documento oficial francés íntegro y firmado, pero conocido solo por la versión española de Cantillo (1843), sin indicación de fecha ni de archivo; el original francés no se ha visto.) Afirmaciones que toca: A-067, A-068, A-084. Verificación descargada-y-leida (acceso texto-completo-en-linea), consultada 2026-10-06."
M06-N36,primaria,"Rodríguez Demorizi, Emilio (comp.)","La Era de Francia en Santo Domingo: contribución a su estudio (Academia Dominicana de la Historia, vol. II, Ciudad Trujillo, Editora del Caribe, 1955), recopilación de documentos de 1795-1809",1955,es,dominicana,M05;M06,"http://catalogo.academiadominicanahistoria.org.do/opac-tmpl/files/libros/RodriguezDemoriziEmilio_EraDeFranciaEnSantoDomingo.pdf | http://catalogo.academiadominicanahistoria.org.do/opac-tmpl/files/libros/AcademiaDominicanadelaHistoria_LaeradeFranciaenSantoDomingo1795-1808.pdf (segunda copia, 272 págs.; no cotejada)",pdf-en-linea,media,"Rodríguez Demorizi, secretario de la ADH, reunió documentos de archivos (Archivo de la Catedral, Archivo Nacional de Caracas, Biblioteca Pública de Nueva York, Utrera) con traducciones al español. PDF de 315 págs. escaneado, sin capa de texto: texto obtenido con el OCR integrado de Windows (erratas frecuentes) y 4 páginas cotejadas visualmente. Fiabilidad media (Recopilación documental de la serie de la ADH de 1955 (era de Trujillo), con traducciones del francés por C. Armando Rodríguez y notas del compilador; el valor está en los documentos, el marco del compilador es abiertamente hispanista y antihaitiano.) Afirmaciones que toca: A-067, A-068, A-084. Verificación descargada-parcial (acceso pdf-en-linea), consultada 2026-10-06."
M06-N37,primaria,"Chanlatte, Antoine (general de brigada, comisario del gobierno francés en la parte española)","Chanlatte, Antonio [Antoine]: Al gobierno francés y a todos los amigos de la soberanía nacional y del orden [fechado 9-VI-1800], en La Era de Francia en Santo Domingo, pp. 199-226 (versión española de un original francés del Archivo Nacional de Caracas, copia de Fr. C. de Utrera)",1800 (fecha según Rodríguez Demorizi),es,francesa,M06,http://catalogo.academiadominicanahistoria.org.do/opac-tmpl/files/libros/RodriguezDemoriziEmilio_EraDeFranciaEnSantoDomingo.pdf,pdf-en-linea,media,"Antoine Chanlatte, comisario del gobierno francés en la parte española, escribe a Francia contra Toussaint Louverture para denunciar la presión sobre el agente Roume y la inminente toma de posesión. Publicado por primera vez en Clío XXIII (1936) a partir del Archivo Nacional de Caracas (Utrera, carta del 15-III-1936). Fiabilidad media (Informe de un funcionario francés testigo contemporáneo, pero parcial (acusación contra Toussaint) y conservado en una traducción española de Utrera que, según él mismo, 'adolece de infames galicismos' y fue corregida.) Afirmaciones que toca: A-068, A-084. Verificación descargada-parcial (acceso pdf-en-linea), consultada 2026-10-06."
M06-N38,primaria,"Lyonnet, Pierre (agente forestal francés)","Lyonnet, [Pierre]: Statistique de la partie espagnole de Saint-Domingue (París, Giguet et Michaud, [1800 según la portada impresa en la copia de RD]), en versión española de C. A. Rodríguez, en La Era de Francia en Santo Domingo, pp. 107-198",1800 [fecha de portada; POR VERIFICAR: el texto habla de la paz restituida y de visitas hasta c. 1802],es,francesa,M05;M06,http://catalogo.academiadominicanahistoria.org.do/opac-tmpl/files/libros/RodriguezDemoriziEmilio_EraDeFranciaEnSantoDomingo.pdf,pdf-en-linea,media,"Pierre Lyonnet, agente forestal (veuf, 39 años), salió de Brest el 18-II-1798 y llegó a Santo Domingo el 27-III-1798 (según Michel 1929, cit. por RD); fue enviado dos veces por el ministerio de Marina y regresó a Francia hacia 1803. Su folleto de 56 págs. Fiabilidad media (Observador francés que recorrió el territorio dos veces y hablaba español, pero funcionario de la marina que escribe para promover la explotación francesa; las cifras son estimaciones.) Afirmaciones que toca: A-067, A-068, A-084. Verificación descargada-parcial (acceso pdf-en-linea), consultada 2026-10-06."
M06-N39,primaria,"Prado, Pedro Francisco (doctor)","Prado, Pedro Francisco: La Iglesia y la invasión de Toussaint (certificación a favor de Fr. José Soler y Quirós, 1803), en Rodríguez Demorizi, Invasiones haitianas (1955), pp. 85-92",1803,es,dominicana,M06,http://catalogo.academiadominicanahistoria.org.do/opac-tmpl/files/libros/RodriguezDemoriziEmilio_InvasionesHaitianasDe18011805Y1822.pdf,pdf-en-linea,media,"Escrito del doctor Pedro Francisco Prado, certificando los méritos de Fr. José Soler y Quirós, prior del convento de Predicadores de Santo Domingo, ante la 'invasión' de Toussaint y la llegada de los franceses (1801-1802). RD la copió de Fr. Cipriano de Utrera. Fiabilidad media (Certificación contemporánea (1803) de un eclesiástico testigo para elogiar al prelado dominico; fuente interesada y parcial, pero escrita a menos de tres años de los hechos.) Afirmaciones que toca: A-068, A-084. Verificación descargada-y-leida (acceso pdf-en-linea), consultada 2026-10-06."
M06-N40,primaria,"Heredia y Mieses, José Francisco de","Heredia y Mieses, José Francisco de: Informe presentado al Muy Ilustre Ayuntamiento de Santo Domingo, capital de la Isla Española, en 1812, en Rodríguez Demorizi, Invasiones haitianas (1955), pp. 161-172 (copia del manuscrito de la Biblioteca Nacional de Cuba, 'manuscritos de Morillas')",1812,es,dominicana,M06;M07,http://catalogo.academiadominicanahistoria.org.do/opac-tmpl/files/libros/RodriguezDemoriziEmilio_InvasionesHaitianasDe18011805Y1822.pdf,pdf-en-linea,media,"José Francisco Heredia y Mieses (Santo Domingo, 10-XII-1776 a México, 31-X-1820, según la n. 82 de RD), jurista; salió de Santo Domingo el 18-I-1801 huyendo de Toussaint (según Briceño Iragorry, cit. por RD) y en 1812 informa al Ayuntamiento de la capital (su cargo en 1812 y su carrera posterior en Caracas y México son [POR VERIFICAR]). Fiabilidad media (Informe oficial contemporáneo (siete años después) de un jurista dominicano emigrado y reincorporado, que escribe al Ayuntamiento para pedir mejoras; da cifras sin citar fuente.) Afirmaciones que toca: A-067, A-075, A-076, A-077, A-078, A-081. Verificación descargada-y-leida (acceso pdf-en-linea), consultada 2026-10-06."
M06-N41,primaria,"Guillermin, Gilbert (chef d'escadron attaché à l'état-major)","Guillermin, Gilbert: Précis historique des derniers événemens de la partie de l'Est de Saint-Domingue, depuis le 10 août 1808 jusqu'à la capitulation de Santo-Domingo, avec des notes historiques, politiques et statistiques sur cette partie, París, Arthus Bertrand, 1811",1811,fr,francesa,M06,https://archive.org/download/prcishistoriqu00guil/prcishistoriqu00guil_djvu.txt | https://archive.org/details/prcishistoriqu00guil | https://beta-omk.manioc.org/files/original/13180/MMC16053.pdf (58 MB; descarga cortada varias veces: no leído) | https://www.manioc.org/notice-download/14205 (plano que acompaña a la obra; abierto con 200),texto-completo-en-linea,media,"Gilbert Guillermin, jefe de escuadrón agregado al estado mayor del general Barquier, escribe el relato del levantamiento de 1808 y del sitio de nueve meses; inserta 'en entier' la convención de evacuación del 6-7 de julio de 1809, cartas de Ferrand, de Sánchez Ramírez y del padre Carré, y notas sobre la población y la economía. Fiabilidad media (Relato de un oficial del estado mayor de la guarnición sitiada, publicado dos años después y con documentos íntegros (convención, cartas); parte interesada y fuente única francesa para el sitio de 1808-1809.) Afirmaciones que toca: A-081. Verificación descargada-parcial (acceso texto-completo-en-linea), consultada 2026-10-06."
M06-N42,primaria,"Carmichael, Hugh Lyle; Cumby, William Price; Rowley, B. S.; Barquier, Joseph; Sánchez Ramírez, Juan (firmantes); The London Gazette (impresor oficial)","The London Gazette, n.º 16294, pp. 1413-1421 (septiembre de 1809): despacho del mayor general Hugh Lyle Carmichael a lord Castlereagh (San Carlos, 6-VII-1809), Articles of Capitulation for the Surrender of the City of Santo Domingo (6/7-VII-1809) y despachos de Rowley y Cumby",1809,en,internacional,M06,https://thegazette.co.uk/London/issue/16294/page/1418/data.pdf | https://thegazette.co.uk/London/issue/16294/page/1414/data.pdf | https://thegazette.co.uk/London/issue/16294/page/1417/data.pdf | https://thegazette.co.uk/London/issue/16294/page/1419/data.pdf | https://thegazette.co.uk/London/issue/16294/page/1420/data.pdf | https://thegazette.co.uk/London/issue/16294/page/1421/data.pdf | https://www.thegazette.co.uk/London/issue/16294,pdf-en-linea,alta,"Despachos del comandante británico de la fuerza expedicionaria enviada desde Jamaica (sale el 7-VI-1809, desembarca en Palenque el 28-VI, se sitúa en San Carlos el 30-VI) y del comodoro Cumby, publicados por el Almirantazgo (el pie del Admiralty-Office lleva fecha del 5-IX-1809; la fecha exacta del número 16294 no se verificó). Fiabilidad alta (Boletín oficial británico que publica los despachos y la convención íntegros firmados por las tres partes; OCR de PDF con erratas en nombres propios ('Sanchez' sale como 'Haulerez').) Afirmaciones que toca: A-081. Verificación descargada-y-leida (acceso pdf-en-linea), consultada 2026-10-06."
M06-N43,primaria,"Rainsford, Marcus (captain, 3rd West India Regiment)","Rainsford, Marcus: An Historical Account of the Black Empire of Hayti (Londres, Albion Press, 1805), Appendix n.º XV: 'A Proclamation. Jean Jacques Dessalines, Governor-General, to the Inhabitants of Hayti' (28-IV-1804), pp. 447-451",1805,en,internacional,M06,https://archive.org/download/historicalaccoun00rain/historicalaccoun00rain_djvu.txt | https://archive.org/details/historicalaccoun00rain,texto-completo-en-linea,media,"Marcus Rainsford, oficial británico que conoció Haití en 1799 y la corte de Christophe, publicó en 1805 en Londres un relato favorable a los negros con un apéndice de documentos traducidos del francés. Fiabilidad media (Traducción inglesa contemporánea de la proclama (publicada un año después), hecha por un oficial británico simpatizante de la causa negra; no es el original y el apéndice rotula mal el documento.) Afirmaciones que toca: A-071, A-072, A-073. Verificación descargada-parcial (acceso texto-completo-en-linea), consultada 2026-10-06."
M06-N44,primaria,"Louverture, Toussaint; Deive, Carlos Esteban (compilador)","Toussaint Louverture: 101 escritos de Toussaint Louverture (comp. y trad. Carlos Esteban Deive), Santo Domingo, Archivo General de la Nación, 2019: n.º 76 (comunicado a García, 28-I-1801), n.º 77 (anuncio a los habitantes, 1-II-1801), n.º 81 (proclama a los habitantes de la ex parte española, 8-II-1801)",1801 (documentos); 2019 (compilación),es,haitiana,M06,https://catalogo.academiadominicanahistoria.org.do/opac-tmpl/files/libros/EstebanDeive-Carlos-101EscritosdeToussaintLouverture.pdf,pdf-en-linea,media,"Carlos Esteban Deive (1935-2019), historiador hispano-dominicano, reunió 101 escritos de Toussaint en español (AGN, 2019); el PDF (152 MB, 220 págs.) tiene capa de texto con erratas ('iiiotivo', 'qiie'). Los n.º 76-85 son de enero-marzo de 1801, en Santo Domingo. La traducción no indica el original; cotejar con Ardouin (1853, F-0107) para el texto francés. Fiabilidad media (Documentos de Toussaint traducidos al español en una compilación moderna cuya fuente francesa de cada pieza no se indica en el texto leído; OCR del PDF con erratas.) Afirmaciones que toca: A-067, A-068. Verificación descargada-parcial (acceso pdf-en-linea), consultada 2026-10-06."
M06-N45,primaria,"Lacroix, Pamphile de (general, oficial de la expedición de Leclerc)","Lacroix, Pamphile de: Mémoires pour servir à l'histoire de la révolution de Saint-Domingue, t. II (París, Pillet aîné, 1819), pp. 18-21: toma de posesión de la parte española (7 pluviôse an IX = 27-I-1801)",1819,fr,francesa,M06,https://archive.org/download/mmoirespourser02lacr/mmoirespourser02lacr_djvu.txt | https://archive.org/details/mmoirespourser02lacr | https://archive.org/download/mmoirespourser01lacr/mmoirespourser01lacr_djvu.txt (tomo I),texto-completo-en-linea,media,"Pamphile de Lacroix (1774-1842), oficial de ingenieros y general, sirvió en la expedición de Leclerc; sus Mémoires (1819) están entre las primeras historias francesas de la revolución. Para la toma de posesión cita el 'Procès-verbal de la prise de possession de la partie espagnole, du 7 pluviôse an IX (27 janvier)' (nota 1 de la p. Fiabilidad media (Memorias de un general francés de la expedición (1802-1803), escritas 16 años después; para 1801 se basa en documentos y en referencias de segunda mano, con visión retrospectiva favorable a la 'prosperidad' que trajo Toussaint.) Afirmaciones que toca: A-068. Verificación descargada-parcial (acceso texto-completo-en-linea), consultada 2026-10-06."
M06-N46,primaria,"Sonthonax, Léger-Félicité (commissaire civil)","Proclamation de Léger-Félicité Sonthonax du 29 août 1793 (émancipation des esclaves de la province du Nord de Saint-Domingue), en la Digithèque MJP",1793,fr,francesa,M06,https://mjp.univ-perp.fr/constit/ht1793.htm,texto-completo-en-linea,alta,"Proclama del comisario civil Sonthonax, fechada en el Cap el 29-VIII-1793, que declara libres a los 'nègres et sang-mêlés' de la provincia del Norte con un régimen de trabajo (cultivadores obligados a permanecer en las haciendas; un tercio de los ingresos para ellos). Emitida para ganar a los insurgentes frente a la amenaza española y británica. Fiabilidad alta (Texto íntegro de la proclama, reproducido por MJP de un ejemplar de la Brown University (ortografía original conservada).) Afirmaciones que toca: A-068, A-082. Verificación descargada-y-leida (acceso texto-completo-en-linea), consultada 2026-10-06."
M06-N47,primaria,Convention nationale (Francia),"Décret n.º 2262 de la Convention nationale du 16 pluviôse an II (4 de febrero de 1794) qui abolit l'esclavage des Nègres dans les colonies, en la Digithèque MJP",1794,fr,francesa,M06,https://mjp.univ-perp.fr/france/1794esclavage.htm,texto-completo-en-linea,alta,"Decreto de la Convención de 16 pluviôse an II (4-II-1794), votado al día siguiente de admitir a los seis diputados de Saint-Domingue; abolió la esclavitud 'dans toutes les colonies' y declaró ciudadanos franceses a todos los hombres domiciliados en ellas. La parte española de la isla no era colonia francesa en ese momento (se cedió en 1795). Fiabilidad alta (Texto íntegro de tres líneas del decreto; la ficha MJP lo reproduce con comentario editorial.) Afirmaciones que toca: A-082. Verificación descargada-y-leida (acceso texto-completo-en-linea), consultada 2026-10-06."
M06-N48,primaria,Gobierno consular de Francia (Bonaparte),"Loi du 30 floréal an X (20 de mayo de 1802) relative à la traite des noirs et au régime des colonies, en la Digithèque MJP",1802,fr,francesa,M06,https://mjp.univ-perp.fr/france/1802esclavage.htm,texto-completo-en-linea,alta,"Ley consular de 30 floréal an X (20-V-1802) que mantiene la esclavitud en las colonias devueltas por el tratado de Amiens (Martinica, Santa Lucía, Tobago) y en las situadas más allá del Cabo de Buena Esperanza, restablece la trata y somete el régimen colonial durante diez años a los reglamentos del Gobierno. Fiabilidad alta (Texto íntegro de cuatro artículos.) Afirmaciones que toca: A-082. Verificación descargada-y-leida (acceso texto-completo-en-linea), consultada 2026-10-06."
M06-N49,secundaria,"Pinto Tortosa, Antonio Jesús","Una colonia en la encrucijada: Santo Domingo, entre la revolución haitiana y la Reconquista española, 1791-1809 (tesis doctoral, Universidad Complutense de Madrid, 2012; antecedente de Santo Domingo: una colonia en la encrucijada, 1790-1820, AGN, 2022)",2012,es,espanola,M06;M07,https://docta.ucm.es/rest/api/core/bitstreams/c7ba41e0-41ed-4681-b72d-e0dc95508e56/content | https://dialnet.unirioja.es/descarga/tesis/121461.pdf | https://hdl.handle.net/20.500.14352/48311 (Docta Complutense) | https://produccioncientifica.ucm.es/documentos/5d1df61c29995204f76619f6 | https://hdl.handle.net/20.500.14352/48311 | https://docta.ucm.es/handle/20.500.14352/48311 | https://revistas.ucm.es/index.php/RCHA/article/view/95851,pdf-en-linea,alta,"Antonio Jesús Pinto Tortosa (Univ. Complutense, defensa 20-III-2012; hoy en la Univ. de Málaga) escribe desde la historiografía española de la 'era de las revoluciones' con tesis explícita: los dominicanos siguieron ligados a España tras Basilea y la Reconquista de 1808-1809 fue un episodio de la Guerra de Independencia española. Fiabilidad alta (Tesis doctoral de la Complutense (dirs. Roldán de Montaud y Hernández Sandoica) con notas por legajo del AGI, AHN, AGS, TNA y NARA; las páginas 216-259 (Toussaint, Leclerc y Dessalines) están en inglés y las 260-318 (Reconquista) en español; la autoría es del mismo especialista que firma la edición de 2022 del AGN.) Afirmaciones que toca: A-067, A-068, A-069, A-072, A-074, A-075, A-076, A-077, A-078, A-079, A-081, A-082, A-084, A-085. Verificación descargada-y-leida (acceso pdf-en-linea), consultada 2026-10-06."
M06-N50,primaria,"Dubroca, Louis; traductor D. M. M. C.","Dubroca, Louis: Vida de J. J. Dessalines, gefe de los negros de Santo Domingo, con notas muy circunstanciadas sobre el origen, carácter y atrocidades de los principales gefes de los negros desde el principio de la insurrección en 1791, traducida del francés por D. M. M. C., Madrid, Imprenta Real, 1805",1805 (traducción española; original francés de 1804),es,francesa,M06,https://catalogo.academiadominicanahistoria.org.do/opac-tmpl/files/libros/Dubioca-Louis_VidadeJJDessalines_1805.pdf,pdf-en-linea,baja,"Panfleto de Louis Dubroca (publicista francés conocido por su 'Vie de Toussaint-Louverture', 1802) sobre Dessalines, traducido y editado por la Imprenta Real de Madrid en 1805, es decir, en plena guerra. Repite la imagen del 'monstruo' africano; hace de Toussaint y de su sucesor tiranos sedientos de sangre. PDF de 141 págs. con capa de texto parcial. Fiabilidad baja (Panfleto antihaitiano de propaganda napoleónica sobre la vida de Dessalines, de un autor que vivía de la prensa bonapartista; sirve como fuente del discurso europeo, no del hecho.) Afirmaciones que toca: A-067, A-068. Verificación descargada-parcial (acceso pdf-en-linea), consultada 2026-10-06."
M06-N51,secundaria,"Moscoso, Francisco","Moscoso, Francisco: La Reconquista de Santo Domingo y la solidaridad de Puerto Rico, 1808-1809 (Academia Dominicana de la Historia, vol. 159, Santo Domingo, 2021), pp. 23-35",2021,es,internacional,M06,https://catalogo.academiadominicanahistoria.org.do/opac-tmpl/files/libros/Moscoso-Francisco-LaReconquistadeSantoDomingoylaSolidaridaddePR.pdf,pdf-en-linea,media,"Francisco Moscoso (historiador puertorriqueño) escribe para la ADH un libro sobre el apoyo de Puerto Rico a la Reconquista (1808-1809). Fiabilidad media (Estudio académico del historiador puertorriqueño con notas a archivos (AGPR, AGI) y a Rodríguez Demorizi; la parte leída (introducción, pp. 23-35) es síntesis con juicios interpretativos fuertes.) Afirmaciones que toca: A-067, A-074, A-082, A-084. Verificación descargada-parcial (acceso pdf-en-linea), consultada 2026-10-06."
M06-N52,secundaria,"Pinto Tortosa, Antonio Jesús","El primer tropiezo histórico de Bonaparte: la reconquista de Santo Domingo (Cuadernos de Historia Contemporánea 37, pp. 179-200)",2015,es,espanola,M06;M07,https://revistas.ucm.es/index.php/CHCO/article/download/50991/47328/91934 | https://doi.org/10.5209/rev_CHCO.2015.v37.50991,pdf-en-linea,alta,"Antonio J. Pinto (Universidad Europea de Madrid; luego Universidad de Málaga), especialista en la Revolución haitiana y Santo Domingo; argumenta que, tras Basilea, los dominicanos siguieron ligados a España y que la Reconquista se parece a la Guerra de Independencia española. Fiabilidad alta (Artículo revisado con fuentes de AHN, TNA y los diarios de Sánchez Ramírez y Guillermin; las cifras de batalla vienen de testigos de cada bando y se presentan con su nota.) Afirmaciones que toca: A-067, A-081. Verificación descargada-y-leida (acceso pdf-en-linea), consultada 2026-10-06."
M06-N53,secundaria,"Belmonte Postigo, José Luis","Una encrucijada incierta. Independentismo, anexionismo y abolición de la esclavitud en Santo Domingo, 1809-1821",2015,es,espanola,M06;M07,https://www.redalyc.org/pdf/855/85536228009.pdf,pdf-en-linea,media,"José Luis Belmonte Postigo (Universidad Pablo de Olavide; doctor 2007) estudia la esclavitud en la América colonial. El artículo (Memorias 25, ene.-abr. 2015, pp. 209-241) trata 1809-1821 y dedica su introducción a resumir Basilea, 1801, Leclerc, Ferrand, Dessalines 1805 y la Reconquista, con notas a Nessler 2012 y Marte 2011. Fiabilidad media (Artículo revisado por pares (Memorias, Univ. del Norte, Barranquilla) con archivo AGI; la parte sobre 1795-1809 es un resumen introductorio que remite a Marte, Nessler y Laviña.) Afirmaciones que toca: A-067, A-068, A-076, A-079, A-081, A-082, A-084. Verificación descargada-y-leida (acceso pdf-en-linea), consultada 2026-10-06."
M06-N54,secundaria,"Jenson, Deborah",Dessalines's American Proclamations of the Haitian Independence,2009,en,internacional,M06,https://dukespace.lib.duke.edu/server/api/core/bitstreams/052ee26b-6587-4c8c-b1cf-e4013639981b/content | https://dukespace.lib.duke.edu/items/58ee4d1d-5c50-4719-be89-c546a3c3f3e0/full,pdf-en-linea,alta,"Deborah Jenson (Duke University; codirige el FHI Haiti Lab) reconstruye cómo se publicaron en la prensa estadounidense de 1804-1806 las proclamas de Dessalines (29-XI-1803, Acta del 1-I-1804, 'I Have Avenged America' del 28-IV-1804) y qué secretarios las firmaron; el número lleva fecha 2009 y paginación 72-102 (el depósito de Duke da 2010). Fiabilidad alta (Artículo revisado por pares del Journal of Haitian Studies 15 (nos. 1-2), con la lista de periódicos estadounidenses de 1804 que publicaron cada proclama.) Afirmaciones que toca: A-071, A-073, A-083. Verificación descargada-y-leida (acceso pdf-en-linea), consultada 2026-10-06."
M06-N55,secundaria,"Jenson, Deborah",Jean-Jacques Dessalines and the African Character of the Haitian Revolution (Sources and Interpretations),2012,en,internacional,M06,https://dukespace.lib.duke.edu/server/api/core/bitstreams/51c327a5-3ab3-41b8-b794-8f5806851c47/content | https://dukespace.lib.duke.edu/items/ff604bae-f148-4084-94b3-510549c07d83/full,pdf-en-linea,alta,"Deborah Jenson (Duke) discute el lugar de nacimiento africano de Dessalines con fuentes contemporáneas (Dubroca 1804 y la edición mexicana de 1806, Lemonnier-Delafosse, Mauviel, Métral). Interesa a M06 por referencias laterales a Santo Domingo. Fiabilidad alta (Artículo revisado por pares de William and Mary Quarterly 69:3, pp. 615-638, con fuentes primarias francesas, estadounidenses y españolas citadas al pie.) Afirmaciones que toca: A-084, A-085. Verificación descargada-y-leida (acceso pdf-en-linea), consultada 2026-10-06."
M06-N56,secundaria,"Gaffield, Julia","I Have Avenged America: Jean-Jacques Dessalines and Haiti's Fight for Freedom (extracto, pp. 172-178, publicado por el Museum of the American Revolution)",2025,en,internacional,M06,https://www.amrevmuseum.org/read-the-revolution/i-have-avenged-america-jean-jacques-dessalines-and-haiti-s-fight-for-freedom,fragmento-busqueda,alta,"Julia Gaffield (William & Mary), que halló en 2010 la copia impresa del Acta en Kew, publica en Yale UP (2025) la primera biografía académica de Dessalines; el museo publicó el extracto el 21-I-2026. El pasaje trata el 1-I-1804 en Gonaïves: el nombre 'Hayti', el Acta, el 'ejército indígena' y la política de defensa. Fiabilidad alta (Extracto de una biografía de Yale University Press de la editora de la edición crítica del Acta de 1804; solo se leyeron 7 páginas del libro.) Afirmaciones que toca: A-070, A-072, A-073, A-083. Verificación descargada-parcial (acceso fragmento-busqueda), consultada 2026-10-06."
M06-N57,secundaria,"Girard, Philippe R.","The Slaves Who Defeated Napoléon: Toussaint Louverture and the Haitian War of Independence, 1801-1804",2011,en,internacional,M06,https://books.google.com/books?id=03XSP22p3kgC,fragmento-busqueda,alta,"Philippe R. Girard escribe una historia militar y política de la guerra de independencia desde el punto de vista del ejército francés y de Bonaparte, con tesis revisionistas sobre la política de emancipación napoleónica y sobre Dessalines. Fiabilidad alta (Monografía de University of Alabama Press con archivos del SHD, AN, ANOM, BNA y papeles Rochambeau (Univ. of Florida) citados por caja; solo se leyeron fragmentos de búsqueda.) Afirmaciones que toca: A-068, A-070, A-071, A-072, A-073, A-075, A-079, A-081, A-082, A-083, A-085. Verificación descargada-parcial (acceso fragmento-busqueda), consultada 2026-10-06."
M06-N58,secundaria,"Jenson, Deborah","Beyond the Slave Narrative: Politics, Sex, and Manuscripts in the Haitian Revolution",2011,en,internacional,M06,https://books.google.com/books?id=UF6xgqsY-kUC,fragmento-busqueda,alta,"Deborah Jenson (Duke) estudia la 'autoría' de las proclamas haitianas y su recepción en la prensa de EE.UU. Es la única obra leída que cita en francés el texto del arrêté de Ferrand del 6-I-1805 (CARAN CC9a/40) y que lee explícitamente a Dessalines en 1805 dirigiéndose a los 'indigènes espagnoles' como descendientes de los indios. Escribe desde los estudios literarios. Fiabilidad alta (Monografía de Liverpool University Press con fuentes de los Archives nationales (CARAN AF III 210; CC9a/40) y prensa estadounidense de 1804-1806 citadas por fecha; solo se leyeron fragmentos de búsqueda.) Afirmaciones que toca: A-071, A-072, A-073, A-074, A-079, A-081, A-084, A-085. Verificación descargada-parcial (acceso fragmento-busqueda), consultada 2026-10-06."
M06-N59,primaria,"Gaffield, Julia","Trading with Saint-Domingue will be Punished by Death (entrada del blog 'Haiti and the Atlantic World', con la ordenanza de Ferrand del 5-II-1805)",2014,en,internacional,M06,https://haitidoi.com/2014/03/16/trading-with-saint-domingue-will-be-punished-by-death/,texto-completo-en-linea,alta,"Julia Gaffield publica el 16-III-2014 una ordenanza de Ferrand del 16 pluviôse año XIII (5-II-1805) que penaba con la muerte el comercio con los 'revoltosos de Saint-Domingue', con su traducción y una nota sobre cómo los gobernadores de Santo Tomás y Curaçao la aplicaron. Es primaria impresa (copia danesa) y no es el decreto del 6 de enero. Fiabilidad alta (Edición y traducción de una ordenanza primaria (copia de los Archivos Nacionales de Dinamarca) por la editora del Acta de 1804; breve y con la ficha del archivo.) Afirmaciones que toca: A-070, A-079, A-084. Verificación descargada-y-leida (acceso texto-completo-en-linea), consultada 2026-10-06."
M06-N60,secundaria,"Popkin, Jeremy D.",You Are All Free: The Haitian Revolution and the Abolition of Slavery,2010,en,internacional,M06,https://books.google.com/books?id=U8IHym0hoQwC,fragmento-busqueda,alta,"Jeremy Popkin reconstruye la cadena de decisiones que condujo a la abolición de 1793-1794 y a su reversión por Bonaparte; es citado por Ulrickson y Nessler como referencia de la emancipación francesa. Fiabilidad alta (Monografía de Cambridge UP sobre el proceso legislativo y militar de la abolición de 1793-1794, con notas por documento; solo se leyó un fragmento.) Afirmaciones que toca: A-082. Verificación descargada-parcial (acceso fragmento-busqueda), consultada 2026-10-06."
M06-N61,secundaria,"Gonzalez, Johnhenry","Dessalines' 1805 Invasion of the East (diapositiva de la exposición Island Luminous, FIU/dLOC)",2012,en,internacional,M06;M08,https://islandluminous.fiu.edu/part03-slide08.html,texto-completo-en-linea,media,"Johnhenry Gonzalez, recién doctorado por la Univ. of Chicago y becario posdoctoral en Duke, escribió esta diapositiva para la exposición digital Island Luminous (FIU/dLOC), con su tesis sobre 'The War on Sugar' (2012). Resume el sitio de Santo Domingo, la quema de las poblaciones del Cibao y la captura de más de mil 'espagnols'. Fiabilidad media (Texto breve de divulgación académica (una diapositiva) de un doctor en historia por Chicago, sin notas; coincide con su libro de 2019 (F-0153).) Afirmaciones que toca: A-075, A-076, A-077, A-079. Verificación descargada-y-leida (acceso texto-completo-en-linea), consultada 2026-10-06."
M06-N62,secundaria,"Picó, Fernando","One Frenchman, Four Revolutions: General Ferrand and the Peoples of the Caribbean",2011,en,internacional,M06;M07,https://markuswiener.com/books/one-frenchman-four-revolutions-general-ferrand-and-the-peoples-of-the-caribbean-3/,bajo-derechos,alta,"Fernando Picó (University of Puerto Rico, según la ficha editorial) publica en Markus Wiener (2011) un estudio sobre Ferrand (muerto en la campaña de 1808). Estudia el gobierno de Ferrand en Santo Domingo y las revoluciones que le tocaron vivir. Escribe desde la historia puertorriqueña (Puerto Rico apoyó la Reconquista de 1808-1809, según Yingling, Eller y Pinto). Fiabilidad alta (Monografía de un historiador puertorriqueño de referencia (Univ. de Puerto Rico), citada por Nessler (p. 192, 260), Yingling (tesis p. 614, 619) y Ulrickson (p. 113) como estudio de Ferrand y de su gobierno; solo se leyó la ficha editorial.) Afirmaciones que toca: A-074, A-081, A-084. Verificación solo-localizada (acceso bajo-derechos), consultada 2026-10-06."
M06-N63,secundaria,"Martínez Peria, Juan Francisco",“Es el General Toussaint un usurpador de la autoridad de la república francesa”: El impacto de la ocupación de Santo Domingo en Venezuela (1801),2018,es,internacional,M06,https://www.upo.es/revistas/index.php/americania/article/download/3367/2776 | https://www.upo.es/revistas/index.php/americania/es/article/view/3367,pdf-en-linea,alta,"Juan Francisco Martínez Peria (CONICET-Universidad de Buenos Aires; posdoctorado) analiza, con fuentes inéditas de Caracas, Maracaibo y Sevilla, cómo la ocupación de Santo Domingo por Toussaint (enero de 1801) fue vivida en Venezuela: llegada de exiliados dominicanos y de los delegados franceses Chanlatte y Kerversau, temor de las élites y esperanza de pardos y esclavos. Fiabilidad alta (Artículo revisado por pares (Americanía, Univ. Pablo de Olavide, acceso abierto) basado en documentos del AGI (Estado 60-61) y del AGN de Venezuela citados por legajo y folio, con las cifras de emigrados dadas por el funcionario que las contó (Miyares).) Afirmaciones que toca: A-067, A-068. Verificación descargada-y-leida (acceso pdf-en-linea), consultada 2026-10-06."
M06-N64,cientifica,"Geggus, David","Yellow Fever in the 1790s: The British Army in Occupied Saint Domingue (Medical History 23, pp. 38-58)",1979,en,cientifica,M06,https://www.cambridge.org/core/services/aop-cambridge-core/content/view/S0025727300051012 | https://doi.org/10.1017/S0025727300051012 | https://pmc.ncbi.nlm.nih.gov/articles/pmid/368468/,pdf-en-linea,alta,"David Geggus, entonces investigador junior en Wolfson College (Oxford), escribe en 1979 para la historia de la medicina; estudia la mortalidad de las tropas británicas que ocuparon parte de Saint-Domingue en 1793-1798 con fuentes británicas (hojas de revista militar, registros de hospital, cartas), no con archivos franceses ni haitianos. Fiabilidad alta (Artículo revisado por pares de la autoridad principal en la materia, con cifras reconstruidas a partir de los registros del ejército y de la marina británicos (PRO WO, ADM) y comparación con las estimaciones previas.) Afirmaciones que toca: A-082. Verificación descargada-y-leida (acceso pdf-en-linea), consultada 2026-10-06."
M06-N65,cientifica,"Geggus, David","Kongomania Redux, The Haitian Revolution: David Geggus Responds to John Thornton, Christina Mobley, and James Sweet (The Americas 81:2, pp. 285-296)",2024,en,cientifica,M05;M06,https://www.cambridge.org/core/services/aop-cambridge-core/content/view/C8EAA581C2D7EBF4E929B0EE3957867D/S000316152300086Xa.pdf/kongomania-redux-the-haitian-revolution-david-geggus-responds-to-john-thornton-christina-mobley-and-james-sweet.pdf | https://doi.org/10.1017/tam.2023.86,pdf-en-linea,alta,"David Geggus (University of Florida, profesor emérito) responde en 2024 a Thornton, Mobley y Sweet sobre su artículo «Kongomania and the Haitian Revolution»; se apoya en su base de datos de inventarios de plantaciones y en la base de la trata. Fiabilidad alta (Réplica revisada y en acceso abierto (CC BY) del autor de la base de población de esclavizados de Saint-Domingue 1770-1791; es parte interesada en un debate, y sus cifras son estimaciones con muestras declaradas.) Afirmaciones que toca: A-082. Verificación descargada-y-leida (acceso pdf-en-linea), consultada 2026-10-06."
M06-N66,secundaria,"García Álvarez, Alejandro","Los primeros tiempos de Cuba en la ruta antillana del café (Revista de Indias 75, n.º 263, pp. 117-148)",2015,es,internacional,M06,https://revistadeindias.revistas.csic.es/index.php/revistadeindias/article/download/982/1056/1476 | https://doi.org/10.3989/revindias.2015.006,pdf-en-linea,alta,"Alejandro García Álvarez (Universidad de La Habana; Academia de la Historia de Cuba) estudia el café en Cuba; en una nota resume las estimaciones del número de colonos franceses y de Santo Domingo llegados a Cuba tras la Revolución haitiana. Su objeto es económico, no el éxodo. Fiabilidad alta (Artículo revisado de un historiador de la economía cubana, con aparato crítico; la nota sobre los inmigrantes recoge y contrasta estimaciones de varios autores en lugar de imponer una.) Afirmaciones que toca: A-067. Verificación descargada-y-leida (acceso pdf-en-linea), consultada 2026-10-06."
M06-N67,cientifica,"Mareite, Thomas","A Benevolent Empire? Exile, Politics of Relief, and Subjecthood in Havana (1790-1810) (Itinerario 50, pp. 281-298)",2026,en,internacional,M06,https://www.cambridge.org/core/services/aop-cambridge-core/content/view/52CF82CF4B0F62ABC2C160585E22B664 | https://doi.org/10.1017/S0165115326100394 | https://ageofrevolutions.com/2023/06/12/emigrados-the-many-meanings-of-exile-from-hispaniola-to-cuba/ | https://conservancy.umn.edu/server/api/core/bitstreams/a72c4af3-bd93-485a-8dee-6a7a95a3f310/content,pdf-en-linea,alta,"Thomas Mareite (EHESS; luego Tübingen y Duisburg-Essen) estudia el socorro a los exiliados de la Española en La Habana en 1790-1810 con documentos de los capitanes generales y la Junta de Emigrados. Escribe para la historia atlántica; no distingue entre emigrados blancos y libres de color en las cifras agregadas, salvo cuando lo señala. Fiabilidad alta (Artículo revisado, abierto, basado en el Archivo General de Indias (Estado, Cuba) y en informes de la Contaduría General; las cifras de emigrados son estimaciones («al menos») con las signaturas citadas.) Afirmaciones que toca: A-067, A-068. Verificación descargada-y-leida (acceso pdf-en-linea), consultada 2026-10-06."
M06-N68,secundaria,"Pinto Tortosa, Antonio Jesús","El epistolario de una alianza: las cartas de Jean-François Papillon, Georges Biassou y Toussaint Bréda a las autoridades de Santo Domingo (1791-1794) (Anuario de Estudios Americanos 78:1, pp. 197-222)",2021,es,espanola,M06,https://estudiosamericanos.revistas.csic.es/index.php/estudiosamericanos/article/download/911/904/923 | https://doi.org/10.3989/aeamer.2021.1.07,pdf-en-linea,alta,"Antonio J. Pinto Tortosa edita y analiza la correspondencia de los jefes insurgentes de 1791 cuando pasan al servicio de Carlos IV en 1793-1794 (AGS, Secretaría del Despacho de Guerra). Es la fuente de las cifras sobre las Tropas Auxiliares y sobre el paso de Toussaint al bando francés. Fiabilidad alta (Artículo revisado con edición crítica de cartas del AGS; las cifras de tropas proceden de Jorge Victoria Ojeda (2010) y de informes de la época, con su nota.) Afirmaciones que toca: A-067, A-082. Verificación descargada-y-leida (acceso pdf-en-linea), consultada 2026-10-06."
M06-N69,secundaria,"Pinto Tortosa, Antonio Jesús","«Yo no he venido a Santo Domingo como enemigo»: la invasión de Santo Domingo por Toussaint Louverture (1801-1802), preludio de la expedición de Leclerc a Saint-Domingue (Guerra Colonial 17, pp. 69-82)",2025,es,espanola,M06,https://revistas.urjc.es/index.php/guerracolonial/es/article/view/614/1875 | https://revistas.urjc.es/index.php/guerracolonial/es/article/view/614 | https://doi.org/10.33732/RDGC.17.119,texto-completo-en-linea,alta,"Antonio J. Pinto Tortosa (Universidad de Málaga), recibido 10-III-2025 y aceptado 27-V-2025. Estudia la invasión de 1801 desde fuentes españolas y francesas; llama «administración negra» al régimen de Toussaint en el este, un término descriptivo-racial propio. Fiabilidad alta (Artículo revisado (CC BY-SA), con aparato crítico basado en Ardouin, Madiou, Lacroix, Rodríguez Demorizi y archivos españoles; discute abiertamente la historiografía sobre la esclavitud bajo Toussaint.) Afirmaciones que toca: A-068. Verificación descargada-y-leida (acceso texto-completo-en-linea), consultada 2026-10-06."
M06-N70,secundaria,"Cordero Michel, Emilio","El primer intento independentista dominicano y la reincorporación a España, 1808-1809 (Clío 79, n.º 180, jul.-dic. 2010, pp. 123-146)",2010,es,dominicana,M06,https://academiadominicanahistoria.org.do/wp-content/uploads/2017/07/180-1.pdf,pdf-en-linea,media,"Emilio Cordero Michel escribe en Clío n.º 180 (jul.-dic. 2010), cuya presentación firma él mismo [su cargo en la ADH: POR VERIFICAR]; para la batalla se apoya en el Diario de Sánchez Ramírez (pp. 32, 49, 55), en Artola (Revista de Indias, 1951) y en Lemonnier-Delafosse (p. 148). Fiabilidad media (Historiador de la ADH que reconstruye Palo Hincado y la Junta de Bondillo con Sánchez Ramírez, Artola y Lemonnier-Delafosse; da cifras por bando con nota pero con inconsistencia interna (820 y 620 franceses) y marco de lucha de clases que condiciona la selección.) Afirmaciones que toca: A-081. Verificación descargada-y-leida (acceso pdf-en-linea), consultada 2026-10-06."
M06-N71,secundaria,"Moya Pons, Frank","La crisis de las monarquías y su impacto en las Antillas (1789-1823) (Clío 79, n.º 180, jul.-dic. 2010, pp. 55-86)",2010,es,dominicana,M06,https://academiadominicanahistoria.org.do/wp-content/uploads/2017/07/180-1.pdf,pdf-en-linea,media,"Frank Moya Pons, historiador dominicano (miembro de la ADH), publica este artículo en Clío n.º 180; se leyeron solo los pasajes sobre la expedición de Leclerc y sobre la Reconquista (pp. 62-69). Fiabilidad media (Síntesis de un historiador de primer orden, sin aparato de notas en el pasaje de cifras; la cifra de la expedición de 1802 no lleva fuente.) Afirmaciones que toca: A-082. Verificación descargada-parcial (acceso pdf-en-linea), consultada 2026-10-06."
M06-N72,primaria,"Gaffield, Julia (transcripción y comentario); Charruau (firmante del padrón original, 12 de octubre de 1804)","1804 Census, Gros Morne, Haiti (entrada de Haiti and the Atlantic World, 18-III-2013, con transcripción y traducción de un padrón de la John Carter Brown Library)",2013,en,internacional,M06,https://haitidoi.com/2013/03/18/1804-census-gros-morne-haiti/,texto-completo-en-linea,media,"Julia Gaffield, PhD (la afiliación Georgia State University aparece en un resultado de búsqueda, no en la entrada) publica en su blog de recursos sobre Haití la transcripción de un informe de censo de Gros Morne firmado «Charruau» el 12 de octubre de 1804, formulario de diez años antes (con categorías de esclavos sin llenar). Fiabilidad media (Transcripción por una historiadora especialista de un padrón local de una sola página en una colección fiable (JCB), pero el original no se vio y la suma de más de 600 blancos es la hipótesis de la autora (cada persona contada en una sola categoría); es un solo lugar y una sola fecha.) Afirmaciones que toca: A-083. Verificación descargada-y-leida (acceso texto-completo-en-linea), consultada 2026-10-06."
M06-N73,secundaria,"Gliech, Oliver",The plantation owners of Saint Domingue and the Royal Indemnity Report (État détaillé des liquidations) - Introduction (domingino.de),2013,en,internacional,M06;M08,https://domingino.de/stdomin/etat-det_introd_engl.html,texto-completo-en-linea,media,"Dr. Oliver Gliech (Berlín), base de datos genealógica y documental de colonos de Saint-Domingue transcrita del État détaillé des liquidations (6 vols., indemnización de 1826-1830). Cifras de 1788 que cita de F. de Barbé de Marbois, État des finances de Saint-Domingue (1790), état n.º III. Fiabilidad media (Página de un historiador alemán (autor de una tesis sobre Saint-Domingue 1789-1803) que da cifras de Barbé de Marbois (1790) y del informe de la indemnización de 1826; no es revisada por pares y la nota cita la fuente primaria sin extractos.) Afirmaciones que toca: ninguna. Verificación descargada-y-leida (acceso texto-completo-en-linea), consultada 2026-10-06."
M06-N74,secundaria,"Froidevaux, Henri","La fin de la domination française à Saint-Domingue (1803-1809) (Journal de la Société des Américanistes 12, pp. 262-265)",1920,fr,francesa,M06,https://www.persee.fr/doc/jsa_0037-9174_1920_num_12_1_3127 | https://www.persee.fr/docAsPDF/jsa_0037-9174_1920_num_12_1_3127.pdf,localizada-bloqueada,media,"Henri Froidevaux (1863-1954, bibliotecario de la Sociedad de Geografía; dato de Reyes 2022, n. 38) escribe en 1920 una nota de 4 págs. sobre el final de la dominación francesa en el este de la isla; Reyes (2022, nota 39) la cita para el ejército de 18.000-20.000 de Dessalines. Fiabilidad media (Nota breve de un especialista francés en las colonias; la página de Persée da el primer párrafo, pero el PDF (403, control altcha) no se pudo abrir y las cifras de la nota (18.000-20.000 sitiadores, p. 263, según Reyes) no se leyeron.) Afirmaciones que toca: A-081. Verificación solo-localizada (acceso localizada-bloqueada), consultada 2026-10-06."
