afirmacion,fuente,modulo,verificacion,ubicacion
A-211,F-0061,M16,descargada-y-leida,p. 75 de 147 (§2.12-2.13)
A-211,F-0263,M16,descargada-y-leida,sección 'The right to nationality'
A-211,M16-N02,M16,descargada-y-leida,art. 18.3 (PDF p. 3); art. 18.3 (frase final) (PDF p. 3); art. 18.2 (PDF p. 3)
A-211,M16-N183,M16,descargada-parcial,resumen
A-211,M16-N32,M16,descargada-y-leida,párr. 7
A-211,M16-N68,M16,descargada-y-leida,"nota, párr. 6"
A-212,F-0061,M16,descargada-y-leida,"p. 98 de 147 (dispositivo, ordinal SEGUNDO); p. 99 de 147 (dispositivo, ordinal QUINTO); p. 75 de 147 (§2.12-2.13)"
A-212,F-0175,M16,descargada-parcial,resumen (ficha de Cambridge Core)
A-212,F-0192,M16,descargada-y-leida,párrafo 2
A-212,F-0263,M16,descargada-y-leida,sección 'The right to nationality'
A-212,M16-N02,M16,descargada-y-leida,art. 18.3 (PDF p. 3); art. 18.3 (frase final) (PDF p. 3); art. 18.2 (PDF p. 3)
A-212,M16-N12,M16,descargada-y-leida,considerando sobre el art. 151 de la Ley 285-04 (PDF p. 1)
A-212,M16-N122,M16,descargada-y-leida,p. 8 (§ IV.a)
A-212,M16-N132,M16,descargada-y-leida,"art. 68; definiciones, 'Tránsito'; art. 36 del Reglamento"
A-212,M16-N135,M16,descargada-y-leida,párr. 313 (PDF p. 111); párr. 179
A-212,M16-N136,M16,descargada-y-leida,"considerando de la Corte (cit. como párr. 156 en Corte IDH 2014, nota 362) (PDF p. 97); argumento de la Comisión citado por la Corte, §3 (alegatos) (PDF p. 63)"
A-212,M16-N137,M16,descargada-y-leida,
A-212,M16-N156,M16,descargada-y-leida,"art. 28 (PDF p. 11); art. 28, numeral 1 (PDF p. 11); art. 36, numeral 10 (PDF p. 14)"
A-212,M16-N16,M16,descargada-y-leida,"nota 1, p. 93; p. 93 (resumen)"
A-212,M16-N161,M16,solo-localizada,"ficha editorial de Anthem Press, descripción"
A-212,M16-N162,M16,descargada-y-leida,párrafo 'Then in 2013'
A-212,M16-N165,M16,descargada-y-leida,p. 34 (pdf p. 15)
A-212,M16-N167,M16,descargada-y-leida,"párrafo 'Three years later, the Dominican Constitutional Court'"
A-212,M16-N183,M16,descargada-parcial,resumen
A-212,M16-N32,M16,descargada-y-leida,párr. 7
A-212,M16-N67,M16,descargada-y-leida,"discurso, párr. 'L’Arrêt du 23 septembre 2013…' (sobre art. 18.2 y 110 de la Constitución dominicana de 2010)"
A-212,M16-N68,M16,descargada-y-leida,"nota, párr. 6"
A-212,M16-N71,M16,descargada-y-leida,"comunicado, párr. 1"
A-212,M16-N73,M16,descargada-y-leida,párrafo 1
A-212,M16-N77,M16,descargada-y-leida,párr. 1
A-213,F-0059,M16,descargada-y-leida,"Resumen ejecutivo (p. 30 del informe); Resumen ejecutivo (p. 30 del informe); Cap. 2.2.1, definición (informe)"
A-213,F-0060,M16,descargada-y-leida,Cap. 5.1; Cap. 8.1
A-213,F-0061,M16,descargada-y-leida,"p. 99 de 147 (dispositivo, ordinal QUINTO); §1.1.3 (PDF p. 23); §1.1.3 (p. 23 de 147)"
A-213,F-0192,M16,descargada-y-leida,párrafo 2; párr. 2
A-213,F-0263,M16,descargada-y-leida,sección 'Key issues'; sección 'Statelessness in the Dominican Republic'; sección 'The right to nationality'
A-213,M16-N113,M16,descargada-parcial,entradilla y párr. 1
A-213,M16-N122,M16,descargada-y-leida,p. 7 (§ 'Les Dominicains d’origine haïtienne')
A-213,M16-N123,M16,descargada-y-leida,párr. 6
A-213,M16-N137,M16,descargada-y-leida,párr. 228 (la frase sigue a una atribución a 'personas afectadas y organizaciones de la sociedad civil'; sin base de cálculo declarada) (PDF p. 107); párr. 5 (resumen ejecutivo) (PDF p. 13); párr. 263 (cita la ENI-2012) (PDF p. 123)
A-213,M16-N138,M16,descargada-y-leida,párrafo 1
A-213,M16-N139,M16,descargada-y-leida,sección 2.d.
A-213,M16-N15,M16,descargada-y-leida,p. 48
A-213,M16-N154,M16,descargada-y-leida,
A-213,M16-N16,M16,descargada-y-leida,"p. 109, texto; p. 110, texto"
A-213,M16-N162,M16,descargada-y-leida,párrafo 'Then in 2013'
A-213,M16-N163,M16,descargada-y-leida,p. 1 del informe (pdf p. 3)
A-213,M16-N165,M16,descargada-y-leida,"p. 35 (pdf p. 16), cita de CIDH 2015 [228]"
A-213,M16-N17,M16,descargada-y-leida,p. 7 (resumen)
A-213,M16-N173,M16,descargada-parcial,resumen (Crossref)
A-213,M16-N175,M16,descargada-y-leida,p. 1
A-213,M16-N186,M16,descargada-y-leida,
A-213,M16-N187,M16,descargada-y-leida,
A-213,M16-N201,M16,descargada-y-leida,
A-213,M16-N39,M16,descargada-y-leida,
A-213,M16-N49,M16,descargada-y-leida,párr. 2
A-213,M16-N67,M16,descargada-y-leida,"discurso, párr. 'De façon concrète…'"
A-213,M16-N69,M16,descargada-y-leida,párr. 1
A-213,M16-N70,M16,descargada-y-leida,párr. 3 (Rosario)
A-213,M16-N71,M16,descargada-y-leida,"comunicado, párr. 3"
A-214,F-0059,M16,descargada-y-leida,"Resumen ejecutivo (p. 30 del informe); Cap. 2.2.1, definición (informe); p. 66 (pdf p. 66)"
A-214,F-0060,M16,descargada-y-leida,Cap. 8.1
A-214,F-0061,M16,descargada-y-leida,"p. 99 de 147 (dispositivo, ordinal QUINTO); p. 99 de 147, dispositivo QUINTO (iii); §1.1.3 (p. 23 de 147)"
A-214,F-0062,M16,descargada-y-leida,art. 1
A-214,F-0263,M16,descargada-y-leida,sección 'Statelessness in the Dominican Republic'
A-214,M16-N137,M16,descargada-y-leida,párr. 269 (auditoría JCE presentada el 26 de mayo de 2015) (PDF p. 125); párr. 269 (PDF p. 125); párr. 265
A-214,M16-N139,M16,descargada-y-leida,"sección 2.d., 'Stateless Persons'; sección 2.d."
A-214,M16-N15,M16,descargada-y-leida,p. 48; p. 40
A-214,M16-N154,M16,descargada-y-leida,párrafo 1; párrafo 3; párrafo 4
A-214,M16-N16,M16,descargada-y-leida,"p. 110, texto"
A-214,M16-N163,M16,descargada-y-leida,p. 1 del informe (pdf p. 3)
A-214,M16-N186,M16,descargada-y-leida,sección 2.1
A-214,M16-N187,M16,descargada-y-leida,párr. 1; párr. 3; párr. 4
A-214,M16-N201,M16,descargada-y-leida,"p. 1, encabezado de columnas; p. 94, encabezado de sección"
A-214,M16-N39,M16,descargada-y-leida,párr. 3; párr. 4; párr. 6
A-214,M16-N66,M16,fallo-fetch,
A-214,M16-N70,M16,descargada-y-leida,párr. 2; párr. 3 (Rosario)
A-215,F-0059,M16,descargada-y-leida,"Resumen ejecutivo (p. 33 del informe), tenencia de documentos; Resumen ejecutivo (p. 33 del informe); resumen del capítulo 1 (PDF p. 31)"
A-215,F-0060,M16,descargada-y-leida,Cap. 3.2.4
A-215,F-0061,M16,descargada-y-leida,"p. 87 de 147 (§11.1.4, título); dispositivo, punto SEGUNDO (PDF p. 98); considerandos, apartado sobre 'extranjeros en tránsito' (PDF p. 75)"
A-215,F-0062,M16,descargada-y-leida,Considerando noveno; Considerando quinto; art. 2
A-215,M16-N02,M16,descargada-y-leida,art. 18.3 (PDF p. 3)
A-215,M16-N114,M16,descargada-parcial,entradilla
A-215,M16-N123,M16,descargada-y-leida,párr. 7
A-215,M16-N132,M16,descargada-y-leida,art. 68
A-215,M16-N133,M16,descargada-y-leida,"parte resolutiva, PRIMERO (PDF p. 3); considerando octavo (PDF p. 2); considerando tercero (PDF p. 1)"
A-215,M16-N134,M16,descargada-y-leida,"considerando séptimo (PDF p. 1); considerando décimo (PDF p. 2); parte resolutiva, PRIMERO (PDF p. 2)"
A-215,M16-N135,M16,descargada-y-leida,párr. 317 (PDF p. 112)
A-215,M16-N137,M16,descargada-y-leida,
A-215,M16-N139,M16,descargada-y-leida,sección 2.d.
A-215,M16-N15,M16,descargada-y-leida,
A-215,M16-N153,M16,descargada-y-leida,párrafo final; párrafo 3
A-215,M16-N156,M16,descargada-y-leida,"art. 28 (PDF p. 11); art. 36, numeral 10 (PDF p. 14); art. 36, subcategoría 4 de 'no residentes' (PDF p. 14)"
A-215,M16-N16,M16,descargada-y-leida,
A-215,M16-N161,M16,solo-localizada,"ficha editorial de Anthem Press, descripción"
A-215,M16-N162,M16,descargada-y-leida,párrafo 'But Dominicans of Haitian descent'
A-215,M16-N164,M16,descargada-y-leida,"p. 366 de la revista, 1.er párrafo de la reseña (pdf p. 1); p. 367 (pdf p. 2)"
A-215,M16-N165,M16,descargada-y-leida,p. 34 (pdf p. 15); p. 36 (pdf p. 17)
A-215,M16-N167,M16,descargada-y-leida,párrafo sobre el embajador Pérez
A-215,M16-N20,M16,descargada-y-leida,p. 245 (resumen)
A-215,M16-N28,M16,descargada-y-leida,párr. 17
A-215,M16-N44,M16,descargada-y-leida,"párr. 'Este principio...'; párr. final; declaración íntegra, párrafo 2"
A-215,M16-N45,M16,descargada-y-leida,párr. 1; párr. 4
A-215,M16-N47,M16,descargada-y-leida,"sec. 'A favor de la sentencia' (el original dice 'se encuentan', errata del texto)"
A-215,M16-N56,M16,descargada-y-leida,párr. 2
A-215,M16-N77,M16,descargada-y-leida,párr. 1; párr. 2 (documento del Consejo)
A-216,F-0061,M16,descargada-y-leida,"p. 75 de 147 (§2.13); p. 10 de 147 (resumen de argumentos, cita de la Constitución haitiana); considerando 3.1.2 (PDF p. 77)"
A-216,F-0063,M16,descargada-y-leida,"art. 11 (tít. II, de la nacionalidad haitiana); art. 13 a); art. 15"
A-216,F-0263,M16,descargada-y-leida,sección 'Statelessness in the Dominican Republic'
A-216,M16-N110,M16,descargada-y-leida,"art. 2, núm. 1; art. 2, núm. 2 (OCR: 'de père et de mère haïtiene'); art. 2, núm. 3"
A-216,M16-N122,M16,descargada-y-leida,"p. 8 (§ IV.a); p. 11 (§ V, positionnement)"
A-216,M16-N124,M16,descargada-y-leida,párr. sobre el simposio de la UEH
A-216,M16-N126,M16,descargada-y-leida,art. 11; art. 15; art. 41
A-216,M16-N135,M16,descargada-y-leida,párr. 293 (posición del Estado) (PDF p. 103); párr. 179
A-216,M16-N137,M16,descargada-y-leida,
A-216,M16-N16,M16,descargada-y-leida,p. 118 (II.3); p. 119
A-216,M16-N165,M16,descargada-y-leida,p. 21 (pdf p. 2)
A-216,M16-N31,M16,descargada-y-leida,párr. 7 (cita de Ray Guevara)
A-216,M16-N32,M16,descargada-y-leida,párr. 7
A-216,M16-N47,M16,descargada-y-leida,"sec. 'A favor de la sentencia' (el original dice 'se encuentan', errata del texto); párr. 'A favor de la sentencia'"
A-216,M16-N56,M16,descargada-y-leida,párr. 5
A-216,M16-N57,M16,descargada-y-leida,párr. 6; párr. 7
A-216,M16-N67,M16,descargada-y-leida,"discurso, párr. sobre las repercusiones jurídicas"
A-216,M16-N68,M16,descargada-y-leida,"nota, párr. 1"
A-216,M16-N69,M16,descargada-y-leida,párr. 3 (Cinéas)
A-216,M16-N72,M16,descargada-y-leida,"p. 3 (§ II, mise en contexte); p. 3 (§ II); tabla comparativa, art. 11 (columna de enmiendas propuestas por el Cuerpo Legislativo)"
A-217,F-0061,M16,descargada-y-leida,"p. 99 de 147 (dispositivo, ordinal QUINTO); p. 143 de 147 (voto disidente de Katia Miguelina Jiménez Martínez); voto disidente de Ana Isabel Bonilla, preámbulo (PDF p. 102)"
A-217,F-0062,M16,descargada-y-leida,Considerando noveno
A-217,F-0082,M16,solo-localizada,ficha editorial de Duke UP
A-217,F-0119,M16,descargada-y-leida,párrafo de presentación
A-217,F-0192,M16,descargada-y-leida,párrafo 1; párrafo 2; párr. 2
A-217,F-0263,M16,descargada-y-leida,
A-217,M16-N02,M16,descargada-y-leida,art. 18.2 (PDF p. 3)
A-217,M16-N111,M16,descargada-parcial,entradilla; párr. 1
A-217,M16-N113,M16,descargada-parcial,entradilla y párr. 1
A-217,M16-N122,M16,descargada-y-leida,p. 8 (§ IV.a)
A-217,M16-N123,M16,descargada-y-leida,párr. 1; párr. 12
A-217,M16-N127,M16,descargada-y-leida,p. 2 (Introducción)
A-217,M16-N135,M16,descargada-y-leida,párr. 313 (PDF p. 111); párr. 317 (PDF p. 112); párr. 318 (PDF p. 113)
A-217,M16-N136,M16,descargada-y-leida,"considerando de la Corte (cit. como párr. 156 en Corte IDH 2014, nota 362) (PDF p. 97); punto declarativo 2 (PDF p. 89)"
A-217,M16-N137,M16,descargada-y-leida,párr. 228 (la frase sigue a una atribución a 'personas afectadas y organizaciones de la sociedad civil'; sin base de cálculo declarada) (PDF p. 107); párr. 5 (resumen ejecutivo) (PDF p. 13)
A-217,M16-N138,M16,descargada-y-leida,párrafo 1
A-217,M16-N139,M16,descargada-y-leida,sección 2.d.
A-217,M16-N15,M16,descargada-y-leida,
A-217,M16-N153,M16,descargada-y-leida,párrafo final
A-217,M16-N16,M16,descargada-y-leida,p. 93 (resumen); p. 119
A-217,M16-N161,M16,solo-localizada,"ficha editorial de Anthem Press, descripción"
A-217,M16-N162,M16,descargada-y-leida,párrafo 'Then in 2013'; párrafo 'But Dominicans of Haitian descent'
A-217,M16-N163,M16,descargada-y-leida,p. 2 (pdf p. 4)
A-217,M16-N164,M16,descargada-y-leida,"p. 366 de la revista, 1.er párrafo de la reseña (pdf p. 1); p. 367 (pdf p. 2)"
A-217,M16-N165,M16,descargada-y-leida,"p. 20 (resumen); p. 35 (pdf p. 16), cita de CIDH 2015 [228]"
A-217,M16-N167,M16,descargada-y-leida,"párrafo 'Three years later, the Dominican Constitutional Court'"
A-217,M16-N17,M16,descargada-y-leida,p. 7 (resumen)
A-217,M16-N173,M16,descargada-parcial,resumen (Crossref)
A-217,M16-N174,M16,descargada-y-leida,párrafo 4
A-217,M16-N183,M16,descargada-parcial,resumen
A-217,M16-N186,M16,descargada-y-leida,
A-217,M16-N31,M16,descargada-y-leida,párr. 2
A-217,M16-N32,M16,descargada-y-leida,párr. 5
A-217,M16-N49,M16,descargada-y-leida,párr. 2
A-217,M16-N57,M16,descargada-y-leida,
A-217,M16-N67,M16,descargada-y-leida,"discurso, párr. 'L’Arrêt du 23 septembre 2013…' (sobre art. 18.2 y 110 de la Constitución dominicana de 2010); discurso, párr. sobre las repercusiones jurídicas; discurso, párr. 8 (tras la lista de convenios)"
A-217,M16-N68,M16,descargada-y-leida,"nota, párr. 1; nota, párr. 3; nota, párr. 4"
A-217,M16-N71,M16,descargada-y-leida,"comunicado, párr. 1; comunicado, párr. 3; comunicado, párr. 4"
A-217,M16-N73,M16,descargada-y-leida,párr. 1; párrafo 1
A-217,M16-N76,M16,descargada-y-leida,"párr. 2 (comunicado CARICOM, trad. fr.)"
A-217,M16-N77,M16,descargada-y-leida,párr. 3
A-217,M16-N78,M16,descargada-y-leida,párr. 1
A-217,M16-N97,M16,descargada-y-leida,párr. 3
A-218,F-0060,M16,descargada-y-leida,"Cap. 8.1; capítulo 8, introducción (PDF p. 66)"
A-218,F-0061,M16,descargada-y-leida,"p. 99 de 147, dispositivo QUINTO (iii)"
A-218,F-0062,M16,descargada-y-leida,art. 1; art. 2; art. 6
A-218,F-0263,M16,descargada-y-leida,sección 'Law 169-14'
A-218,M16-N114,M16,descargada-parcial,entradilla
A-218,M16-N12,M16,descargada-y-leida,considerando sobre el art. 151 de la Ley 285-04 (PDF p. 1); art. 4 (PDF p. 5); art. 2
A-218,M16-N122,M16,descargada-y-leida,p. 9 (§ IV.c)
A-218,M16-N132,M16,descargada-y-leida,art. 36 del Reglamento
A-218,M16-N135,M16,descargada-y-leida,punto dispositivo 18 (PDF p. 172)
A-218,M16-N137,M16,descargada-y-leida,"párr. 12 (PDF p. 15); párr. 270 (Grupo A, según el Estado) (PDF p. 126); párr. 629-630 (datos del Estado) (PDF p. 255)"
A-218,M16-N139,M16,descargada-y-leida,"sección 2.d., 'Stateless Persons'; sección 2.d."
A-218,M16-N15,M16,descargada-y-leida,
A-218,M16-N154,M16,descargada-y-leida,párrafo 4
A-218,M16-N156,M16,descargada-y-leida,art. 151 (PDF p. 33)
A-218,M16-N162,M16,descargada-y-leida,párrafo sobre el plazo de febrero de 2015
A-218,M16-N163,M16,descargada-y-leida,"p. 1 del informe (pdf p. 3); p. 1 (pdf p. 3), sobre la Ley 169-14; p. 2 (pdf p. 4)"
A-218,M16-N165,M16,descargada-y-leida,p. 36 (pdf p. 17)
A-218,M16-N167,M16,descargada-y-leida,párrafo sobre HRW
A-218,M16-N17,M16,descargada-y-leida,p. 13; p. 7 (resumen)
A-218,M16-N173,M16,descargada-parcial,resumen (Crossref)
A-218,M16-N175,M16,descargada-y-leida,p. 1-2; p. 2
A-218,M16-N186,M16,descargada-y-leida,"Introducción, p. 7; sección 2.1"
A-218,M16-N187,M16,descargada-y-leida,párr. 4
A-218,M16-N201,M16,descargada-y-leida,"p. 94, encabezado de sección"
A-218,M16-N35,M16,descargada-y-leida,"sección 'Mito 1', párr. 14; sección Mito 1"
A-218,M16-N39,M16,descargada-y-leida,párr. 10; párrafo 1
A-218,M16-N48,M16,descargada-y-leida,párr. 3; El Día 2017 párr. 4
A-218,M16-N49,M16,descargada-y-leida,párr. 'Del grupo B'
A-219,F-0059,M16,descargada-y-leida,Resumen ejecutivo (pp. 28-29 del informe); Resumen ejecutivo (p. 29 del informe); Resumen ejecutivo (p. 30 del informe)
A-219,F-0060,M16,descargada-y-leida,Cap. 2.1; Cap. 2.2; Cap. 2.5
A-219,F-0061,M16,descargada-y-leida,§1.1.3 (PDF p. 23)
A-219,F-0189,M16,descargada-y-leida,sección 'A granddaughter makes amends'
A-219,M16-N137,M16,descargada-y-leida,párr. 263 (cita la ENI-2012) (PDF p. 123)
A-219,M16-N165,M16,descargada-y-leida,p. 33 (pdf p. 14)
A-219,M16-N185,M16,descargada-y-leida,párr. 1; párr. 3
A-219,M16-N34,M16,descargada-y-leida,párr. 8; párr. 2
A-219,M16-N35,M16,descargada-y-leida,"sección 'Mito 1', párr. 12; sección 'Mito 1', párr. 12; sección Mito 1"
A-219,M16-N36,M16,descargada-y-leida,párr. 5
A-219,M16-N69,M16,descargada-y-leida,párr. 5
A-219,M16-N98,M16,descargada-y-leida,párr. 'La majorité des migrants haïtiens…'
A-220,F-0060,M16,descargada-y-leida,
A-220,F-0099,M16,descargada-y-leida,p. 91 (PDF p. 1)
A-220,M16-N159,M16,descargada-y-leida,párrafo 5; párrafo 6
A-220,M16-N160,M16,descargada-y-leida,subtítulo
A-220,M16-N34,M16,descargada-y-leida,párr. 1; párr. 4; párr. 2
A-220,M16-N35,M16,descargada-y-leida,"sección 'Mito 1', párr. 9; sección 'Mito 1', párr. 12; párr. 1"
A-220,M16-N36,M16,descargada-y-leida,párr. 6
A-220,M16-N52,M16,descargada-y-leida,párr. 3 (2024)
A-220,M16-N65,M16,fallo-fetch,
A-221,F-0046,M16,descargada-y-leida,"nota 13 del documento 785 (fecha y registro del Tratado de Paz, Amistad y Arbitraje); nota 14 (Tratado de Fronteras)"
A-221,M16-N03,M16,descargada-y-leida,p. 4-5 (sec. sobre Haití); p. 6; resumen del discurso
A-221,M16-N07,M16,descargada-y-leida,párr. 5 (cita del art. 10 del Tratado de 1929; el inicio de la cita dice: 'En razón de que ríos y otros cursos de agua nacen en el territorio de un Estado y corren por el territorio del otro...'); párr. 4
A-221,M16-N10,M16,descargada-y-leida,considerando primero (cita el art. 9 de la Constitución de 2010) (PDF p. 1); considerando séptimo
A-221,M16-N116,M16,descargada-y-leida,párr. 2; punto 1; punto 3
A-221,M16-N117,M16,descargada-y-leida,"p. 1, § 1; p. 2, punto 8"
A-221,M16-N120,M16,descargada-parcial,párr. 1
A-221,M16-N147,M16,descargada-y-leida,"art. 10 citado, primer párrafo; art. 10 citado, párrafo siguiente"
A-221,M16-N149,M16,descargada-y-leida,párrafo 1; párrafo 2
A-221,M16-N150,M16,descargada-y-leida,párrafo 1; párrafo 2; párrafo 3
A-221,M16-N151,M16,descargada-y-leida,apartado 'Retorno voluntario tras cierre de frontera'
A-221,M16-N157,M16,descargada-y-leida,"art. 10, primer párrafo (texto francés); art. 10, segundo párrafo (texto francés)"
A-221,M16-N166,M16,descargada-y-leida,III. Corpus Juris; IV. Discussion; I. The Facts
A-221,M16-N202,M16,descargada-y-leida,párr. 3; párr. 5
A-221,M16-N24,M16,descargada-y-leida,párr. 4; párr. 7
A-221,M16-N41,M16,descargada-y-leida,párr. 2
A-221,M16-N51,M16,descargada-y-leida,resp. 7 (frontera)
A-221,M16-N79,M16,descargada-y-leida,párr. 2; párr. 1
A-221,M16-N80,M16,descargada-y-leida,medida 1; párr. tras las medidas (Abinader)
A-221,M16-N81,M16,descargada-y-leida,párr. 1; párr. 2 (Abinader)
A-221,M16-N83,M16,descargada-parcial,
A-221,M16-N93,M16,descargada-y-leida,sección sobre los murales
A-222,M16-N07,M16,descargada-y-leida,párr. 5 (cita del art. 10 del Tratado de 1929; el inicio de la cita dice: 'En razón de que ríos y otros cursos de agua nacen en el territorio de un Estado y corren por el territorio del otro...'); párr. 4
A-222,M16-N10,M16,descargada-y-leida,considerando primero (cita el art. 9 de la Constitución de 2010) (PDF p. 1)
A-222,M16-N116,M16,descargada-y-leida,párr. 2; punto 3; párr. final de los puntos
A-222,M16-N117,M16,descargada-y-leida,"p. 2, punto 8"
A-222,M16-N120,M16,descargada-parcial,párr. 1
A-222,M16-N147,M16,descargada-y-leida,"art. 10 citado, párrafo siguiente"
A-222,M16-N148,M16,descargada-y-leida,párrafo sobre la sesión de la OEA
A-222,M16-N150,M16,descargada-y-leida,párrafo 1; párrafo 2; párrafo 3
A-222,M16-N157,M16,descargada-y-leida,"art. 10, primer párrafo (texto francés); art. 10, segundo párrafo (texto francés)"
A-222,M16-N166,M16,descargada-y-leida,III. Corpus Juris; IV. Discussion
A-222,M16-N202,M16,descargada-y-leida,párr. 5
A-222,M16-N41,M16,descargada-y-leida,párr. 3
A-222,M16-N79,M16,descargada-y-leida,párr. 2
A-222,M16-N80,M16,descargada-y-leida,párr. tras las medidas (Abinader)
A-222,M16-N81,M16,descargada-y-leida,párr. 1
A-222,M16-N83,M16,descargada-parcial,"entradilla y párr. 1; entradilla; avance gratuito, párrafo 1"
A-223,F-0192,M16,descargada-y-leida,párrafo 4
A-223,M16-N06,M16,descargada-y-leida,párr. 3; párr. 1; párr. 5
A-223,M16-N09,M16,descargada-y-leida,medida 3; medida 11 (protocolo hospitalario); párr. 4 (medida tercera)
A-223,M16-N101,M16,descargada-y-leida,párr. 1; párr. 3
A-223,M16-N102,M16,descargada-y-leida,párr. 2
A-223,M16-N103,M16,descargada-y-leida,párr. 1; párr. 5; párr. 6
A-223,M16-N104,M16,descargada-y-leida,párr. 3
A-223,M16-N108,M16,fallo-fetch,
A-223,M16-N109,M16,fallo-fetch,
A-223,M16-N115,M16,descargada-parcial,párr. 1; párr. 2
A-223,M16-N12,M16,descargada-y-leida,art. 4 (PDF p. 5)
A-223,M16-N122,M16,descargada-y-leida,p. 10 (§ IV.e)
A-223,M16-N127,M16,descargada-y-leida,p. 2 (Introducción); p. 4 (§ 1.2)
A-223,M16-N128,M16,descargada-y-leida,medida sobre el muro
A-223,M16-N13,M16,descargada-y-leida,párr. 1; párr. 2
A-223,M16-N141,M16,fallo-fetch,
A-223,M16-N151,M16,descargada-y-leida,párrafo 1; párrafo 2; apartado 'Haitianos deportados en 2022'
A-223,M16-N152,M16,descargada-y-leida,párrafo 1; párrafo 2
A-223,M16-N167,M16,descargada-y-leida,párrafo sobre el informe de la OIM; párrafo sobre HRW
A-223,M16-N168,M16,descargada-y-leida,párrafo 5
A-223,M16-N169,M16,descargada-y-leida,párrafo 2
A-223,M16-N188,M16,descargada-y-leida,párr. 1; párr. 2; párr. 3
A-223,M16-N194,M16,descargada-y-leida,párr. 2; párr. 3
A-223,M16-N195,M16,descargada-y-leida,párr. 1
A-223,M16-N21,M16,descargada-y-leida,"párr. 'Además, se acordó...' (documento oficial); párr. 2 (documento oficial)"
A-223,M16-N22,M16,descargada-y-leida,párr. 1; párr. 2; párr. 3
A-223,M16-N23,M16,descargada-y-leida,párr. 2; párr. 4
A-223,M16-N28,M16,descargada-y-leida,párr. 17
A-223,M16-N29,M16,descargada-y-leida,párr. 5
A-223,M16-N35,M16,descargada-y-leida,"sección 'Mito 1', párr. 15"
A-223,M16-N37,M16,descargada-y-leida,párr. 15
A-223,M16-N43,M16,descargada-y-leida,párr. 1; párr. 8
A-223,M16-N62,M16,fallo-fetch,
A-223,M16-N82,M16,descargada-y-leida,párr. 1
A-223,M16-N84,M16,descargada-parcial,entradilla y párr. 2
A-223,M16-N85,M16,descargada-parcial,párr. 1
A-223,M16-N86,M16,descargada-parcial,párr. 1; párr. 2; entradilla
A-223,M16-N88,M16,descargada-y-leida,párr. 'Calls to respect Haitian migrants' rights'; párrafo 6
A-223,M16-N89,M16,descargada-y-leida,párrafo 1; último párrafo; párr. 1
A-223,M16-N95,M16,descargada-y-leida,"p. 10 impresa (PDF p. 11), § f) 'Intensification des rapatriements'; p. 10 impresa, mismo §; PDF p. 6, resumen de realizaciones"
A-223,M16-N97,M16,descargada-y-leida,párr. 3; párr. 'Pour perpétuer cette pratique…'
A-223,M16-N99,M16,descargada-parcial,entradilla y párr. 1
A-224,F-0192,M16,descargada-y-leida,párrafo 4
A-224,M16-N09,M16,descargada-y-leida,medida 11 (protocolo hospitalario); párr. 17 (medida onceava)
A-224,M16-N100,M16,descargada-parcial,entradilla
A-224,M16-N115,M16,descargada-parcial,párr. 1
A-224,M16-N128,M16,descargada-y-leida,medida sobre salud
A-224,M16-N129,M16,descargada-y-leida,párr. 1; párr. final
A-224,M16-N13,M16,descargada-y-leida,párr. 1
A-224,M16-N141,M16,fallo-fetch,
A-224,M16-N152,M16,descargada-y-leida,párrafo 2; párrafo 4
A-224,M16-N155,M16,descargada-y-leida,párrafo 2
A-224,M16-N163,M16,descargada-y-leida,p. 2 (pdf p. 4); p. 6 (pdf p. 8)
A-224,M16-N165,M16,descargada-y-leida,p. 20 (resumen)
A-224,M16-N169,M16,descargada-y-leida,párrafo 2; párrafo 1
A-224,M16-N176,M16,descargada-parcial,párrafo 2 de la nota
A-224,M16-N192,M16,descargada-y-leida,párr. 4; párr. 7
A-224,M16-N193,M16,descargada-y-leida,párr. 1
A-224,M16-N23,M16,descargada-y-leida,párr. 4
A-224,M16-N27,M16,descargada-y-leida,párr. 6
A-224,M16-N37,M16,descargada-y-leida,párr. 6
A-224,M16-N38,M16,descargada-y-leida,
A-224,M16-N63,M16,fallo-fetch,
A-224,M16-N86,M16,descargada-parcial,entradilla
A-224,M16-N87,M16,descargada-parcial,entradilla; párr. 1
A-224,M16-N88,M16,descargada-y-leida,párr. 3 (Thomas ante el Consejo Permanente); párr. 'Government aims to welcome deported'; párrafo 4
A-224,M16-N89,M16,descargada-y-leida,párrafo 3; párrafo sobre la reacción haitiana
A-224,M16-N97,M16,descargada-y-leida,párr. 'Mais dans les rues…'; párr. 'Pour perpétuer cette pratique…'
A-224,M16-N98,M16,descargada-y-leida,párr. 'Lors d’une réunion sur la crise migratoire…'; declaración de Simón Rodríguez
A-225,M16-N03,M16,descargada-y-leida,p. 6; p. 8 (cierre); resumen del discurso
A-225,M16-N04,M16,descargada-y-leida,p. 4-5 (sec. sobre Haití)
A-225,M16-N05,M16,descargada-y-leida,p. 3-4 (sec. sobre Haití); p. 3
A-225,M16-N09,M16,descargada-y-leida,medida 3; apartado 'Derechos de dominicanos no serán desplazados'; cierre
A-225,M16-N100,M16,descargada-parcial,entradilla
A-225,M16-N104,M16,descargada-y-leida,párr. 3; párr. 2
A-225,M16-N128,M16,descargada-y-leida,párr. 3 (cita de Abinader)
A-225,M16-N133,M16,descargada-y-leida,considerando octavo (PDF p. 2)
A-225,M16-N134,M16,descargada-y-leida,considerando séptimo (PDF p. 1); considerando décimo (PDF p. 2)
A-225,M16-N144,M16,descargada-y-leida,cita directa del presidente; paráfrasis de la nota oficial
A-225,M16-N145,M16,descargada-y-leida,cita directa del presidente
A-225,M16-N152,M16,descargada-y-leida,párrafo 4
A-225,M16-N158,M16,descargada-y-leida,párrafo 1; párrafo 4
A-225,M16-N167,M16,descargada-y-leida,párrafo sobre el embajador Pérez
A-225,M16-N192,M16,descargada-y-leida,
A-225,M16-N193,M16,descargada-y-leida,
A-225,M16-N21,M16,descargada-y-leida,párr. 2 (documento oficial)
A-225,M16-N22,M16,descargada-y-leida,párr. 3
A-225,M16-N23,M16,descargada-y-leida,
A-225,M16-N24,M16,descargada-y-leida,párr. 7
A-225,M16-N27,M16,descargada-y-leida,párr. 6
A-225,M16-N30,M16,descargada-y-leida,párr. 1 (sumario)
A-225,M16-N37,M16,descargada-y-leida,párr. 6
A-225,M16-N42,M16,descargada-y-leida,párr. 1; párr. 9
A-225,M16-N44,M16,descargada-y-leida,párrafo 4
A-225,M16-N63,M16,fallo-fetch,
A-225,M16-N80,M16,descargada-y-leida,párr. tras las medidas (Abinader)
A-225,M16-N82,M16,descargada-y-leida,párr. 3 (DGM)
A-225,M16-N89,M16,descargada-y-leida,párrafo 10; párr. 7 (Rodríguez); párrafo 2
A-226,F-0058,M16,descargada-y-leida,"párr. 1 (Dominican Today); El Diario NY, párr. 1; El Diario NY, citando a Moya Pons (2009)"
A-226,F-0067,M16,descargada-y-leida,párrafo 7; párrafo 6; párr. 3
A-226,F-0081,M16,solo-localizada,"ficha de Project MUSE, descripción"
A-226,F-0144,M16,solo-localizada,ficha en Mixed Race Studies
A-226,F-0155,M16,solo-localizada,ficha editorial
A-226,F-0177,M16,descargada-y-leida,"cap. final, p. ~311"
A-226,M16-N143,M16,fallo-fetch,
A-226,M16-N178,M16,descargada-y-leida,"cita de la boleta censal, párrafo 5"
A-226,M16-N18,M16,descargada-y-leida,p. 109 (nota editorial); p. 110
A-226,M16-N19,M16,descargada-parcial,pdf p. 50 (sec. XVII y contiguas)
A-226,M16-N191,M16,descargada-y-leida,"sección 'Self-identified racial group'; sección 'Self-identified racial group', tabla"
A-226,M16-N50,M16,descargada-y-leida,párr. 'Ustedes han escuchado...'
A-226,M16-N53,M16,descargada-y-leida,párr. 2; párr. 7; párr. 8
A-226,M16-N54,M16,descargada-y-leida,párr. 1
A-226,M16-N61,M16,fallo-fetch,
A-226,M16-N64,M16,fallo-fetch,
A-227,F-0185,M16,descargada-y-leida,párrafo 1; párrafo 3
A-227,F-0203,M16,fallo-fetch,resumen AABA 2026 (vía fragmento de búsqueda; el fetch dio 403); resumen AABA 2026 (vía fragmento de búsqueda; el fetch dio 403); resumen devuelto por WebSearch (página no abierta: 403)
A-227,M16-N51,M16,descargada-y-leida,resp. 1 (genética)
A-227,M16-N60,M16,descargada-y-leida,párr. 1; párr. 2
A-228,F-0177,M16,descargada-y-leida,"cap. final sobre los últimos indios (p. ~311; djvu.txt, l. ~13005-13020)"
A-228,F-0185,M16,descargada-y-leida,párrafo 1; párrafo 4; párr. 6
A-228,F-0186,M16,descargada-y-leida,párrafo 3; sección de metodología
A-228,F-0203,M16,fallo-fetch,resumen AABA 2026 (vía fragmento de búsqueda; el fetch dio 403)
A-228,F-0204,M16,descargada-y-leida,"Resultados, estructura poblacional"
A-228,F-0206,M16,descargada-y-leida,
A-228,F-0209,M16,descargada-parcial,resumen
A-228,F-0211,M16,descargada-y-leida,Resultados
A-228,F-0220,M16,descargada-y-leida,"Discusión; Resultados, cierre de la sección sobre ancestría; Discusión (línea 415 del texto descargado)"
A-228,F-0232,M16,descargada-y-leida,sección 'Expectations for the Dominican Republic'
A-228,M16-N198,M16,descargada-y-leida,"Resultados, ancestría global"
A-228,M16-N40,M16,descargada-y-leida,párr. 9
A-228,M16-N51,M16,descargada-y-leida,resp. 1 (genética)
A-228,M16-N53,M16,descargada-y-leida,párrafo final (Silié)
A-229,F-0203,M16,fallo-fetch,resumen AABA 2026 (vía fragmento de búsqueda; el fetch dio 403); resumen devuelto por WebSearch (página no abierta: 403)
A-229,F-0204,M16,descargada-y-leida,"Resultados, uniparentales; apartado sobre mtDNA y cromosoma Y"
A-229,F-0208,M16,descargada-y-leida,Introducción; Discusión
A-229,F-0209,M16,descargada-parcial,resumen
A-229,F-0210,M16,descargada-parcial,resumen (PubMed 28912065)
A-229,F-0220,M16,descargada-y-leida,"Resultados, ancestría actual"
A-229,F-0232,M16,descargada-y-leida,sección 'Expectations for the Dominican Republic'
A-229,M16-N40,M16,descargada-y-leida,párr. 5
A-230,F-0203,M16,fallo-fetch,resumen AABA 2026 (vía fragmento de búsqueda; el fetch dio 403); resumen devuelto por WebSearch (página no abierta: 403)
A-230,F-0208,M16,descargada-y-leida,"Resumen; Materiales y métodos, muestras"
A-231,F-0185,M16,descargada-y-leida,párr. 6
A-231,F-0203,M16,fallo-fetch,resumen devuelto por WebSearch (página no abierta: 403)
A-231,F-0204,M16,descargada-y-leida,"Resultados, uniparentales; Resultados, uniparentales; Resultados, cromosoma X"
A-231,F-0206,M16,descargada-y-leida,"Resultados, sexo"
A-231,F-0208,M16,descargada-y-leida,Resumen; Discusión
A-231,F-0210,M16,descargada-parcial,resumen (PubMed 28912065); resumen (PubMed 28912065)
A-231,F-0213,M16,descargada-parcial,Resumen
A-231,F-0232,M16,descargada-y-leida,sección 'Results for Puerto Rico'
A-231,F-0234,M16,descargada-y-leida,Resumen; Resumen; resumen (PubMed 18644108)
A-232,F-0185,M16,descargada-y-leida,párrafo 7
A-232,F-0203,M16,fallo-fetch,
A-232,F-0204,M16,descargada-y-leida,"Resumen; Resultados, estructura poblacional"
A-232,F-0206,M16,descargada-y-leida,Materiales y métodos
A-232,F-0211,M16,descargada-y-leida,"Métodos, 2.4"
A-232,F-0216,M16,descargada-y-leida,resumen
A-232,F-0220,M16,descargada-y-leida,"Cuadro de datos ampliado 3, pie; Extended Data Table 3"
A-232,M16-N197,M16,descargada-y-leida,Métodos 2.3
A-232,M16-N198,M16,descargada-y-leida,"Resultados, ancestría global"
A-232,M16-N60,M16,descargada-y-leida,párr. 1
A-233,F-0185,M16,descargada-y-leida,párrafo 3; párrafo 7
A-233,F-0187,M16,descargada-y-leida,párrafo de metodología
A-233,F-0203,M16,fallo-fetch,resumen AABA 2026 (vía fragmento de búsqueda; el fetch dio 403)
A-233,F-0204,M16,descargada-y-leida,"Resumen; Resultados, uniparentales; apartado sobre mtDNA y cromosoma Y"
A-233,F-0206,M16,descargada-y-leida,"Resumen; Materiales y métodos; Métodos, muestra"
A-233,F-0208,M16,descargada-y-leida,"Materiales y métodos, muestras; Muestra"
A-233,F-0211,M16,descargada-y-leida,"Métodos, 2.1"
A-233,F-0220,M16,descargada-y-leida,"Cuadro de datos ampliado 3, pie"
A-233,M16-N198,M16,descargada-y-leida,"Métodos, 2.6"
A-233,M16-N60,M16,descargada-y-leida,párr. 2
A-234,F-0211,M16,descargada-y-leida,"Métodos, 2.1; Métodos, 2.4; Resultados"
A-234,M16-N197,M16,descargada-y-leida,Métodos 2.3; Discusión
A-235,F-0144,M16,solo-localizada,ficha en Mixed Race Studies
A-235,F-0185,M16,descargada-y-leida,párrafo 1
A-235,F-0203,M16,fallo-fetch,resumen AABA 2026 (vía fragmento de búsqueda; el fetch dio 403)
A-235,F-0204,M16,descargada-y-leida,"Resultados, estructura poblacional; apartado sobre mtDNA y cromosoma Y"
A-235,F-0206,M16,descargada-y-leida,"Resultados, estructura; Resultados, historia demográfica"
A-235,F-0208,M16,descargada-y-leida,Resumen; Discusión; Resultados
A-235,F-0211,M16,descargada-y-leida,"Resultados 3.1, gráfico 1"
A-235,F-0220,M16,descargada-y-leida,Discusión; Discusión (línea 415); Extended Data Table 3
A-235,M16-N198,M16,descargada-y-leida,"Resultados, ancestría global"
A-236,F-0203,M16,fallo-fetch,resumen AABA 2026 (vía fragmento de búsqueda; el fetch dio 403)
A-236,F-0206,M16,descargada-y-leida,"Resultados, ASPCA; Resultados, estructura"
A-237,F-0220,M16,descargada-y-leida,"Resultados, ancestría actual"
A-237,F-0222,M16,descargada-parcial,Resumen; Resumen; resumen (PubMed 11427174)
A-237,F-0232,M16,descargada-y-leida,sección 'Expectations for the Dominican Republic'
A-237,M16-N199,M16,descargada-y-leida,Resumen
A-238,F-0185,M16,descargada-y-leida,párr. 6
A-238,F-0220,M16,descargada-y-leida,"Resultados, ancestría actual"
A-238,F-0222,M16,descargada-parcial,Resumen; resumen (PubMed 11427174)
A-238,M16-N199,M16,descargada-y-leida,Resumen
A-239,F-0220,M16,descargada-y-leida,"Resumen; Resultados, tamaño de población; Discusión"
A-240,F-0206,M16,descargada-y-leida,"Materiales y métodos; Resultados; Resultados, ASPCA"
A-240,F-0208,M16,descargada-y-leida,Introducción
A-240,F-0210,M16,descargada-parcial,resumen (PubMed 28912065); resumen (PubMed 28912065); Resumen
A-240,F-0212,M16,descargada-parcial,Resumen; resumen (PubMed 19918989)
A-240,F-0213,M16,descargada-parcial,Resumen; Resumen; resumen (PubMed 22576450)
A-240,F-0214,M16,descargada-parcial,resumen (PubMed 22583388); resumen (PubMed 22583388); Resumen
A-240,F-0216,M16,descargada-y-leida,"texto sobre la Tabla 2; Tabla 2, fila Haití; resumen"
A-240,M16-N200,M16,descargada-y-leida,respuesta de la consulta 1
A-241,F-0210,M16,descargada-parcial,Resumen
A-241,F-0212,M16,descargada-parcial,
A-241,F-0213,M16,descargada-parcial,Resumen
A-241,F-0214,M16,descargada-parcial,resumen (PubMed 22583388); resumen (PubMed 22583388); Resumen
A-241,M16-N200,M16,descargada-y-leida,respuesta de la consulta 1; respuesta de la consulta 2 (dominicana)
A-242,F-0118,M16,fallo-fetch,
A-242,M16-N170,M16,descargada-y-leida,"Fig. 15, pp. 71-72; cap. sobre ceremonia en Miami, pp. 131-132"
A-242,M16-N205,M16,descargada-y-leida,resumen (2015)
A-242,M16-N94,M16,descargada-y-leida,"p. 1 del PDF, párr. 'Vodou resulted from the fusion…'; p. 1 del PDF, mismo párr.; p. 2 del PDF, art. 'Music'"
A-243,F-0118,M16,fallo-fetch,
A-243,M16-N170,M16,descargada-y-leida,"cap. sobre ceremonia en Miami, pp. 131-132"
A-243,M16-N205,M16,descargada-y-leida,resumen (2015)
A-243,M16-N94,M16,descargada-y-leida,"p. 1 del PDF, mismo párr."
A-244,F-0163,M16,solo-localizada,descripción de investigación; lista de publicaciones
A-244,F-0177,M16,descargada-y-leida,"Préface, p. 13-14 (djvu.txt, l. ~890-905); Préface, p. 14; Préface, p. 12"
A-245,F-0063,M16,descargada-y-leida,"art. 8 a) (cap. II, del territorio); art. 8 a); art. 8.1"
A-245,F-0086,M16,fallo-fetch,
A-245,F-0099,M16,descargada-y-leida,p. 91; p. 92; p. 93 (reseñista sobre las bases del pensamiento de Núñez)
A-245,F-0102,M16,descargada-y-leida,"p. 104, misma cita; p. 121 (PDF p. 33), conclusiones; Conclusiones, p. 120"
A-245,F-0121,M16,descargada-y-leida,párr. 2
A-245,F-0162,M16,descargada-y-leida,"p. 346, cita del manual de Terminale II (Période Nationale 1804-1957, Saint-Domingue redevient Haïti, p. 108)"
A-245,F-0190,M16,descargada-y-leida,párr. 1; párr. 2; párr. 5
A-245,F-0191,M16,descargada-y-leida,párr. 3
A-245,F-0197,M16,descargada-y-leida,"Núñez Asencio, párr. 3"
A-245,F-0256,M16,fallo-fetch,
A-245,M16-N08,M16,descargada-y-leida,párr. 2; párr. 5; párr. 8
A-245,M16-N09,M16,descargada-y-leida,apartado 'Derechos de dominicanos no serán desplazados'
A-245,M16-N10,M16,descargada-y-leida,considerando tercero (PDF p. 1); considerando sexto (PDF p. 1); considerando tercero
A-245,M16-N105,M16,descargada-y-leida,entrada '1821'
A-245,M16-N11,M16,descargada-parcial,"considerando primero; Diario Libre, 16-III-2021 (URL alternativa), párr. 3"
A-245,M16-N121,M16,descargada-y-leida,"cuerpo, párr. 2"
A-245,M16-N124,M16,descargada-y-leida,párr. 4
A-245,M16-N126,M16,descargada-y-leida,art. 8
A-245,M16-N130,M16,descargada-y-leida,párr. 6; párr. 'De similar manera…'
A-245,M16-N131,M16,descargada-y-leida,tuit incrustado (fr); párr. 3 (cita en español)
A-245,M16-N14,M16,descargada-y-leida,"p. 1, pregunta 1"
A-245,M16-N155,M16,descargada-y-leida,párrafo 2
A-245,M16-N163,M16,descargada-y-leida,"p. 23 (pdf p. 25), sobre un texto narrativo de Manuel Núñez"
A-245,M16-N168,M16,descargada-y-leida,párrafo 2; párrafo 3
A-245,M16-N172,M16,descargada-parcial,resumen
A-245,M16-N176,M16,descargada-parcial,párrafo 1 de la nota; párrafo 2 de la nota
A-245,M16-N18,M16,descargada-y-leida,p. 109 (nota editorial)
A-245,M16-N184,M16,descargada-y-leida,párrafo 4; párrafo 5
A-245,M16-N19,M16,descargada-parcial,
A-245,M16-N20,M16,descargada-y-leida,p. 245 (resumen)
A-245,M16-N25,M16,descargada-y-leida,párr. 2; párr. 8
A-245,M16-N27,M16,descargada-y-leida,párr. 1 (sumario)
A-245,M16-N29,M16,descargada-y-leida,párr. 2
A-245,M16-N30,M16,descargada-y-leida,párr. 1 (sumario); párr. 2
A-245,M16-N33,M16,descargada-y-leida,párr. 11; párr. 13
A-245,M16-N40,M16,descargada-y-leida,párr. 9
A-245,M16-N46,M16,descargada-y-leida,párr. 3; párr. 5
A-245,M16-N50,M16,descargada-y-leida,párr. 'Estamos frente a un movimiento...'; párr. 'Sorprende observar...'; párr. 'Ustedes han escuchado...'
A-245,M16-N51,M16,descargada-y-leida,resp. 3
A-245,M16-N52,M16,descargada-y-leida,párr. 3 (2020; fichero 2020-10-11)
A-245,M16-N53,M16,descargada-y-leida,párr. 7
A-245,M16-N55,M16,descargada-y-leida,párr. 2 (cita del oficio del 4-X-1937)
A-245,M16-N58,M16,descargada-y-leida,párr. 4; párr. 5
A-245,M16-N59,M16,descargada-y-leida,párr. 6 (subtítulo); párr. 10; párr. 9
A-245,M16-N65,M16,fallo-fetch,
A-245,M16-N90,M16,descargada-y-leida,"sección 3, párr. sobre Dessalines y Ferrand; sección 3, párr. sobre Boyer y Núñez de Cáceres; sección 3, mismo párr."
A-245,M16-N91,M16,descargada-y-leida,"párr. 1; sección 'Le moment Louverture', párr. sobre 1821; párrafo final"
A-245,M16-N92,M16,descargada-y-leida,"§ 155, 'Boyer dans l’Est' (PDF p. 234, p. impresa 224)"
A-246,F-0064,M16,descargada-y-leida,PDF p. 28 (valores)
A-246,F-0102,M16,descargada-y-leida,"p. 117, cita de Roy Fombrun et al., Histoire d’Haïti de l’Indépendance à nos jours, p. 92 (trad. M. F. González); p. 121 (PDF p. 33), conclusiones; p. 120 (conclusiones)"
A-246,F-0121,M16,descargada-y-leida,sección 'Un ministro fuera de lo común'
A-246,F-0155,M16,solo-localizada,ficha editorial
A-246,F-0162,M16,descargada-y-leida,"resumen, p. 2 (pdf p. 2); resumen, p. 2 (pdf p. 2); resumen, pp. 2-3"
A-246,F-0191,M16,descargada-y-leida,párrafo 1; párrafo 6
A-246,F-0255,M16,descargada-y-leida,cabecera (portal)
A-246,M16-N26,M16,descargada-y-leida,párr. 8
A-246,M16-N27,M16,descargada-y-leida,párr. 4
A-246,M16-N50,M16,descargada-y-leida,párr. 'Estamos frente a un movimiento...'
A-246,M16-N92,M16,descargada-y-leida,§155 (pp. 224-225 impresas) (PDF p. 234)
A-246,M16-N93,M16,descargada-y-leida,declaración de Smith Augustin
A-247,F-0063,M16,descargada-y-leida,art. 1
A-247,F-0064,M16,descargada-y-leida,PDF p. 28 (competencias al final del ciclo); PDF p. 28 (valores); apartado 'L'histoire et la géographie' (p. 34 impresa) (PDF p. 36)
A-247,F-0099,M16,descargada-y-leida,"p. 91 de la revista (pdf p. 2), párrafo 4"
A-247,F-0102,M16,descargada-y-leida,"p. 121 (PDF p. 33), conclusiones; p. 120 (conclusiones); resumen (p. 90) (PDF p. 2)"
A-247,F-0121,M16,descargada-y-leida,sección 'Un ministro fuera de lo común'
A-247,F-0162,M16,descargada-y-leida,"resumen, pp. 2-3; cap. sobre educación bajo Boyer, p. 149"
A-247,F-0190,M16,descargada-y-leida,párr. 1
A-247,F-0191,M16,descargada-y-leida,párr. 1; párr. 3; párrafo 1
A-247,F-0256,M16,fallo-fetch,
A-247,M16-N10,M16,descargada-y-leida,considerando tercero (PDF p. 1)
A-247,M16-N130,M16,descargada-y-leida,párr. 'De similar manera…'
A-247,M16-N14,M16,descargada-y-leida,"p. 1, pregunta 1; p. 1, pregunta 3"
A-247,M16-N163,M16,descargada-y-leida,"p. 23 (pdf p. 25), sobre un texto narrativo de Manuel Núñez"
A-247,M16-N168,M16,descargada-y-leida,párrafo 2
A-247,M16-N172,M16,descargada-parcial,resumen
A-247,M16-N176,M16,descargada-parcial,párrafo 1 de la nota; párrafo 2 de la nota
A-247,M16-N26,M16,descargada-y-leida,párr. 7; párr. 8
A-247,M16-N27,M16,descargada-y-leida,párr. 1 (sumario); párr. 4
A-247,M16-N28,M16,descargada-y-leida,párr. 3
A-247,M16-N29,M16,descargada-y-leida,párr. 2; párr. 5
A-248,F-0064,M16,descargada-y-leida,"PDF p. 25 (p. impresa 23, fin del 2.º ciclo); apartado 'L'histoire et la géographie' (p. 34 impresa) (PDF p. 36); sección 'L'histoire et la géographie', pdf p. 36"
A-248,F-0102,M16,descargada-y-leida,"p. 104 (PDF p. 16), cita de Auguste y Zamor, Le Monde et son Passé, pp. 24-25 (trad. R. Silié); p. 104, cita de W. Emmanuel, Histoire Géographie 2e Secondaire II, pp. 8-9; p. 104, misma cita"
A-248,F-0121,M16,descargada-y-leida,sección 'Un ministro fuera de lo común'
A-248,F-0162,M16,descargada-y-leida,"resumen, p. 2 (pdf p. 2); cap. 'Deux dates privilégiées : 1822 et 1937', p. 338; p. 338"
A-248,M16-N92,M16,descargada-y-leida,"cap. XXIII, sumario § 155* (PDF p. 229, p. impresa 219); § 155, 'Boyer dans l’Est' (PDF p. 234, p. impresa 224); § 155 (PDF p. 234, p. impresa 224)"
A-248,M16-N93,M16,descargada-y-leida,declaración de Smith Augustin
A-249,F-0102,M16,descargada-y-leida,"p. 117 (PDF p. 29), sobre los textos haitianos; p. 117, cita de Roy Fombrun et al., Histoire d’Haïti de l’Indépendance à nos jours, p. 92 (trad. M. F. González); p. 121 (conclusiones)"
A-249,F-0119,M16,descargada-y-leida,párrafo de presentación
A-249,F-0189,M16,descargada-y-leida,"sección 'Encouraging dialogue'; pie de foto, Loma de Cabrera; sección 'He hated us'"
A-249,M16-N105,M16,descargada-y-leida,entrada '1937'
A-249,M16-N118,M16,descargada-parcial,resumen
A-249,M16-N179,M16,descargada-parcial,descripción de la ficha
A-249,M16-N180,M16,descargada-y-leida,párrafo 1; párrafo 2
A-249,M16-N51,M16,descargada-y-leida,resp. 4 (sobre 1937)
A-249,M16-N55,M16,descargada-y-leida,párr. 1; párr. 2 (cita del oficio del 4-X-1937)
A-249,M16-N93,M16,descargada-y-leida,"cuerpo del reportaje, párr. 'Dominican Republic…'; declaración de Jean-Marie Théodat, párr. 'The 1937 massacre is shrouded…'; sección sobre los murales"
A-250,M16-N01,M16,descargada-y-leida,"p. 49 (dispositivo, ordinal PRIMERO); p. 3 (encabezado); encabezado de la ficha de vLex"
A-250,M16-N112,M16,descargada-parcial,párr. 1
A-250,M16-N125,M16,descargada-y-leida,párr. 4; párr. 3
A-250,M16-N135,M16,descargada-y-leida,
A-250,M16-N16,M16,descargada-y-leida,nota 117; Resumen
A-250,M16-N174,M16,descargada-y-leida,párrafo 2; párrafo 4; párrafo 3
A-250,M16-N182,M16,descargada-y-leida,párrafo 1
A-250,M16-N44,M16,descargada-y-leida,"párr. 'El Gobierno de la República Dominicana rechaza...'; párr. 'Este principio...'; declaración íntegra, párrafo 2"
A-250,M16-N56,M16,descargada-y-leida,párr. 2
A-251,F-0190,M16,descargada-y-leida,párr. 1
A-251,M16-N04,M16,descargada-y-leida,p. 4-5; sección sobre la crisis haitiana
A-251,M16-N09,M16,descargada-y-leida,medida 11 (protocolo hospitalario); párr. 17 (medida onceava)
A-251,M16-N128,M16,descargada-y-leida,medida sobre salud
A-251,M16-N129,M16,descargada-y-leida,párr. sobre las embarazadas
A-251,M16-N146,M16,descargada-y-leida,párrafo 1; apartado demográfico
A-251,M16-N156,M16,descargada-y-leida,"art. 28 (PDF p. 11); art. 28, numeral 1 (PDF p. 11)"
A-251,M16-N163,M16,descargada-y-leida,p. 5 (pdf p. 7) y nota 12
A-251,M16-N176,M16,descargada-parcial,párrafo 2 de la nota
A-251,M16-N181,M16,descargada-y-leida,párrafo 4; párrafo 3; párrafo 6
A-251,M16-N189,M16,descargada-y-leida,párr. 2; párr. 3
A-251,M16-N23,M16,descargada-y-leida,párr. 5
A-251,M16-N38,M16,descargada-y-leida,párr. 3; párr. 6; párr. 8
A-251,M16-N89,M16,descargada-y-leida,párr. 7 (Rodríguez)
A-252,M16-N122,M16,descargada-y-leida,p. 9 (§ IV.d); pp. 8-9
A-252,M16-N124,M16,descargada-y-leida,párr. sobre el 'Colectivo 4 de diciembre'
A-252,M16-N125,M16,descargada-y-leida,párr. 6
A-252,M16-N127,M16,descargada-y-leida,p. 2 (Introducción)
A-252,M16-N138,M16,descargada-y-leida,párrafo 1
A-252,M16-N177,M16,descargada-y-leida,texto de la página
A-252,M16-N45,M16,descargada-y-leida,párr. 1
A-252,M16-N67,M16,descargada-y-leida,"discurso, párr. sobre las conversaciones de Caracas"
A-252,M16-N69,M16,descargada-y-leida,párr. 1; párr. 2 (Casimir)
A-252,M16-N73,M16,descargada-y-leida,párr. 4; párrafo 1
A-252,M16-N74,M16,descargada-parcial,párr. 2 (versión inglesa)
A-252,M16-N75,M16,descargada-parcial,entrada y párr. 1
A-252,M16-N76,M16,descargada-y-leida,párr. 1; párr. 4
A-252,M16-N78,M16,descargada-y-leida,párr. 1
A-253,M16-N106,M16,descargada-y-leida,fila 2; fila 14; fila 13
A-253,M16-N107,M16,descargada-y-leida,"decisión 16.COM 19, dispositivo; descripción del elemento 01853"
A-253,M16-N119,M16,descargada-y-leida,"art. 110 (PDF p. 21); art. 111 (PDF pp. 21-22); art. 111, nota final"
A-253,M16-N131,M16,descargada-y-leida,tuit incrustado (fr)
A-253,M16-N90,M16,descargada-y-leida,"sección 3, párr. sobre Boyer y Núñez de Cáceres"
A-254,M16-N105,M16,descargada-y-leida,entrada '1804'
A-254,M16-N107,M16,descargada-y-leida,descripción del elemento 01853
A-254,M16-N171,M16,descargada-y-leida,sección 2
A-254,M16-N203,M16,descargada-y-leida,hamaca; canoa; huracán
A-254,M16-N204,M16,descargada-y-leida,"Ayiti, Etymology; boucan, Etymology 2"
A-255,M16-N171,M16,descargada-y-leida,sección 2
A-255,M16-N203,M16,descargada-y-leida,
A-255,M16-N204,M16,descargada-y-leida,
A-256,F-0218,M16,descargada-y-leida,"Resultados, mezcla actual; Resultados, demografía"
A-256,F-0220,M16,descargada-y-leida,Discusión; Discusión (línea 415 del texto descargado); resumen de la sección de resultados (línea 369)
A-256,F-0232,M16,descargada-y-leida,sección 'Results for Puerto Rico'; resumen (PubMed 15693025)
A-256,F-0234,M16,descargada-y-leida,Resumen; Resumen; Resultados
A-257,F-0067,M16,descargada-y-leida,párrafo 6; párrafo 2 (países de América Latina que reincorporaron la pregunta étnico-racial)
A-257,F-0238,M16,descargada-y-leida,"sección 'Dates / Census day'; título del registro; presentación del IHSI, diapositiva 7 (PDF p. 7)"
A-257,M16-N96,M16,descargada-y-leida,diapositiva 7
A-258,F-0185,M16,descargada-y-leida,párrafo 7; párrafo 4
A-259,F-0186,M16,descargada-y-leida,párrafo 3; sección de metodología
A-259,F-0187,M16,descargada-y-leida,párrafo de metodología; sección de resultados; sección de estadísticas
A-260,F-0185,M16,descargada-y-leida,párrafo 8
A-260,F-0208,M16,descargada-y-leida,"Materiales y métodos, muestras"
A-260,F-0220,M16,descargada-y-leida,"Ética (Métodos); Resultados, cierre de la sección sobre ancestría; declaración de ética (línea 376)"
A-260,M16-N60,M16,descargada-y-leida,párr. 2
A-261,F-0236,M16,descargada-y-leida,"registro API, población 2024; registro API, superficie; SP.POP.TOTL (población total)"
A-261,F-0238,M16,descargada-y-leida,sección 'Sampling'; sección 'Dates / Census day'; título del registro
A-261,M16-N142,M16,descargada-y-leida,párrafo 1
A-261,M16-N158,M16,descargada-y-leida,párrafo 4
A-261,M16-N190,M16,descargada-y-leida,párr. 2
A-261,M16-N61,M16,fallo-fetch,
A-261,M16-N96,M16,descargada-y-leida,diapositiva 7; diapositiva 37 ('Besoins prioritaires')
A-262,F-0236,M16,descargada-y-leida,"registro API, PIB per cápita 2023; registro API, PIB per cápita 2024; NY.GDP.PCAP.CD (PIB per cápita, US$ corrientes)"
A-262,M16-N121,M16,descargada-y-leida,entradilla
A-263,F-0230,M16,descargada-y-leida,"Resumen; Resultados, bosque primario (línea 98); Resultados (línea 98)"
A-263,F-0236,M16,descargada-y-leida,"registro API, bosque 2022; AG.LND.FRST.ZS (superficie forestal, % de la superficie terrestre); AG.LND.FRST.ZS, DOM 2023"
A-263,M16-N196,M16,descargada-y-leida,párr. 1
