afirmacion,fuente,modulo,verificacion,ubicacion,fecha
A-164,F-0058,M13,descargada-y-leida,"(a) pdf p. 8; ley de 22-V-1935, art. 29 ; (a) PDF p. 8, art. 29 ; pdf p. 8; ley de 22-V-1935, fecha de la sanción ; (a) pdf p. 10; proyecto de 4-IV-1936, art. 3 ; (a) pdf p. 5; proyecto de ley de cédula sin fecha legible, art. 3 ; (+5 más)",2026-10-06
A-164,F-0067,M13,descargada-y-leida,(b) párr. 3 ; (b) párr. 5,2026-10-06
A-164,F-0138,M13,solo-localizada,ficha editorial,2026-10-06
A-164,F-0175,M13,descargada-y-leida,p. 71,2026-10-06
A-164,F-0295,M13,fallo-fetch,,2026-10-06
A-164,F-0389,M13,descargada-y-leida,,2026-10-06
A-165,F-0057,M13,descargada-y-leida,(a) p. 170 (título del acuerdo en español) ; (a) p. 170 (considerando 1.º) ; (c) pp. 104-105 (considerandos),2026-10-06
A-165,F-0073,M13,descargada-y-leida,p. 132 (PDF p. 24),2026-10-06
A-165,F-0077,M13,descargada-y-leida,párr. 'Existen testimonios...',2026-10-06
A-165,F-0100,M13,descargada-y-leida,párr. sobre Balaguer ; párr. 'Entre el 8 y el 10',2026-10-06
A-165,F-0109,M13,descargada-y-leida,"t. II, p. 311, cap. XI ; t. II, pp. 311-312, cap. XI (interlocutor dominicano, testimonio de oídas)",2026-10-06
A-165,F-0136,M13,descargada-parcial,"(a) Prefacio, p. xv (PDF p. 13)",2026-10-06
A-165,F-0137,M13,descargada-parcial,"(a) párr. 2 ; (b) comunicado, párr. 1",2026-10-06
A-165,F-0154,M13,descargada-parcial,"(a) ficha del libro, descripción editorial ; (a) cap. 4 ('They killed my entire family'), resumen ; (a) cap. 4, resumen ; (a) cap. 5 ('La campaña contra los Haitianos'), resumen ; (+2 más)",2026-10-06
A-165,F-0173,M13,descargada-parcial,(a) p. 488 (vista previa),2026-10-06
A-165,F-0174,M13,descargada-y-leida,"(a) p. 78 (cuerpo del texto) ; (a) p. 78, n. 2 ; (a) p. 94 ; (a) p. 95 ; (+1 más)",2026-10-06
A-165,F-0175,M13,descargada-y-leida,p. 70,2026-10-06
A-165,F-0189,M13,descargada-y-leida,párr. 'A Border Drawn in Blood',2026-10-06
A-165,F-0198,M13,descargada-y-leida,(a) párr. 3,2026-10-06
A-165,F-0246,M13,descargada-y-leida,p. 30 (PDF p. 31) ; p. 65 (PDF p. 66),2026-10-06
A-165,F-0269,M13,descargada-y-leida,p. 66 (PDF p. 2),2026-10-06
A-165,F-0270,M13,descargada-y-leida,"p. 64 (PDF p. 2) ; p. 69 (PDF p. 7), nota 5 ; p. 70 (PDF p. 8) ; p. 63 (pdf 1) ; (+1 más)",2026-10-06
A-165,F-0271,M13,descargada-y-leida,párr. 'Frank Moya Pons expuso...',2026-10-06
A-165,F-0272,M13,descargada-y-leida,párr. 1 ; párr. 'En septiembre de 1937...' ; párr. 'Los inicios de la matanza masiva' ; párr. 'La cohorte de perpetradores...' ; (+1 más),2026-10-06
A-165,F-0273,M13,descargada-y-leida,"PDF p. 91, art. 17 del proyecto",2026-10-06
A-165,F-0276,M13,descargada-y-leida,p. 163 (PDF p. 17),2026-10-06
A-165,F-0277,M13,descargada-y-leida,p. 25 (PDF p. 16),2026-10-06
A-165,F-0280,M13,descargada-y-leida,p. 332 (PDF p. 16),2026-10-06
A-165,F-0284,M13,descargada-y-leida,p. 32 (PDF p. 4),2026-10-06
A-165,F-0291,M13,descargada-y-leida,"p. 74 (PDF p. 6), cita de Prestol Castillo, El Masacre se pasa a pie (1973), p. 61 ; p. 78 (PDF p. 10), cita de Carrón Namnún (2009), p. 260",2026-10-06
A-165,F-0294,M13,fallo-fetch,,2026-10-06
A-165,F-0297,M13,descargada-y-leida,"p. 3 del PDF (Sénat, séance du 15 janvier 1938)",2026-10-06
A-165,F-0298,M13,descargada-y-leida,"p. 634 del Moniteur (PDF p. 10), sesión del 27-I-1938",2026-10-06
A-165,F-0304,M13,descargada-y-leida,"p. 1, firma del comunicado",2026-10-06
A-165,F-0305,M13,descargada-y-leida,"p. 1, columna 1 (OCR corregido con la imagen) ; p. 1, columna 1",2026-10-06
A-165,F-0306,M13,descargada-y-leida,"p. 1, columna 1 (mensaje de Vincent a Laredo Bru, Cárdenas y Roosevelt, Port-au-Prince, 12-XI-1937) ; p. 1, columna 4 (nota 'Le Gouvernement a rapatrié plus de 5.000 Haïtiens')",2026-10-06
A-165,F-0307,M13,descargada-y-leida,"p. 1, columna 3 (despacho UP, Washington, 10 noviembre) ; p. 1, columna 3, 'Description du Massacre' ; p. 1, titular y columna 1",2026-10-06
A-165,F-0312,M13,descargada-y-leida,"p. 4, 'Le monde extérieur'",2026-10-06
A-165,F-0314,M13,descargada-parcial,Resumen catalográfico (campo Abstract del registro dLOC),2026-10-06
A-165,F-0322,M13,descargada-y-leida,"sobreviviente Damuscar Bien-Aimé, 102 ; introducción",2026-10-06
A-165,F-0324,M13,descargada-y-leida,párr. 1 ; párr. 6,2026-10-06
A-165,F-0331,M13,descargada-y-leida,"(texto del comunicado del 15-X-1937) | l. 2697 del txt de la URL [cita con OCR corregido; coincidencia 0.95] ; (carta del Secretario de Justicia al Procurador) | l. 1668 del txt de la URL ; (memorándum de los mediadores, 3-XII-1937) | l. 2086 del txt de la URL [cita con OCR corregido; coincidencia 0.94]",2026-10-06
A-165,F-0350,M13,descargada-y-leida,"n.º 03153, 13-X-1937, portada, ""Le malheureux incident de la frontière""; lectura de la imagen ; n.º 03153, 13-X-1937, portada, mismo editorial; lectura de la imagen ; n.º 03171, miércoles 3-XI-1937, portada; lectura de la imagen ; n.º 03183, miércoles 17-XI-1937, p. 1 ""Massacre haïtien étudié à Washington"" (dépêche U.P. del 10-XI); lectura de la imagen",2026-10-06
A-165,F-0351,M13,descargada-y-leida,"vol. 72, n.º 2 (feb. 1938), cronología de octubre de 1937, entradas del 10 y 15 de octubre | l. 4057 del txt de la URL [cita con OCR corregido; coincidencia 0.97]",2026-10-06
A-165,F-0355,M13,descargada-y-leida,párrafo 1,2026-10-06
A-165,F-0357,M13,descargada-y-leida,p. 270 (cita de Norweb) ; p. 270,2026-10-06
A-165,F-0358,M13,descargada-y-leida,p. 51 ; p. 52 ; pp. 52-53 ; pdf p. 1; p. 51,2026-10-06
A-165,F-0359,M13,descargada-y-leida,"pdf p. 101; cap. 3, p. 84 ; pdf p. 102; cap. 3, p. 85, n. 2 ; pdf p. 113; cap. 3, p. 96 ; pdf p. 114; cap. 3, p. 97 ; (+1 más)",2026-10-06
A-165,F-0361,M13,descargada-y-leida,párr. 1,2026-10-06
A-165,F-0366,M13,fallo-fetch,,2026-10-06
A-165,F-0367,M13,descargada-y-leida,párr. 2,2026-10-06
A-165,F-0371,M13,descargada-y-leida,"Turits y Derby, p. 43 ; Paulino y García, p. 224 ; Paulino y García, p. 224 (cita de Norweb) ; ficha",2026-10-06
A-165,F-0372,M13,descargada-y-leida,sección 'The Massacre and Aftermath',2026-10-06
A-165,F-0374,M13,descargada-y-leida,,2026-10-06
A-165,F-0379,M13,descargada-y-leida,,2026-10-06
A-166,F-0100,M13,descargada-y-leida,párr. 'Los muertos',2026-10-06
A-166,F-0109,M13,descargada-y-leida,"t. II, p. 312, cap. XI",2026-10-06
A-166,F-0174,M13,descargada-y-leida,"(a) p. 78, n. 2",2026-10-06
A-166,F-0198,M13,descargada-y-leida,(a) párr. 3 ; (a) párr. 4 ; (a) párr. 10 ; (a) párr. 12 ; (+4 más),2026-10-06
A-166,F-0246,M13,descargada-y-leida,p. 72 (PDF p. 73),2026-10-06
A-166,F-0272,M13,descargada-y-leida,párr. 'La gran masacre aconteció...',2026-10-06
A-166,F-0280,M13,descargada-y-leida,p. 325 (PDF p. 9),2026-10-06
A-166,F-0283,M13,descargada-y-leida,mismo bloque,2026-10-06
A-166,F-0284,M13,descargada-y-leida,p. 32 (PDF p. 4),2026-10-06
A-166,F-0285,M13,descargada-y-leida,mismo párr.,2026-10-06
A-166,F-0294,M13,fallo-fetch,,2026-10-06
A-166,F-0306,M13,descargada-y-leida,"p. 1, columna 1 (mensaje de Vincent a Laredo Bru, Cárdenas y Roosevelt, Port-au-Prince, 12-XI-1937) ; p. 1, columna 4 (nota 'Le Gouvernement a rapatrié plus de 5.000 Haïtiens')",2026-10-06
A-166,F-0307,M13,descargada-y-leida,"p. 1, columna 3 (despacho UP, Washington, 10 noviembre) ; p. 1, columna 3, final de la nota",2026-10-06
A-166,F-0315,M13,descargada-parcial,Resumen catalográfico (campo Abstract del registro dLOC),2026-10-06
A-166,F-0350,M13,descargada-y-leida,"n.º 03183, miércoles 17-XI-1937, p. 1 ""Massacre haïtien étudié à Washington"" (dépêche U.P. del 10-XI); lectura de la imagen",2026-10-06
A-166,F-0357,M13,descargada-y-leida,p. 269 (cuerpo del texto) ; n. 19 (notas finales),2026-10-06
A-166,F-0392,M13,fallo-fetch,,2026-10-06
A-167,F-0056,M13,fallo-fetch,,2026-10-06
A-167,F-0102,M13,descargada-y-leida,p. 117 (PDF p. 29),2026-10-06
A-167,F-0109,M13,descargada-y-leida,"t. II, p. 312, cap. XI ; t. II, p. 312, cap. XI (continuación inmediata) ; t. II, p. 321, cap. XI",2026-10-06
A-167,F-0114,M13,solo-localizada,"Ficha WorldCat/UW (resumen del catálogo, en inglés)",2026-10-06
A-167,F-0145,M13,solo-localizada,"(a) ficha editorial, descripción ; (b) sinopsis",2026-10-06
A-167,F-0174,M13,descargada-y-leida,"(a) p. 78, n. 2 ; (a) p. 78 (pdf 2); n. 2 ; p. 78, n. 2",2026-10-06
A-167,F-0198,M13,descargada-y-leida,(a) párr. 4 ; (a) párr. 4 ; párr. 'A partir de las cantidades...' ; (a) párr. 5 ; párr. 'Diversos autores...' ; (a) párr. 6 ; párr. 'Para la intelectual haitiana...' ; (+1 más),2026-10-06
A-167,F-0269,M13,descargada-y-leida,p. 66 (PDF p. 2),2026-10-06
A-167,F-0291,M13,descargada-y-leida,p. 78 (PDF p. 10),2026-10-06
A-167,F-0320,M13,descargada-parcial,párr. 1-2,2026-10-06
A-167,F-0350,M13,descargada-y-leida,"n.º 03210, sábado 18-XII-1937, p. 1 ""L’affaire haïtiano-dominicaine""; lectura de la imagen",2026-10-06
A-167,F-0355,M13,descargada-y-leida,párrafo 1,2026-10-06
A-167,F-0357,M13,descargada-y-leida,p. 269 (cuerpo del texto) ; n. 19 (notas finales),2026-10-06
A-167,F-0366,M13,fallo-fetch,,2026-10-06
A-167,F-0374,M13,descargada-y-leida,p. 154 (pdf 14),2026-10-06
A-168,F-0073,M13,descargada-y-leida,p. 132 (PDF p. 24),2026-10-06
A-168,F-0075,M13,fallo-fetch,,2026-10-06
A-168,F-0100,M13,descargada-y-leida,párr. 'Los muertos',2026-10-06
A-168,F-0102,M13,descargada-y-leida,p. 117 (PDF p. 29),2026-10-06
A-168,F-0109,M13,descargada-y-leida,"t. II, p. 312, cap. XI",2026-10-06
A-168,F-0136,M13,descargada-parcial,"(a) Prefacio, p. xv (PDF p. 13)",2026-10-06
A-168,F-0161,M13,solo-localizada,"ficha editorial, descripción",2026-10-06
A-168,F-0174,M13,descargada-y-leida,"(a) p. 78 (cuerpo del texto) ; (a) p. 78, n. 2 ; (a) p. 78, nota 2 ; p. 78, n. 2 ; (a) p. 78 (pdf 2); n. 2",2026-10-06
A-168,F-0198,M13,descargada-y-leida,(a) párr. 5 ; (a) mismo párr.,2026-10-06
A-168,F-0202,M13,fallo-fetch,,2026-10-06
A-168,F-0269,M13,descargada-y-leida,p. 66 (PDF p. 2),2026-10-06
A-168,F-0280,M13,descargada-y-leida,p. 332 (PDF p. 16),2026-10-06
A-168,F-0283,M13,descargada-y-leida,párr. 'GENOCIDIO RACISTA',2026-10-06
A-168,F-0294,M13,fallo-fetch,,2026-10-06
A-168,F-0324,M13,descargada-y-leida,párr. 1,2026-10-06
A-168,F-0357,M13,descargada-y-leida,p. 269 (cuerpo del texto),2026-10-06
A-168,F-0358,M13,descargada-y-leida,p. 51 ; pdf p. 1; p. 51,2026-10-06
A-168,F-0368,M13,descargada-y-leida,p. 116,2026-10-06
A-168,F-0369,M13,descargada-y-leida,párr. sobre Évian,2026-10-06
A-168,F-0371,M13,descargada-y-leida,"Turits y Derby, p. 43 ; Paulino y García, p. 224",2026-10-06
A-168,F-0372,M13,descargada-y-leida,sección 'The Massacre and Aftermath',2026-10-06
A-168,F-0374,M13,descargada-y-leida,p. 154 (pdf 14),2026-10-06
A-168,F-0390,M13,descargada-y-leida,,2026-10-06
A-169,F-0082,M13,solo-localizada,descripción editorial ; índice,2026-10-06
A-169,F-0102,M13,descargada-y-leida,p. 118 (PDF p. 30),2026-10-06
A-169,F-0109,M13,descargada-y-leida,"t. II, p. 312, cap. XI",2026-10-06
A-169,F-0154,M13,descargada-parcial,"(a) ficha del libro, descripción editorial ; (b) cap. 4, resumen",2026-10-06
A-169,F-0174,M13,descargada-y-leida,"(a) p. 78, n. 2",2026-10-06
A-169,F-0175,M13,descargada-y-leida,p. 70,2026-10-06
A-169,F-0198,M13,descargada-y-leida,(a) mismo párr.,2026-10-06
A-169,F-0202,M13,fallo-fetch,,2026-10-06
A-169,F-0246,M13,descargada-y-leida,p. 12 (PDF p. 13),2026-10-06
A-169,F-0269,M13,descargada-y-leida,p. 66 (PDF p. 2),2026-10-06
A-169,F-0291,M13,descargada-y-leida,p. 78 (PDF p. 10),2026-10-06
A-169,F-0312,M13,descargada-y-leida,"p. 4, 'Le monde extérieur' ; p. 4, 'Le monde extérieur' ; p. 4, párr. 3 ; p. 4, párr. 3 [cita con OCR corregido; coincidencia 0.87]",2026-10-06
A-169,F-0322,M13,descargada-y-leida,introducción,2026-10-06
A-169,F-0357,M13,descargada-y-leida,p. 269 (cuerpo del texto),2026-10-06
A-169,F-0359,M13,descargada-y-leida,"pdf p. 101; cap. 3, p. 84 ; Resumen (p. iii del escaneo, PDF p. 5)",2026-10-06
A-169,F-0362,M13,descargada-y-leida,párr. 2,2026-10-06
A-169,F-0371,M13,descargada-y-leida,"Turits y Derby, n. 4 (p. 50)",2026-10-06
A-169,F-0374,M13,descargada-y-leida,p. 154 (pdf 14),2026-10-06
A-169,F-0379,M13,descargada-y-leida,,2026-10-06
A-169,F-0387,M13,descargada-y-leida,,2026-10-06
A-170,F-0136,M13,descargada-parcial,,2026-10-06
A-170,F-0137,M13,descargada-parcial,(a) párr. 2,2026-10-06
A-170,F-0173,M13,descargada-parcial,,2026-10-06
A-170,F-0174,M13,descargada-y-leida,(a) p. 93 (la prueba del perejil) ; (a) p. 94 ; (a) p. 93 (pdf 17) ; (a) p. 93 (PDF p. 17),2026-10-06
A-170,F-0189,M13,descargada-y-leida,párr. 'A Border Drawn in Blood',2026-10-06
A-170,F-0291,M13,descargada-y-leida,"p. 78 (PDF p. 10), cita de Sotomayor-Miletti (2011), p. 186",2026-10-06
A-170,F-0294,M13,fallo-fetch,,2026-10-06
A-170,F-0307,M13,descargada-y-leida,"p. 1, columna 3, 'Description du Massacre'",2026-10-06
A-170,F-0317,M13,descargada-parcial,Resumen catalográfico (campo Abstract del registro dLOC),2026-10-06
A-170,F-0358,M13,descargada-y-leida,pp. 52-53,2026-10-06
A-170,F-0371,M13,descargada-y-leida,"Rita Dove, Prólogo, nota al pie, p. vii",2026-10-06
A-170,F-0386,M13,descargada-y-leida,,2026-10-06
A-171,F-0137,M13,descargada-parcial,(a) párr. 3,2026-10-06
A-171,F-0154,M13,descargada-parcial,"(a) ficha del libro, descripción editorial ; (a) Introducción, resumen del capítulo ; (b) cap. 4, resumen",2026-10-06
A-171,F-0174,M13,descargada-y-leida,(a) p. 81,2026-10-06
A-171,F-0269,M13,descargada-y-leida,p. 66 (PDF p. 2) ; p. 71,2026-10-06
A-171,F-0271,M13,descargada-y-leida,párr. 'Frank Moya Pons expuso...' ; párr. 10 ; párr. 'En su ensayo ...Rubén Silié',2026-10-06
A-171,F-0272,M13,descargada-y-leida,párr. 2,2026-10-06
A-171,F-0283,M13,descargada-y-leida,párr. 'GENOCIDIO RACISTA',2026-10-06
A-171,F-0294,M13,fallo-fetch,,2026-10-06
A-171,F-0305,M13,descargada-y-leida,"p. 1, columna 1 (OCR corregido con la imagen)",2026-10-06
A-171,F-0314,M13,descargada-parcial,Resumen catalográfico (campo Abstract del registro dLOC),2026-10-06
A-171,F-0319,M13,descargada-parcial,párr. 1 (resumen visible antes del muro de pago),2026-10-06
A-171,F-0357,M13,descargada-y-leida,p. 270 (cita de Norweb),2026-10-06
A-171,F-0358,M13,descargada-y-leida,p. 52,2026-10-06
A-171,F-0361,M13,descargada-y-leida,párr. 1,2026-10-06
A-171,F-0371,M13,descargada-y-leida,"Paulino y García, p. 224 (cita de Norweb)",2026-10-06
A-171,F-0387,M13,descargada-y-leida,,2026-10-06
A-172,F-0057,M13,descargada-y-leida,(a) p. 170 (título del acuerdo en español) ; (a) p. 170 (considerando 1.º) ; (a) p. 170 (considerando 3.º) ; (a) p. 172 (art. I) ; (+5 más),2026-10-06
A-172,F-0077,M13,descargada-y-leida,párr. 'La masacre fue ejecutada por militares...',2026-10-06
A-172,F-0082,M13,solo-localizada,índice,2026-10-06
A-172,F-0100,M13,descargada-y-leida,párr. sobre Balaguer,2026-10-06
A-172,F-0102,M13,descargada-y-leida,"p. 119 (PDF p. 31) ; p. 120 (PDF p. 32), Conclusiones",2026-10-06
A-172,F-0109,M13,descargada-y-leida,"t. II, pp. 311-312, cap. XI (interlocutor dominicano, testimonio de oídas) ; t. II, p. 318, cap. XI (comunicado de Lescot, Moniteur del 9-IX-1941)",2026-10-06
A-172,F-0154,M13,descargada-parcial,"(a) Introducción, resumen del capítulo ; (a) cap. 4, resumen ; (a) cap. 5, resumen",2026-10-06
A-172,F-0174,M13,descargada-y-leida,(a) p. 94,2026-10-06
A-172,F-0189,M13,descargada-y-leida,párr. 'A Border Drawn in Blood',2026-10-06
A-172,F-0198,M13,descargada-y-leida,"(a) párr. 9 (cita de Crassweller, 1968, p. 189) ; (a) párr. sobre Crassweller",2026-10-06
A-172,F-0269,M13,descargada-y-leida,p. 66 (PDF p. 2),2026-10-06
A-172,F-0270,M13,descargada-y-leida,"p. 66 (PDF p. 4) ; p. 67, nota 4 (PDF p. 5) ; p. 67 (PDF p. 5) ; p. 68 (PDF p. 6)",2026-10-06
A-172,F-0271,M13,descargada-y-leida,párr. 2 ; párr. 'Joaquín Balaguer ... Para Balaguer',2026-10-06
A-172,F-0272,M13,descargada-y-leida,párr. 'La cohorte de perpetradores...',2026-10-06
A-172,F-0276,M13,descargada-y-leida,p. 163 (PDF p. 17) ; p. 150 (PDF p. 4),2026-10-06
A-172,F-0277,M13,descargada-y-leida,p. 25 (PDF p. 16),2026-10-06
A-172,F-0283,M13,descargada-y-leida,mismo párr.,2026-10-06
A-172,F-0288,M13,descargada-y-leida,párr. sobre la dictadura ; párr. 'Trabajar para desterrar la corrupción...',2026-10-06
A-172,F-0291,M13,descargada-y-leida,"p. 74 (PDF p. 6), cita de Prestol Castillo, El Masacre se pasa a pie (1973), p. 61 ; p. 78 (PDF p. 10), cita de Carrón Namnún (2009), p. 260",2026-10-06
A-172,F-0294,M13,fallo-fetch,,2026-10-06
A-172,F-0298,M13,descargada-y-leida,"p. 634 del Moniteur, misma intervención",2026-10-06
A-172,F-0304,M13,descargada-y-leida,"p. 1, columna 2, 'Communiqué' ; p. 1, misma pieza ; p. 1, firma del comunicado",2026-10-06
A-172,F-0305,M13,descargada-y-leida,"p. 1, columna 1 ; p. 1, columna 2",2026-10-06
A-172,F-0306,M13,descargada-y-leida,"p. 1, columna 1 (mismo mensaje)",2026-10-06
A-172,F-0324,M13,descargada-y-leida,párr. 2 ; párr. 4,2026-10-06
A-172,F-0331,M13,descargada-y-leida,"(texto del comunicado del 15-X-1937) | l. 2697 del txt de la URL [cita con OCR corregido; coincidencia 0.95] ; (carta del Secretario de Justicia al Procurador) | l. 1668 del txt de la URL ; (entrevista a Prensa Unida, 16-XII-1937) | l. 2015 del txt de la URL [cita con OCR corregido; coincidencia 0.93] ; (mensaje de Trujillo al Congreso sobre el Acuerdo) | l. 3610 del txt de la URL [cita con OCR corregido; coincidencia 0.93] ; (+1 más)",2026-10-06
A-172,F-0332,M13,descargada-y-leida,(Resolución n.º 1138) | l. 15860 del txt de la URL [cita con OCR corregido; coincidencia 0.95],2026-10-06
A-172,F-0336,M13,descargada-y-leida,pasaje citado | l. 512 del txt de la URL,2026-10-06
A-172,F-0350,M13,descargada-y-leida,"n.º 03156, sábado 16-X-1937, comunicado oficial de Ciudad Trujillo, 15-X-1937; lectura de la imagen",2026-10-06
A-172,F-0354,M13,descargada-y-leida,"PDF p. 1, párr. 2, última frase",2026-10-06
A-172,F-0357,M13,descargada-y-leida,p. 270 (acuerdo de 1938),2026-10-06
A-172,F-0358,M13,descargada-y-leida,pp. 52-53,2026-10-06
A-172,F-0359,M13,descargada-y-leida,"p. 112, n. 63-64",2026-10-06
A-172,F-0372,M13,descargada-y-leida,sección 'The Massacre and Aftermath',2026-10-06
A-173,F-0100,M13,descargada-y-leida,párr. 3,2026-10-06
A-173,F-0154,M13,descargada-parcial,"(a) cap. 4 ('They killed my entire family'), resumen ; (a) cap. 4, resumen ; (a) cap. 5, resumen ; (a) cap. 4, índice de secciones",2026-10-06
A-173,F-0174,M13,descargada-y-leida,"(a) p. 95 ; (a) p. 98, n. 51",2026-10-06
A-173,F-0175,M13,descargada-y-leida,p. 70,2026-10-06
A-173,F-0271,M13,descargada-y-leida,párr. 1 ; párr. 'Para el historiador Roberto Cassá...' ; párr. 'De acuerdo a José Israel Cuello...' ; párr. 10 ; párr. 'En su ensayo ...Rubén Silié',2026-10-06
A-173,F-0280,M13,descargada-y-leida,p. 325 (PDF p. 9),2026-10-06
A-173,F-0283,M13,descargada-y-leida,párr. 'EL PROBLEMA TERRITORIAL',2026-10-06
A-173,F-0287,M13,descargada-y-leida,(a) párr. 'Acuerdo secreto',2026-10-06
A-173,F-0305,M13,descargada-y-leida,"p. 1, columna 1",2026-10-06
A-173,F-0315,M13,descargada-parcial,Resumen catalográfico (campo Abstract del registro dLOC),2026-10-06
A-173,F-0358,M13,descargada-y-leida,pp. 52-53,2026-10-06
A-173,F-0360,M13,descargada-y-leida,p. XI,2026-10-06
A-173,F-0371,M13,descargada-y-leida,"Paulino y García, p. 224",2026-10-06
A-173,F-0372,M13,descargada-y-leida,Resumen ; sección 'The Massacre and Aftermath',2026-10-06
A-174,F-0050,M13,descargada-y-leida,l. 340,2026-10-06
A-174,F-0077,M13,descargada-y-leida,párr. 'En el libro Trujillo y Haití volumen II...',2026-10-06
A-174,F-0138,M13,solo-localizada,ficha editorial,2026-10-06
A-174,F-0154,M13,descargada-parcial,"(a) cap. 4, resumen",2026-10-06
A-174,F-0161,M13,solo-localizada,"ficha editorial, descripción",2026-10-06
A-174,F-0271,M13,descargada-y-leida,"párr. 1 ; párr. 'Para el historiador Roberto Cassá...' ; párr. 'Entretanto, Bernardo Vega...' ; párr. 8",2026-10-06
A-174,F-0273,M13,descargada-y-leida,"(mensaje del Ejecutivo, 7-III-1939) | l. 266 del txt de la URL [cita con OCR corregido; coincidencia 0.90] ; PDF p. 13",2026-10-06
A-174,F-0280,M13,descargada-y-leida,p. 325 (PDF p. 9),2026-10-06
A-174,F-0283,M13,descargada-y-leida,párr. 'GENOCIDIO RACISTA' ; mismo bloque,2026-10-06
A-174,F-0293,M13,descargada-y-leida,p. 77 (PDF p. 11),2026-10-06
A-174,F-0294,M13,fallo-fetch,,2026-10-06
A-174,F-0315,M13,descargada-parcial,Resumen catalográfico (campo Abstract del registro dLOC),2026-10-06
A-174,F-0343,M13,descargada-y-leida,pasaje citado | l. 3757 del txt de la URL [cita con OCR corregido; coincidencia 0.95],2026-10-06
A-174,F-0358,M13,descargada-y-leida,pp. 52-53 ; pp. 52-53 ; pdf p. 2; pp. 52-53,2026-10-06
A-174,F-0368,M13,descargada-y-leida,p. 116,2026-10-06
A-175,F-0057,M13,descargada-y-leida,"(b) pp. 2-3 del PDF, considerandos [cita con OCR corregido; coincidencia 0.92]",2026-10-06
A-175,F-0100,M13,descargada-y-leida,párr. 'Para el día quince...',2026-10-06
A-175,F-0109,M13,descargada-y-leida,"t. II, p. 312, cap. XI",2026-10-06
A-175,F-0145,M13,solo-localizada,"(a) ficha editorial, descripción",2026-10-06
A-175,F-0298,M13,descargada-y-leida,"p. 634 del Moniteur, misma intervención",2026-10-06
A-175,F-0304,M13,descargada-y-leida,"p. 1, columna 2, 'Communiqué'",2026-10-06
A-175,F-0306,M13,descargada-y-leida,"p. 1, columna 1 (mensaje de Vincent a Laredo Bru, Cárdenas y Roosevelt, Port-au-Prince, 12-XI-1937) ; p. 1, columna 1 (mismo mensaje)",2026-10-06
A-175,F-0324,M13,descargada-y-leida,párr. 2 ; párr. 3,2026-10-06
A-175,F-0331,M13,descargada-y-leida,"(texto del comunicado del 15-X-1937) | l. 2697 del txt de la URL [cita con OCR corregido; coincidencia 0.95] ; (memorándum de los mediadores, 3-XII-1937) | l. 2086 del txt de la URL [cita con OCR corregido; coincidencia 0.94]",2026-10-06
A-175,F-0332,M13,descargada-y-leida,(Resolución n.º 1138) | l. 15860 del txt de la URL [cita con OCR corregido; coincidencia 0.95],2026-10-06
A-175,F-0350,M13,descargada-y-leida,"n.º 03153, 13-X-1937, portada, ""Le malheureux incident de la frontière""; lectura de la imagen ; n.º 03156, sábado 16-X-1937, comunicado oficial de Ciudad Trujillo, 15-X-1937; lectura de la imagen",2026-10-06
A-175,F-0351,M13,descargada-y-leida,"vol. 72, n.º 2 (feb. 1938), cronología de octubre de 1937, entradas del 10 y 15 de octubre | l. 4057 del txt de la URL [cita con OCR corregido; coincidencia 0.97] ; vol. 72, n.º 3 (mar. 1938), ""Settlement of the Dominican-Haitian Controversy"", p. 152 | l. 1228 del txt de la URL ; vol. 72, n.º 3 (mar. 1938), p. 153 | l. 1278 del txt de la URL [cita con OCR corregido; coincidencia 0.95]",2026-10-06
A-175,F-0363,M13,descargada-y-leida,párr. 1,2026-10-06
A-175,F-0366,M13,fallo-fetch,,2026-10-06
A-176,F-0050,M13,descargada-y-leida,l. 336 ; l. 388 ; l. 504,2026-10-06
A-176,F-0057,M13,descargada-y-leida,"(a) p. 173 (art. III, texto francés) ; (a) p. 172 (art. IV, texto español) ; (a) p. 173 (art. VIII, 1.º, texto francés) ; (a) p. 172 (art. VIII, 2.º, texto español) ; (+18 más)",2026-10-06
A-176,F-0077,M13,descargada-y-leida,último párr.,2026-10-06
A-176,F-0102,M13,descargada-y-leida,p. 119 (PDF p. 31),2026-10-06
A-176,F-0109,M13,descargada-y-leida,"t. II, p. 315, cap. XI (acuerdo del 31-I-1938 según Price-Mars) ; t. II, pp. 315-316, cap. XI",2026-10-06
A-176,F-0189,M13,descargada-y-leida,párr. 'He hated us',2026-10-06
A-176,F-0266,M13,descargada-parcial,(a) título de la página,2026-10-06
A-176,F-0280,M13,descargada-y-leida,p. 342 (PDF p. 26),2026-10-06
A-176,F-0283,M13,descargada-y-leida,párr. 'CONSECUENCIAS Y RECUERDO...',2026-10-06
A-176,F-0308,M13,descargada-y-leida,"p. 1, 'Câblogrammes échangés' ; p. 1, misma columna (respuesta de Vincent a Abel Léger, 1-II-1938)",2026-10-06
A-176,F-0309,M13,descargada-y-leida,"p. 1, columna 1 ; p. 1, columnas 1-2 (empalme de dos pasajes: la crónica del periódico, cortada en el borde de la imagen, y el acta leída en la ceremonia, ambos del OCR de la misma página)",2026-10-06
A-176,F-0310,M13,descargada-y-leida,"p. 1, columna 3 (Art. 1.º del proyecto de ley votado por la Cámara) ; p. 1, columna 1 (editorial 'Un peu de tout')",2026-10-06
A-176,F-0311,M13,descargada-y-leida,p. 22 (imagen UF00094309/00001/00026.jpg) ; p. 22,2026-10-06
A-176,F-0312,M13,descargada-y-leida,"p. 4, 'Le monde extérieur' ; p. 4, párr. 3",2026-10-06
A-176,F-0321,M13,descargada-y-leida,misma sección,2026-10-06
A-176,F-0323,M13,descargada-y-leida,sección sobre el acuerdo,2026-10-06
A-176,F-0324,M13,descargada-y-leida,párr. 3 ; párr. 4,2026-10-06
A-176,F-0333,M13,descargada-y-leida,"PDF p. 3 (mensaje, pág. 1); lectura de la imagen ; PDF p. 3, párr. 2; lectura de la imagen ; PDF p. 4 (pág. 2); lectura de la imagen ; PDF p. 5 (pág. 3); lectura de la imagen ; (+1 más)",2026-10-06
A-176,F-0350,M13,descargada-y-leida,"n.º 03251, viernes 4-II-1938, texto del Acuerdo de Washington, art. IV; lectura de la imagen",2026-10-06
A-176,F-0351,M13,descargada-y-leida,"vol. 72, n.º 3 (mar. 1938), p. 153 | l. 1278 del txt de la URL [cita con OCR corregido; coincidencia 0.95]",2026-10-06
A-176,F-0357,M13,descargada-y-leida,p. 270 (acuerdo de 1938),2026-10-06
A-176,F-0359,M13,descargada-y-leida,"p. 120, n. 83 ; pdf p. 139; cap. 3, p. 120 ; pdf p. 139; cap. 3, p. 120, n. 84 (cita a Crassweller 1966, p. 159) ; p. 120, n. 84",2026-10-06
A-176,F-0360,M13,descargada-y-leida,p. IX,2026-10-06
A-176,F-0366,M13,fallo-fetch,,2026-10-06
A-176,F-0372,M13,descargada-y-leida,sección 'The Massacre and Aftermath',2026-10-06
A-176,F-0390,M13,descargada-y-leida,,2026-10-06
A-177,F-0057,M13,descargada-y-leida,"(b) PDF p. 4-5, art. X [cita con OCR corregido; coincidencia 0.94]",2026-10-06
A-177,F-0136,M13,descargada-parcial,,2026-10-06
A-177,F-0137,M13,descargada-parcial,"(a) párr. 2 ; (a) párr. 3 ; (b) comunicado, párr. 1 ; (b) comunicado, párr. 2",2026-10-06
A-177,F-0173,M13,descargada-parcial,(a) p. 488 (vista previa),2026-10-06
A-177,F-0174,M13,descargada-y-leida,(a) p. 78 (cuerpo del texto) ; (a) p. 81 ; (a) p. 90 ; (a) p. 82 (pdf 6),2026-10-06
A-177,F-0269,M13,descargada-y-leida,p. 66 (PDF p. 2) ; p. 66 ; pp. 67-68 (PDF pp. 3-4) ; pp. 67-68 ; p. 67,2026-10-06
A-177,F-0270,M13,descargada-y-leida,p. 65 (PDF p. 3),2026-10-06
A-177,F-0272,M13,descargada-y-leida,párr. 'En septiembre de 1937...' ; párr. 'La gran masacre aconteció...',2026-10-06
A-177,F-0294,M13,fallo-fetch,,2026-10-06
A-177,F-0316,M13,descargada-parcial,Resumen catalográfico (campo Abstract del registro dLOC),2026-10-06
A-177,F-0322,M13,descargada-y-leida,"sobreviviente Vital Princivil, 111",2026-10-06
A-177,F-0330,M13,descargada-y-leida,PDF p. 13 (p. 12 del impreso); lectura de la imagen,2026-10-06
A-177,F-0335,M13,descargada-y-leida,"PDF p. 2, art. 1 ; PDF p. 4, art. 10",2026-10-06
A-177,F-0362,M13,descargada-y-leida,párr. 2,2026-10-06
A-177,F-0371,M13,descargada-y-leida,"Turits y Derby, p. 44",2026-10-06
A-178,F-0136,M13,descargada-parcial,,2026-10-06
A-178,F-0137,M13,descargada-parcial,"(a) párr. 2 ; (b) comunicado, párr. 2",2026-10-06
A-178,F-0173,M13,descargada-parcial,,2026-10-06
A-178,F-0174,M13,descargada-y-leida,(a) p. 90 ; (a) p. 82 (pdf 6),2026-10-06
A-178,F-0269,M13,descargada-y-leida,pp. 67-68 (PDF pp. 3-4) ; pp. 67-68 ; p. 67,2026-10-06
A-178,F-0293,M13,descargada-y-leida,p. 82 (PDF p. 16),2026-10-06
A-178,F-0294,M13,fallo-fetch,,2026-10-06
A-178,F-0316,M13,descargada-parcial,Resumen catalográfico (campo Abstract del registro dLOC),2026-10-06
A-178,F-0371,M13,descargada-y-leida,"Turits y Derby, p. 44 ; Turits y Derby, p. 45",2026-10-06
A-179,F-0057,M13,descargada-y-leida,"(a) p. 175 (art. X, 2.º, texto francés) ; (b) PDF p. 4-5, art. X [cita con OCR corregido; coincidencia 0.94]",2026-10-06
A-179,F-0069,M13,descargada-y-leida,(a) (p. 9 del impreso) | l. 182 del txt de la URL ; (a) (p. 11 del impreso) | l. 292 del txt de la URL [cita con OCR corregido; coincidencia 0.97] ; (d) campo dc.description.abstract (catálogo),2026-10-06
A-179,F-0070,M13,descargada-y-leida,"párr. 'Joaquín Balaguer, quien fungiera como canciller...' ; párr. 'Se pensó siempre que...' ; párr. 'En 1927, diez años antes...'",2026-10-06
A-179,F-0073,M13,descargada-y-leida,p. 132 (PDF p. 24) ; p. 133 (PDF p. 25),2026-10-06
A-179,F-0075,M13,fallo-fetch,,2026-10-06
A-179,F-0077,M13,descargada-y-leida,párr. 'En el libro Trujillo y Haití volumen II...',2026-10-06
A-179,F-0082,M13,solo-localizada,"ficha editorial, descripción",2026-10-06
A-179,F-0083,M13,solo-localizada,ficha editorial ; reseña de Samuel Martínez en la ficha,2026-10-06
A-179,F-0102,M13,descargada-y-leida,"p. 120 (PDF p. 32), Conclusiones",2026-10-06
A-179,F-0109,M13,descargada-y-leida,"t. I, p. 122 (sobre el discurso de Elías Piña) ; t. II, p. 324, cap. XI (traducción francesa de Price-Mars de Peña Batlle)",2026-10-06
A-179,F-0138,M13,solo-localizada,ficha editorial,2026-10-06
A-179,F-0154,M13,descargada-parcial,"(a) cap. 5, resumen",2026-10-06
A-179,F-0173,M13,descargada-parcial,"(b) ficha editorial, descripción",2026-10-06
A-179,F-0174,M13,descargada-y-leida,(a) p. 96 ; (a) p. 98 ; (a) p. 96 (PDF p. 20),2026-10-06
A-179,F-0198,M13,descargada-y-leida,(b) párr. 2 ; (b) párr. 'Es luego de la matanza...' ; (b) párr. 'Los intentos del Presidente Horacio Vásquez...',2026-10-06
A-179,F-0254,M13,descargada-y-leida,Inicio,2026-10-06
A-179,F-0269,M13,descargada-y-leida,p. 66 (PDF p. 2) ; p. 66 ; p. 67 (PDF p. 3) ; p. 71 (PDF p. 7) ; p. 75 (PDF p. 11) ; (+2 más),2026-10-06
A-179,F-0271,M13,descargada-y-leida,párr. 'Joaquín Balaguer ... Para Balaguer',2026-10-06
A-179,F-0273,M13,descargada-y-leida,"PDF p. 12, mensaje del 7-III-1939 ; (mensaje del Ejecutivo, 7-III-1939) | l. 266 del txt de la URL [cita con OCR corregido; coincidencia 0.90] ; PDF p. 13",2026-10-06
A-179,F-0274,M13,descargada-y-leida,"PDF p. 6, exposición del art. 11",2026-10-06
A-179,F-0276,M13,descargada-y-leida,,2026-10-06
A-179,F-0277,M13,descargada-y-leida,"p. 11, nota 1 (PDF p. 2) ; p. 25, nota 44 (PDF p. 16)",2026-10-06
A-179,F-0278,M13,descargada-y-leida,mismo párr.,2026-10-06
A-179,F-0279,M13,descargada-y-leida,párr. 1 ; párr. 2,2026-10-06
A-179,F-0284,M13,descargada-y-leida,p. 32 (PDF p. 4) ; p. 32 (PDF p. 4) ; p. 32,2026-10-06
A-179,F-0285,M13,descargada-y-leida,mismo párr.,2026-10-06
A-179,F-0286,M13,descargada-y-leida,párr. 'Peña Batlle comprendió este hecho...',2026-10-06
A-179,F-0292,M13,descargada-y-leida,párr. sobre Peña Batlle y la dictadura ; párr. 'Según Jesús de Galíndez...',2026-10-06
A-179,F-0293,M13,descargada-y-leida,"p. 67 (PDF p. 1), resumen ; p. 77 (PDF p. 11) ; p. 80 (PDF p. 14) ; p. 82 (PDF p. 16)",2026-10-06
A-179,F-0294,M13,fallo-fetch,,2026-10-06
A-179,F-0295,M13,fallo-fetch,,2026-10-06
A-179,F-0296,M13,fallo-fetch,,2026-10-06
A-179,F-0305,M13,descargada-y-leida,"p. 1, columna 1-2",2026-10-06
A-179,F-0324,M13,descargada-y-leida,párr. 4,2026-10-06
A-179,F-0331,M13,descargada-y-leida,"(mensaje de Trujillo al Congreso sobre el Acuerdo) | l. 3610 del txt de la URL [cita con OCR corregido; coincidencia 0.93] ; (resolución de la Cámara de Diputados, 10-II-1938) | l. 3684 del txt de la URL [cita con OCR corregido; coincidencia 0.89]",2026-10-06
A-179,F-0341,M13,descargada-y-leida,pasaje citado | l. 36 del txt de la URL [cita con OCR corregido; coincidencia 0.87],2026-10-06
A-179,F-0343,M13,descargada-y-leida,(cap. I) | l. 192 del txt de la URL [cita con OCR corregido; coincidencia 0.96] ; pasaje citado | l. 563 del txt de la URL ; (con nota 10) | l. 603 del txt de la URL [cita con OCR corregido; coincidencia 0.95],2026-10-06
A-179,F-0357,M13,descargada-y-leida,p. 266 (introducción),2026-10-06
A-179,F-0358,M13,descargada-y-leida,pp. 52-53,2026-10-06
A-179,F-0359,M13,descargada-y-leida,"pdf p. 248; cap. 5, p. 225 ; pdf p. 191; cap. 5, p. 168 (cita a Machado Báez, La era de Trujillo, p. 232) ; p. 214",2026-10-06
A-179,F-0365,M13,descargada-y-leida,p. 289,2026-10-06
A-179,F-0367,M13,descargada-y-leida,párr. 1,2026-10-06
A-179,F-0371,M13,descargada-y-leida,"Turits y Derby, p. 44 ; Turits y Derby, p. 49 ; Turits y Derby, n. 2 (p. 50) ; Turits y Derby, n. 6 (p. 50)",2026-10-06
A-179,F-0372,M13,descargada-y-leida,Resumen ; sección 'The Dominican Republic... 1937' (enero de 1937) ; sección sobre el verano de 1937 ; sección 'The Massacre and Aftermath',2026-10-06
A-180,F-0069,M13,descargada-y-leida,(a) (portada) | l. 75 del txt de la URL [cita con OCR corregido; coincidencia 0.97] ; (a) (p. 9 del impreso) | l. 182 del txt de la URL ; (a) (p. 11 del impreso) | l. 292 del txt de la URL [cita con OCR corregido; coincidencia 0.97] ; (b) (portada) | l. 1 del txt de la URL ; (+5 más),2026-10-06
A-180,F-0109,M13,descargada-y-leida,"t. I, p. 122 (sobre el discurso de Elías Piña) ; t. II, p. 324, cap. XI (traducción francesa de Price-Mars de Peña Batlle)",2026-10-06
A-180,F-0269,M13,descargada-y-leida,"p. 66, nota 1 ; p. 73 (PDF p. 9)",2026-10-06
A-180,F-0276,M13,descargada-y-leida,p. 163 (PDF p. 17) ; p. 163 (PDF p. 17) ; p. 163 (pdf 17) ; p. 163 (pdf 17) ; p. 163 (pdf 17); n. 36,2026-10-06
A-180,F-0277,M13,descargada-y-leida,"p. 11, nota 1 (PDF p. 2) ; p. 25, nota 44 (PDF p. 16)",2026-10-06
A-180,F-0278,M13,descargada-y-leida,"párr. 'Manuel Arturo Peña Batlle, uno de los principales ideólogos...' ; mismo párr.",2026-10-06
A-180,F-0286,M13,descargada-y-leida,párr. 'Peña Batlle comprendió este hecho...',2026-10-06
A-180,F-0289,M13,descargada-y-leida,PDF p. 2 ; PDF p. 3,2026-10-06
A-180,F-0292,M13,descargada-y-leida,párr. sobre Peña Batlle y la dictadura,2026-10-06
A-180,F-0339,M13,descargada-y-leida,"Mensaje 1944 (gestión de 1943), sección ""Campaña de dominicanización fronteriza"" | l. 1187 del txt de la URL [cita con OCR corregido; coincidencia 0.97]",2026-10-06
A-180,F-0340,M13,descargada-y-leida,(nota de transmisión) | l. 268 del txt de la URL [cita con OCR corregido; coincidencia 0.92],2026-10-06
A-180,F-0341,M13,descargada-y-leida,pasaje citado | l. 36 del txt de la URL [cita con OCR corregido; coincidencia 0.87],2026-10-06
A-180,F-0343,M13,descargada-y-leida,"(cap. I) | l. 192 del txt de la URL [cita con OCR corregido; coincidencia 0.96] ; (cap. ""La nacionalización de las fronteras"") | l. 3733 del txt de la URL [cita con OCR corregido; coincidencia 0.96] ; pasaje citado | l. 3757 del txt de la URL [cita con OCR corregido; coincidencia 0.95]",2026-10-06
A-180,F-0354,M13,descargada-y-leida,"PDF p. 1, párr. 2 ; PDF p. 1, párr. 2, última frase",2026-10-06
A-180,F-0356,M13,solo-localizada,,2026-10-06
A-180,F-0359,M13,descargada-y-leida,"pdf p. 191; cap. 5, p. 168 (cita a Machado Báez, La era de Trujillo, p. 232) ; pdf p. 191; cap. 5, p. 168 ; pdf p. 249; cap. 5, p. 226 ; pdf p. 249; cap. 5, p. 226, n. 33",2026-10-06
A-180,F-0361,M13,descargada-y-leida,párr. 3,2026-10-06
A-180,F-0365,M13,descargada-y-leida,p. 289 ; p. 290,2026-10-06
A-181,F-0055,M13,descargada-y-leida,"(a) PDF p. 4 (mensaje de Trujillo, 16-III-1936), texto OCR de la capa del PDF ; (a) PDF p. 6 (mensaje de Trujillo), texto OCR ; (a) PDF p. 14 (p. 4 del impreso legislativo), lectura visual del escaneo ; (a) PDF p. 14 (art. 1º del Protocolo), lectura visual del escaneo ; (+9 más)",2026-10-06
A-181,F-0100,M13,descargada-y-leida,párr. 3,2026-10-06
A-181,F-0109,M13,descargada-y-leida,"t. II, p. 310, cap. XI ; t. II, p. 325, cap. XI",2026-10-06
A-181,F-0174,M13,descargada-y-leida,"(a) p. 90 ; (a) p. 90 (pdf 14); n. 31 ; p. 90, n. 31 ; p. 90, nota 31 ; (a) p. 96 (pdf 20) ; p. 96 ; (a) p. 90 (pdf 14) ; (+1 más)",2026-10-06
A-181,F-0246,M13,descargada-y-leida,p. 72 (PDF p. 73),2026-10-06
A-181,F-0266,M13,descargada-parcial,(a) título de la página,2026-10-06
A-181,F-0269,M13,descargada-y-leida,p. 68 (PDF p. 4),2026-10-06
A-181,F-0284,M13,descargada-y-leida,p. 32 (PDF p. 4) ; p. 32 (PDF p. 4) ; p. 32,2026-10-06
A-181,F-0285,M13,descargada-y-leida,párr. 'En torno al tema Lescot-Trujillo...' ; mismo párr. ; párr. '¿Cuáles motivos distanció a Trujillo de Lescot?',2026-10-06
A-181,F-0287,M13,descargada-y-leida,(a) párr. 'La firma' ; (a) párr. 1 ; (a) párr. 'Acuerdo secreto' ; (a) párr. 'El historiador Manuel Núñez considera en cambio...' ; (+3 más),2026-10-06
A-181,F-0289,M13,descargada-y-leida,PDF p. 2,2026-10-06
A-181,F-0293,M13,descargada-y-leida,p. 80 (PDF p. 14),2026-10-06
A-181,F-0300,M13,descargada-y-leida,"Moniteur del 4-V-1936, arrêté de la Commission communale (2-V-1936), considerandos ; Moniteur del 7-V-1936, ley que abre un crédito extraordinario de 113.000 gourdes ; Moniteur del 12-V-1936, programa oficial de las ceremonias de la toma de posesión",2026-10-06
A-181,F-0301,M13,descargada-y-leida,"p. 1, columna derecha (réponse de Trujillo, traducción francesa) ; p. 1, columna derecha ; p. 1, columna derecha (referencia al encuentro de octubre de 1933) ; p. 1, columna izquierda (discurso de Vincent)",2026-10-06
A-181,F-0302,M13,descargada-y-leida,"p. 1, 'Arrivée du Président Trujillo' (nº del 9-III-1936) ; p. 1, nº del 14-III-1936 (cabecera: CABLOGRAMME DU PDT. ROOSEVELT AU PDT. VINCENT)",2026-10-06
A-181,F-0303,M13,descargada-y-leida,"p. 1, considerandos ; p. 1, art. 1",2026-10-06
A-181,F-0304,M13,descargada-y-leida,"p. 1, columna 2, 'Communiqué'",2026-10-06
A-181,F-0305,M13,descargada-y-leida,"p. 1, columna 1-2",2026-10-06
A-181,F-0312,M13,descargada-y-leida,"p. 4, 'Le monde extérieur' ; p. 1, cuadro de 'Événements majeurs'",2026-10-06
A-181,F-0313,M13,descargada-y-leida,"(a) Titre premier, art. 1 ; Constitución de 1935, art. 1",2026-10-06
A-181,F-0324,M13,descargada-y-leida,párr. 1,2026-10-06
A-181,F-0327,M13,descargada-y-leida,(proyecto de resolución) | l. 16 del txt de la URL [cita con OCR corregido; coincidencia 0.93] ; considerando segundo | l. 29 del txt de la URL [cita con OCR corregido; coincidencia 0.87],2026-10-06
A-181,F-0328,M13,descargada-y-leida,"mensaje del 7-IV-1936, párr. 1 | l. 55 del txt de la URL [cita con OCR corregido; coincidencia 0.93] ; mensaje, párr. 3 | l. 78 del txt de la URL [cita con OCR corregido; coincidencia 0.95] ; articulo único del proyecto | l. 108 del txt de la URL [cita con OCR corregido; coincidencia 0.93]",2026-10-06
A-181,F-0329,M13,descargada-y-leida,"PDF p. 103 (p. 102 del impreso), ""Visita del Presidente Trujillo a Haití"", discurso de Vincent; lectura de la imagen ; PDF p. 105 (p. 104 del impreso), discurso de Trujillo; lectura de la imagen",2026-10-06
A-181,F-0330,M13,descargada-y-leida,"PDF p. 13 (p. 12 del impreso); lectura de la imagen ; PDF p. 7 (p. 6 del impreso), ""Visita del Presidente Vincent""; lectura de la imagen",2026-10-06
A-181,F-0339,M13,descargada-y-leida,"Mensaje 1944, sección de límites | l. 1946 del txt de la URL [cita con OCR corregido; coincidencia 0.96]",2026-10-06
A-181,F-0350,M13,descargada-y-leida,"n.º 03156, sábado 16-X-1937, comunicado oficial de Ciudad Trujillo, 15-X-1937; lectura de la imagen",2026-10-06
A-181,F-0353,M13,descargada-y-leida,(carta de transmisión) | l. 62 del txt de la URL [cita con OCR corregido; coincidencia 0.97],2026-10-06
A-181,F-0358,M13,descargada-y-leida,pp. 52-53,2026-10-06
A-181,F-0359,M13,descargada-y-leida,"pdf p. 96; cap. 2, p. 79, n. 22 (cita a Vega, Trujillo y Haití, p. 230) ; p. 214",2026-10-06
A-181,F-0360,M13,descargada-y-leida,"p. VIII (reseña de Paulino, p. 50-55) ; p. VIII ; p. XI",2026-10-06
A-181,F-0363,M13,descargada-y-leida,párr. 1,2026-10-06
A-181,F-0370,M13,descargada-y-leida,p. 610,2026-10-06
A-182,F-0100,M13,descargada-y-leida,párr. sobre Balaguer,2026-10-06
A-182,F-0109,M13,descargada-y-leida,"t. II, p. 311, cap. XI",2026-10-06
A-182,F-0189,M13,descargada-y-leida,párr. 'I will fix this',2026-10-06
A-182,F-0271,M13,descargada-y-leida,párr. 'Frank Moya Pons expuso...',2026-10-06
A-182,F-0272,M13,descargada-y-leida,párr. 1 ; párr. 2,2026-10-06
A-182,F-0336,M13,descargada-y-leida,pasaje citado | l. 512 del txt de la URL,2026-10-06
A-182,F-0358,M13,descargada-y-leida,p. 51 (pie de ilustración),2026-10-06
A-182,F-0372,M13,descargada-y-leida,sección 'The Massacre and Aftermath',2026-10-06
A-183,F-0057,M13,descargada-y-leida,"(a) p. 170 (considerando 3.º) ; (a) p. 172 (art. VI) ; (b) PDF p. 2, tercer considerando [cita con OCR corregido; coincidencia 0.93] ; (c) p. 105 (considerandos, versión francesa)",2026-10-06
A-183,F-0109,M13,descargada-y-leida,"t. II, p. 316, cap. XI",2026-10-06
A-183,F-0246,M13,descargada-y-leida,p. 30 (PDF p. 31),2026-10-06
A-183,F-0270,M13,descargada-y-leida,p. 64 (PDF p. 2) ; p. 70 (PDF p. 8) ; p. 2-3 del PDF (arranque),2026-10-06
A-183,F-0304,M13,descargada-y-leida,"p. 1, misma pieza",2026-10-06
A-183,F-0305,M13,descargada-y-leida,"p. 1, columna 2",2026-10-06
A-183,F-0306,M13,descargada-y-leida,"p. 1, columna 1 (mismo mensaje)",2026-10-06
A-183,F-0324,M13,descargada-y-leida,párr. 6,2026-10-06
A-183,F-0331,M13,descargada-y-leida,(carta del Secretario de Justicia al Procurador) | l. 1668 del txt de la URL,2026-10-06
A-183,F-0358,M13,descargada-y-leida,p. 54,2026-10-06
A-184,F-0057,M13,descargada-y-leida,"(a) p. 175 (art. X, 2.º, texto francés)",2026-10-06
A-184,F-0332,M13,descargada-y-leida,(índice de actos del Poder Ejecutivo) | l. 13718 del txt de la URL [cita con OCR corregido; coincidencia 0.96],2026-10-06
A-185,F-0073,M13,descargada-y-leida,p. 132 (PDF p. 24) ; p. 133 (PDF p. 25),2026-10-06
A-185,F-0077,M13,descargada-y-leida,párr. 'Incluso el Congreso trujillista...',2026-10-06
A-185,F-0161,M13,solo-localizada,"ficha editorial, descripción",2026-10-06
A-185,F-0198,M13,descargada-y-leida,(b) párr. 'Los intentos del Presidente Horacio Vásquez...',2026-10-06
A-185,F-0266,M13,descargada-parcial,(a) título de la página,2026-10-06
A-185,F-0269,M13,descargada-y-leida,p. 71 (PDF p. 7),2026-10-06
A-185,F-0272,M13,descargada-y-leida,"párr. 7 ; párr. 'Sin embargo, para la zafra de 1937-1938...'",2026-10-06
A-185,F-0273,M13,descargada-y-leida,"PDF p. 12, mensaje del 7-III-1939 ; (mensaje del Ejecutivo, 7-III-1939) | l. 266 del txt de la URL [cita con OCR corregido; coincidencia 0.90] ; PDF p. 13 ; PDF p. 13 ; PDF p. 5, observaciones del 15-III-1939 ; (+4 más)",2026-10-06
A-185,F-0274,M13,descargada-y-leida,"PDF p. 6, exposición del art. 11",2026-10-06
A-185,F-0275,M13,descargada-y-leida,"PDF p. 2, mensaje del 9-VI-1953 ; PDF p. 2",2026-10-06
A-185,F-0283,M13,descargada-y-leida,mismo bloque,2026-10-06
A-185,F-0284,M13,descargada-y-leida,p. 32 (PDF p. 4),2026-10-06
A-185,F-0334,M13,descargada-y-leida,(Declaración de la Delegación Dominicana) | l. 4824 del txt de la URL [cita con OCR corregido; coincidencia 0.96] ; pasaje citado | l. 4832 del txt de la URL [cita con OCR corregido; coincidencia 0.90] ; pasaje citado | l. 1212 del txt de la URL [cita con OCR corregido; coincidencia 0.97],2026-10-06
A-185,F-0335,M13,descargada-y-leida,"PDF p. 2, art. 4",2026-10-06
A-185,F-0337,M13,descargada-y-leida,"Exp. 1618 (Ley 597), arts. 1-2 | l. 68 del txt de la URL [cita con OCR corregido; coincidencia 0.93]",2026-10-06
A-185,F-0368,M13,descargada-y-leida,p. 116 ; p. 117,2026-10-06
A-185,F-0369,M13,descargada-y-leida,párr. sobre Évian,2026-10-06
A-185,F-0377,M13,descargada-y-leida,,2026-10-06
A-185,F-0384,M13,descargada-y-leida,,2026-10-06
A-185,F-0385,M13,descargada-y-leida,,2026-10-06
A-186,F-0073,M13,descargada-y-leida,p. 132 (PDF p. 24),2026-10-06
A-186,F-0077,M13,descargada-y-leida,"párr. 'Incluso el Congreso trujillista...' ; párr. 'Igualmente, se sabe...'",2026-10-06
A-186,F-0100,M13,descargada-y-leida,párr. sobre el ingenio,2026-10-06
A-186,F-0109,M13,descargada-y-leida,"t. II, p. 316, cap. XI ; t. II, p. 309, cap. XI ; t. II, p. 331, cap. XI",2026-10-06
A-186,F-0174,M13,descargada-y-leida,(a) p. 96 ; p. 96 (pdf 20) ; (a) p. 96 (pdf 20),2026-10-06
A-186,F-0175,M13,descargada-y-leida,p. 70,2026-10-06
A-186,F-0272,M13,descargada-y-leida,"mismo párr. ; párr. 7 ; párr. 'Sin embargo, para la zafra de 1937-1938...'",2026-10-06
A-186,F-0273,M13,descargada-y-leida,(sección 7 del reglamento) | l. 493 del txt de la URL [cita con OCR corregido; coincidencia 0.92] ; (dictamen del 15-III-1939) | l. 53 del txt de la URL [cita con OCR corregido; coincidencia 0.94],2026-10-06
A-186,F-0281,M13,descargada-y-leida,párr. 'Cada ingenio asumiría...',2026-10-06
A-186,F-0284,M13,descargada-y-leida,p. 32 (PDF p. 4),2026-10-06
A-186,F-0324,M13,descargada-y-leida,párr. 1,2026-10-06
A-186,F-0335,M13,descargada-y-leida,"PDF p. 4, art. 10",2026-10-06
A-186,F-0337,M13,descargada-y-leida,"Exp. 1618 (Ley 597), arts. 1-2 | l. 68 del txt de la URL [cita con OCR corregido; coincidencia 0.93]",2026-10-06
A-186,F-0338,M13,descargada-y-leida,art. 1 | l. 131 del txt de la URL,2026-10-06
A-186,F-0339,M13,descargada-y-leida,Mensaje 1958 | l. 5946 del txt de la URL [cita con OCR corregido; coincidencia 0.95],2026-10-06
A-186,F-0344,M13,descargada-y-leida,"doc. 150 (d150), White a Hull, Puerto Príncipe, 11-II-1944",2026-10-06
A-186,F-0357,M13,descargada-y-leida,p. 270,2026-10-06
A-186,F-0358,M13,descargada-y-leida,pp. 52-53 ; pdf p. 2; pp. 52-53,2026-10-06
A-186,F-0359,M13,descargada-y-leida,,2026-10-06
A-186,F-0360,M13,descargada-y-leida,p. X,2026-10-06
A-186,F-0371,M13,descargada-y-leida,"Turits y Derby, p. 43",2026-10-06
A-186,F-0372,M13,descargada-y-leida,sección 'The Dominican Republic... 1937' (enero de 1937) ; sección 'The Massacre and Aftermath',2026-10-06
A-186,F-0374,M13,descargada-y-leida,p. 154 (pdf 14) ; p. 153 (pdf 13) ; p. 153 (pdf 13); n. 18 ; p. 146 (pdf 6),2026-10-06
A-186,F-0377,M13,descargada-y-leida,,2026-10-06
A-187,F-0073,M13,descargada-y-leida,p. 133 (PDF p. 25),2026-10-06
A-187,F-0077,M13,descargada-y-leida,"párr. 'Poco después, en el 1933...'",2026-10-06
A-187,F-0109,M13,descargada-y-leida,"t. II, p. 309, cap. XI ; t. II, p. 331, cap. XI ; t. II, p. 318, cap. XI (comunicado de Lescot, Moniteur del 9-IX-1941) ; t. II, p. 319 (cita atribuida a Trujillo, 1942, vía Albert C. Hicks 1946, p. 181) ; (+2 más)",2026-10-06
A-187,F-0174,M13,descargada-y-leida,(a) p. 96 (pdf 20),2026-10-06
A-187,F-0175,M13,descargada-y-leida,p. 70 ; p. 72 ; p. 74 ; p. 75,2026-10-06
A-187,F-0273,M13,descargada-y-leida,(sección 7 del reglamento) | l. 493 del txt de la URL [cita con OCR corregido; coincidencia 0.92],2026-10-06
A-187,F-0281,M13,descargada-y-leida,párr. 2 ; párr. 'Cada ingenio asumiría...',2026-10-06
A-187,F-0282,M13,descargada-y-leida,párr. 4 ; párr. 5 ; párr. 7 ; párr. 8,2026-10-06
A-187,F-0284,M13,descargada-y-leida,p. 32 (PDF p. 4),2026-10-06
A-187,F-0290,M13,descargada-y-leida,párr. sobre los cortadores de caña,2026-10-06
A-187,F-0296,M13,fallo-fetch,,2026-10-06
A-187,F-0299,M13,descargada-y-leida,Art. 1 (p. 597-598 del Moniteur) ; Art. 5 (p. 598),2026-10-06
A-187,F-0335,M13,descargada-y-leida,"PDF p. 2, art. 1 ; PDF p. 2, art. 4",2026-10-06
A-187,F-0336,M13,descargada-y-leida,pasaje citado | l. 459 del txt de la URL [cita con OCR corregido; coincidencia 0.97],2026-10-06
A-187,F-0337,M13,descargada-y-leida,"Exp. 1618 (Ley 597), arts. 1-2 | l. 68 del txt de la URL [cita con OCR corregido; coincidencia 0.93]",2026-10-06
A-187,F-0338,M13,descargada-y-leida,mensaje del 28-I-1952 | l. 533 del txt de la URL [cita con OCR corregido; coincidencia 0.94] ; mensaje | l. 555 del txt de la URL [cita con OCR corregido; coincidencia 0.90] ; art. 1 | l. 131 del txt de la URL ; art. 7 | l. 233 del txt de la URL [cita con OCR corregido; coincidencia 0.92],2026-10-06
A-187,F-0339,M13,descargada-y-leida,Mensaje 1951 (gestión de 1950) | l. 445 del txt de la URL [cita con OCR corregido; coincidencia 0.95] ; Mensaje 1953 | l. 961 del txt de la URL ; Mensaje 1953 | l. 966 del txt de la URL ; Mensaje 1958 | l. 5946 del txt de la URL [cita con OCR corregido; coincidencia 0.95] ; (+3 más),2026-10-06
A-187,F-0344,M13,descargada-y-leida,"doc. 150 (d150), White a Hull, Puerto Príncipe, 11-II-1944 ; doc. 154 (d154), White a Hull, 15-II-1944 ; doc. 158 (d158), Roosevelt a Lescot, 4-III-1944",2026-10-06
A-187,F-0349,M13,descargada-y-leida,"doc. 309, p. 818",2026-10-06
A-187,F-0358,M13,descargada-y-leida,pp. 52-53 ; pdf p. 2; pp. 52-53,2026-10-06
A-187,F-0372,M13,descargada-y-leida,sección 'The Dominican Republic... 1937' (enero de 1937),2026-10-06
A-187,F-0374,M13,descargada-y-leida,p. 154 (pdf 14); n. 20 ; p. 191 (pdf 51),2026-10-06
A-187,F-0375,M13,descargada-y-leida,párr. 4 ; párr. 5 ; párr. 6 ; párr. 7 ; (+1 más),2026-10-06
A-187,F-0376,M13,descargada-y-leida,p. 10 (pdf 4),2026-10-06
A-187,F-0377,M13,descargada-y-leida,,2026-10-06
A-188,F-0058,M13,descargada-y-leida,"(a) pdf p. 10; proyecto de 4-IV-1936, art. 3",2026-10-06
A-188,F-0067,M13,descargada-y-leida,"(a) censo de 1920, tabla de nacionalidad ; (a) censo de 1950, tabla de nacionalidad ; (a) censo de 1960, tabla de nacionalidad",2026-10-06
A-188,F-0109,M13,descargada-y-leida,"t. II, p. 327, cap. XI (cita del Álbum de Oro 1935)",2026-10-06
A-188,F-0198,M13,descargada-y-leida,(a) párr. 12 ; (a) párr. 12 ; párr. sobre el censo de 1935 ; (a) párr. 13 ; párr. sobre el cálculo de Vega,2026-10-06
A-188,F-0238,M13,descargada-parcial,ficha,2026-10-06
A-188,F-0272,M13,descargada-y-leida,párr. 'La gran masacre aconteció...' ; párr. 4,2026-10-06
A-188,F-0359,M13,descargada-y-leida,"pdf p. 102; cap. 3, p. 85, n. 2 ; pdf p. 102; cap. 3, p. 85 ; pdf p. 113; cap. 3, p. 96 ; pdf p. 113; cap. 3, p. 96, n. 26",2026-10-06
A-188,F-0377,M13,descargada-y-leida,,2026-10-06
A-188,F-0378,M13,descargada-y-leida,,2026-10-06
A-188,F-0379,M13,descargada-y-leida,,2026-10-06
A-188,F-0380,M13,descargada-y-leida,,2026-10-06
A-188,F-0381,M13,descargada-y-leida,"hoja ""Full data"", filas HTI 1900-1940",2026-10-06
A-188,F-0391,M13,descargada-parcial,,2026-10-06
A-188,F-0392,M13,fallo-fetch,,2026-10-06
A-189,F-0067,M13,descargada-y-leida,"(a) censo de 1920, tabla de raza ; (a) censo de 1950, tabla de raza ; (a) censo de 1960, tabla de raza ; (b) párr. 2 ; (+2 más)",2026-10-06
A-189,F-0109,M13,descargada-y-leida,"t. II, p. 327, cap. XI (cita del Álbum de Oro 1935)",2026-10-06
A-189,F-0174,M13,descargada-y-leida,(a) p. 79 (pdf 3); n. 5,2026-10-06
A-189,F-0203,M13,fallo-fetch,,2026-10-06
A-189,F-0359,M13,descargada-y-leida,"pdf p. 113; cap. 3, p. 96, n. 26",2026-10-06
A-189,F-0360,M13,descargada-y-leida,p. XVI,2026-10-06
A-189,F-0377,M13,descargada-y-leida,,2026-10-06
A-190,F-0056,M13,fallo-fetch,,2026-10-06
A-190,F-0100,M13,descargada-y-leida,párr. 'Los muertos',2026-10-06
A-190,F-0102,M13,descargada-y-leida,p. 118 (PDF p. 30),2026-10-06
A-190,F-0109,M13,descargada-y-leida,"t. II, p. 312, cap. XI ; t. II, p. 312, cap. XI (continuación inmediata)",2026-10-06
A-190,F-0114,M13,solo-localizada,"Ficha WorldCat/UW (resumen del catálogo, en inglés)",2026-10-06
A-190,F-0154,M13,descargada-parcial,"(a) cap. 5 ('La campaña contra los Haitianos'), resumen ; (b) cap. 4, resumen ; (b) cap. 5 (pp. 164-186), resumen; URL: https://www.cambridge.org/core/books/abs/more-than-a-massacre/la-campana-contra-los-haitianos/E2211EA4C757520BF4CCA0B27CAF11C6",2026-10-06
A-190,F-0174,M13,descargada-y-leida,"(a) p. 78, n. 2 ; (a) p. 78 (pdf 2); n. 2 ; p. 78, n. 2 ; (a) p. 78 (pdf 2); n. 2",2026-10-06
A-190,F-0175,M13,descargada-y-leida,p. 70,2026-10-06
A-190,F-0189,M13,descargada-y-leida,párr. 'A Border Drawn in Blood',2026-10-06
A-190,F-0198,M13,descargada-y-leida,(a) párr. 3 ; (a) párr. 4 ; (a) párr. 4 ; párr. 'A partir de las cantidades...' ; (a) párr. 6 ; párr. 'Para la intelectual haitiana...' ; (+4 más),2026-10-06
A-190,F-0269,M13,descargada-y-leida,p. 66 (PDF p. 2),2026-10-06
A-190,F-0270,M13,descargada-y-leida,p. 63 (pdf 1),2026-10-06
A-190,F-0280,M13,descargada-y-leida,p. 325 (PDF p. 9) ; p. 332 (PDF p. 16),2026-10-06
A-190,F-0283,M13,descargada-y-leida,mismo bloque,2026-10-06
A-190,F-0306,M13,descargada-y-leida,"p. 1, columna 4 (nota 'Le Gouvernement a rapatrié plus de 5.000 Haïtiens')",2026-10-06
A-190,F-0307,M13,descargada-y-leida,"p. 1, columna 3 (despacho UP, Washington, 10 noviembre) ; p. 1, columna 3, final de la nota",2026-10-06
A-190,F-0324,M13,descargada-y-leida,párr. 6,2026-10-06
A-190,F-0350,M13,descargada-y-leida,"n.º 03210, sábado 18-XII-1937, p. 1 ""L’affaire haïtiano-dominicaine""; lectura de la imagen",2026-10-06
A-190,F-0357,M13,descargada-y-leida,p. 269 (cuerpo del texto) ; n. 19 (notas finales),2026-10-06
A-190,F-0359,M13,descargada-y-leida,"Resumen (p. iii del escaneo, PDF p. 5)",2026-10-06
A-190,F-0369,M13,descargada-y-leida,párr. sobre Évian,2026-10-06
A-190,F-0371,M13,descargada-y-leida,"Turits y Derby, n. 4 (p. 50) ; Julia Alvarez, p. 259 ; Cynthia Carrión, p. 103",2026-10-06
A-190,F-0372,M13,descargada-y-leida,sección 'The Massacre and Aftermath',2026-10-06
A-190,F-0376,M13,descargada-y-leida,p. 10 (pdf 4),2026-10-06
A-191,F-0100,M13,descargada-y-leida,párr. 'Los muertos',2026-10-06
A-191,F-0189,M13,descargada-y-leida,párr. 'A Border Drawn in Blood',2026-10-06
A-191,F-0246,M13,descargada-y-leida,p. 65 (PDF p. 66),2026-10-06
A-191,F-0272,M13,descargada-y-leida,"sección ""La matanza en la provincia de Montecristi""",2026-10-06
A-191,F-0359,M13,descargada-y-leida,"pdf p. 109; cap. 3, p. 92 ; pdf p. 110; cap. 3, p. 93 ; pp. 90-91, n. 18",2026-10-06
A-191,F-0367,M13,descargada-y-leida,párr. 2,2026-10-06
A-191,F-0371,M13,descargada-y-leida,"Myers y Paulino, Introducción, p. 6 ; Paulino y García, p. 224",2026-10-06
A-191,F-0390,M13,descargada-y-leida,,2026-10-06
A-192,F-0057,M13,descargada-y-leida,"(a) p. 172 (art. IV, texto español) ; (a) p. 174 (art. XII) ; (a) p. 172 (art. VI) ; (a) LNTS vol. 187, n.º 4336, p. 177, art. IV (trad. inglesa) ; (+4 más)",2026-10-06
A-192,F-0102,M13,descargada-y-leida,p. 119 (PDF p. 31),2026-10-06
A-192,F-0109,M13,descargada-y-leida,"t. II, p. 310, cap. XI ; t. II, p. 312, cap. XI ; t. II, p. 315, cap. XI (acuerdo del 31-I-1938 según Price-Mars) ; t. II, p. 316, cap. XI",2026-10-06
A-192,F-0174,M13,descargada-y-leida,(a) p. 96 (pdf 20) ; p. 96,2026-10-06
A-192,F-0198,M13,descargada-y-leida,(a) párr. 4,2026-10-06
A-192,F-0283,M13,descargada-y-leida,párr. 'CONSECUENCIAS Y RECUERDO...',2026-10-06
A-192,F-0297,M13,descargada-y-leida,"p. 3 del PDF (Sénat, séance du 15 janvier 1938)",2026-10-06
A-192,F-0298,M13,descargada-y-leida,"p. 634 del Moniteur (PDF p. 10), sesión del 27-I-1938",2026-10-06
A-192,F-0305,M13,descargada-y-leida,"p. 1, columna 2",2026-10-06
A-192,F-0309,M13,descargada-y-leida,"p. 1, columnas 1-2 (empalme de dos pasajes: la crónica del periódico, cortada en el borde de la imagen, y el acta leída en la ceremonia, ambos del OCR de la misma página)",2026-10-06
A-192,F-0310,M13,descargada-y-leida,"p. 1, columna 3 (Art. 1.º del proyecto de ley votado por la Cámara) ; p. 1, columna 3 (mismo proyecto) ; p. 1, columna 1",2026-10-06
A-192,F-0311,M13,descargada-y-leida,p. 22 (imagen UF00094309/00001/00026.jpg) ; p. 22,2026-10-06
A-192,F-0312,M13,descargada-y-leida,"p. 4, 'Le monde extérieur' ; p. 4, párr. 3",2026-10-06
A-192,F-0318,M13,descargada-parcial,Resumen catalográfico (campo Abstract del registro dLOC),2026-10-06
A-192,F-0321,M13,descargada-y-leida,sección 'First reparations agreement was disrespectful' ; misma sección,2026-10-06
A-192,F-0323,M13,descargada-y-leida,sección sobre el acuerdo ; misma sección,2026-10-06
A-192,F-0324,M13,descargada-y-leida,párr. 2 ; párr. 3,2026-10-06
A-192,F-0325,M13,descargada-y-leida,sección 'Textes de Digital Library of the Caribbean',2026-10-06
A-192,F-0350,M13,descargada-y-leida,"n.º 03171, miércoles 3-XI-1937, portada; lectura de la imagen ; n.º 03190, jueves 25-XI-1937, p. 1 ""Ceux qui viennent en aide aux rescapés des récents massacres de la Dominicanie""; lectura de la imagen ; n.º 03251, viernes 4-II-1938, texto del Acuerdo de Washington, art. IV; lectura de la imagen",2026-10-06
A-192,F-0357,M13,descargada-y-leida,p. 270 (acuerdo de 1938),2026-10-06
A-192,F-0359,M13,descargada-y-leida,"pdf p. 139; cap. 3, p. 120, n. 84 (cita a Crassweller 1966, p. 159) ; p. 120, n. 84",2026-10-06
A-192,F-0361,M13,descargada-y-leida,párr. 2,2026-10-06
A-192,F-0363,M13,descargada-y-leida,párr. 1,2026-10-06
A-193,F-0109,M13,descargada-y-leida,"t. II, p. 229 (doctrina insular) ; t. II, p. 325, cap. XI ; t. I, Préface, pp. 10-12 (OCR con erratas corregidas)",2026-10-06
A-193,F-0175,M13,descargada-y-leida,p. 72,2026-10-06
A-193,F-0281,M13,descargada-y-leida,párr. 2,2026-10-06
A-193,F-0286,M13,descargada-y-leida,párr. 3 ; párr. 4,2026-10-06
A-193,F-0313,M13,descargada-y-leida,"(a) Titre premier, art. 1 ; Constitución de 1935, art. 1 ; (b) Titre premier, art. 1 ; (c) Titre premier, art. 1 ; (d) Titre premier, art. 1",2026-10-06
