afirmacion,modulo,nivel,falta,enunciado,quien_sostiene,evidencia_resolutoria,fuentes_leidas
A-005,M00,interpretación,haitiana,"""Quisqueya"" sería un nombre ciguayo (Granberry y Vescelius 2004), no taíno general, o una invención o sinónimo.",internacional (Granberry y Vescelius; debate abierto),"Leer el capítulo correspondiente de Granberry y Vescelius y la crítica filológica posterior (Arrom, Tejera).",F-0003:espanola;F-0006:espanola;F-0009:espanola;F-0010:espanola;F-0104:dominicana;F-0135:internacional;F-0183:internacional;F-0217:cientifica;F-0590:espanola;F-0868:dominicana;F-0869:dominicana;F-0874:dominicana;F-0882:dominicana;F-0901:espanola;F-0905:internacional;F-0919:internacional;F-1605:internacional;F-1619:internacional
A-014,M00,significado,haitiana,La nación dominicana es mulata y criolla con raíz africana central; Santo Domingo fue la primera sociedad de las Américas con mayoría negra y mulata en el siglo XVI (Franco).,"dominicana (variante afrodominicana: Franco, Tolentino Dipp, Cassá, Deive, Andújar)","Leer Franco 1969 y Tolentino Dipp 1974; contrastar con los censos coloniales (1606, 1785, 1789) y la genética (M16).",F-0006:espanola;F-0020:espanola;F-0021:francesa;F-0040:dominicana;F-0072:dominicana;F-0073:dominicana;F-0092:dominicana;F-0099:dominicana;F-0104:dominicana;F-0139:internacional;F-0183:internacional;F-0185:dominicana;F-0200:dominicana;F-0204:cientifica;F-0206:cientifica;F-0207:cientifica;F-0208:cientifica;F-0209:cientifica;F-0211:cientifica;F-0220:cientifica;F-0235:internacional;F-0295:dominicana;F-0410:dominicana;F-0443:dominicana;F-0693:cientifica;F-0760:internacional;F-0841:dominicana;F-0867:dominicana;F-0912:internacional;F-0931:espanola;F-0932:dominicana;F-0936:dominicana;F-0937:internacional;F-1465:dominicana;F-1581:internacional;F-1583:dominicana;F-1585:dominicana;F-1586:internacional;F-1595:dominicana;F-1602:oficial-rd
A-025,M01,hecho,haitiana,"Fernandes et al. (Nature 2021, 174 individuos nuevos) estiman para La Española y Puerto Rico juntas una población efectiva de 500-1.500 (mínimo) a 1.530-8.150 (máximo), promediada sobre las decenas de generaciones previas a los individuos analizados.","internacional (Reich Lab, Keegan)",Leer el artículo y su material suplementario (intervalos de Ne). La traducción de esa Ne a una cifra censal de 1492 (10.000-50.000) se registra aparte como inferencia.,F-0188:internacional;F-0220:cientifica;F-1578:cientifica;F-2137:internacional;F-2151:internacional
A-026,M01,interpretación,haitiana,La cifra de 10.000-50.000 habitantes precontacto derivada de Fernandes et al. 2021 traduce una población efectiva genética (promedio de decenas de generaciones) en población censal de 1492 mediante una razón censal/efectiva incierta: no es una medición directa de la población de 1492.,internacional (caveat metodológico; ninguna refutación formal publicada localizada),Material suplementario de Fernandes 2021 sobre intervalos de Ne y la razón censo/Ne; literatura sobre inferencia de Ne a partir de ROH y segmentos IBD; búsqueda de críticas publicadas.,F-0188:internacional;F-0218:cientifica;F-0220:cientifica;F-1578:cientifica;F-2137:internacional;F-2146:cientifica;F-2149:cientifica;F-2151:internacional
A-046,M03,hecho,haitiana,"El censo de Osorio (1606), tras las Devastaciones, registró 9.648 esclavizados, 1.117 vecinos y 40 clérigos, con el 56 por ciento en Santo Domingo y alrededores.",varias,"Relación de Osorio en Rodríguez Demorizi, Relaciones históricas de Santo Domingo II (1945).",F-0014:espanola;F-0072:dominicana;F-0261:internacional;F-0841:dominicana;F-1585:dominicana;F-1621:dominicana;F-1716:dominicana;F-2036:dominicana;F-2056:dominicana;F-2070:internacional;F-2071:internacional;F-2072:internacional;F-2074:internacional;F-2075:internacional;F-2092:espanola
A-060,M05,interpretación,haitiana,"La divergencia entre Haití y la República Dominicana se explica por diferencias ambientales (lluvia, suelos, deforestación), culturales y de élites (Diamond, Collapse, cap. 11).",internacional (Diamond),"Leer el capítulo y las cifras de cobertura forestal (Hedges et al. 2018, PNAS; FAO).",F-0020:espanola;F-0021:francesa;F-0022:francesa;F-0142:internacional;F-0201:internacional;F-0230:cientifica;F-0236:internacional;F-1633:dominicana;F-1645:francesa;F-1649:espanola;F-1658:internacional;F-1668:internacional;F-1673:cientifica;F-1753:cientifica;F-1754:cientifica;F-1755:cientifica;F-1757:internacional;F-1758:cientifica;F-1759:internacional;F-1761:internacional;F-1763:francesa
A-065,M05,"hecho (asimetría de datos, no de hechos)",haitiana,"La trata de africanos esclavizados hacia el Santo Domingo español no está cuantificada en el corpus: no se dispone de cifras de embarcados ni desembarcados por período, a diferencia de Saint-Domingue (unos 800.000 embarcados y 691.116 desembarcados).",internacional (laguna del corpus; Wheat 2016 documenta orígenes pero no la serie),"Tablas de estimaciones de slavevoyages.org filtradas por región de desembarco (Santo Domingo español) y período; Wheat, Atlantic Africa and the Spanish Caribbean 1570-1640.",F-0020:espanola;F-0021:francesa;F-0069:dominicana;F-0072:dominicana;F-0235:internacional;F-0410:dominicana;F-0424:dominicana;F-0693:cientifica;F-0756:internacional;F-0829:internacional;F-0841:dominicana;F-1620:dominicana;F-1622:dominicana;F-1626:internacional;F-1627:dominicana;F-1628:espanola;F-1630:internacional;F-1631:espanola;F-1649:espanola;F-1650:espanola;F-1682:espanola;F-1683:dominicana;F-1684:espanola;F-1698:dominicana;F-1701:dominicana;F-1703:dominicana;F-1718:internacional;F-1719:internacional;F-1720:dominicana;F-1722:internacional
A-122,M09,hecho,haitiana,"Duarte, según José María Serra, dijo admirar al pueblo haitiano por su lucha ""contra poderes excesivamente superiores"" y le reconoció ""el amor a la libertad y el valor"".",varias (dominicana la cita como compatible con el rechazo a la unión),"Serra, Apuntes para la historia de los trinitarios (1887); Rodríguez Demorizi, Duarte romántico (1969).",F-0135:internacional;F-0196:dominicana;F-0295:dominicana;F-0727:dominicana;F-0938:dominicana;F-0945:dominicana;F-0950:dominicana;F-0982:dominicana;F-1428:dominicana;F-1439:dominicana;F-1446:dominicana;F-1450:dominicana;F-1455:dominicana
A-164,M13,hecho,haitiana,"La Cédula Personal de Identidad (Ley 247 de 1931, vigente desde 1932) introdujo la categoría ""indio"" en el documento de identidad dominicano.",varias,"Texto de la Ley 247 y del reglamento de la cédula. Qué función cumplió la categoría se evalúa en las filas de interpretación sobre ""indio"" y negritud.",F-0058:oficial-rd;F-0067:oficial-rd;F-0081:dominicana;F-0175:internacional;F-0200:dominicana;F-0204:cientifica;F-0206:cientifica;F-0295:dominicana;F-0332:oficial-rd;F-0342:oficial-rd;F-0389:dominicana;F-0605:oficial-rd;F-0609:internacional;F-0840:dominicana;F-0872:dominicana;F-1237:oficial-rd;F-1250:dominicana;F-1316:oficial-rd;F-1346:dominicana;F-1350:oficial-rd;F-1351:oficial-rd
A-209,M15,interpretación,haitiana,"Los dominicanos adoptan de forma gradual una identidad negra y la diáspora cuestiona la categoría ""indio"": hay un cambio en curso (Simmons 2009; Wigginton y Middleton 2019).",internacional (Simmons; Wigginton y Middleton),Leer Simmons 2009; comparar censo 2022 (indio 34 por ciento) con la cédula y encuestas anteriores.,F-0058:oficial-rd;F-0080:dominicana;F-0084:dominicana;F-0144:internacional;F-0155:internacional;F-0162:internacional;F-0200:dominicana;F-0295:dominicana;F-0443:dominicana;F-0450:oficial-rd;F-0453:dominicana;F-0566:dominicana;F-0609:internacional;F-0912:internacional;F-0937:internacional;F-1581:internacional;F-2266:internacional;F-2268:internacional;F-2475:dominicana;F-2521:internacional;F-2553:internacional;F-2560:internacional;F-2640:internacional;F-2642:internacional;F-2643:internacional;F-2646:internacional;F-2768:internacional;F-2783:oficial-rd;F-2784:internacional
A-227,M16,hecho,haitiana,"El Proyecto Genoma Dominicano (Schurr et al.), presentado como resumen de congreso (AABA 2026, n=1.015, 25 sitios, chip comercial GenoChip), estimó: autosómico 50,3 por ciento africano, 41,2 europeo, 3,8 nativo americano, 2,3 Medio Oriente/judío y 1,8 Asia centro-sur-sureste; ADN mitocondrial 78,8 africano, 12,1 nativo, 9,1 euroasiático occidental; cromosoma Y 71 euroasiático occidental, 28 africano, 1 nativo.","varias (resumen de congreso, no artículo revisado)","Publicación revisada por pares con tablas y paneles de referencia; comparar con Bryc 2010 y Moreno-Estrada 2013; comprobar si las categorías ""Medio Oriente/judío"" y ""Asia"" son señal real o artefacto del panel.",F-0185:dominicana;F-0441:dominicana;F-0449:cientifica;F-0693:cientifica;F-1175:cientifica
A-229,M16,hecho (rango con bases heterogéneas),haitiana,"La ascendencia nativa americana mitocondrial de los dominicanos actuales se estima entre el 12 y el 23 por ciento. El rango agrega bases muy distintas sin ponderar: 12,1 por ciento en un estudio de 1.015 personas (PGD 2026) y 23 por ciento en 32 secuencias del haplogrupo A (Martínez-Cruzado), con un ""hasta 22 por ciento"" citado por D'Atanasio 2020.",varias (el relato dominicano subraya el extremo alto; la academia da el rango),Tablas de mtDNA de PGD 2026 y de Martínez-Cruzado con n y método; ponderar por tamaño de muestra antes de dar un rango único.,F-0204:cientifica;F-0208:cientifica;F-0209:cientifica;F-0210:cientifica;F-0220:cientifica;F-0232:cientifica;F-0430:dominicana;F-0692:cientifica;F-0693:cientifica;F-0699:dominicana;F-1174:cientifica
A-230,M16,hecho,haitiana,La ascendencia nativa americana del cromosoma Y de los dominicanos actuales es del 1 al 3 por ciento (PGD 2026: 1 por ciento; D'Atanasio 2020: 3 por ciento sobre 182 hombres y 92 SNPs).,internacional (PGD 2026; D'Atanasio 2020),Tablas de uniparentales de PGD 2026 y de D'Atanasio 2020 (número de marcadores y resolución geográfica).,F-0208:cientifica;F-1174:cientifica
A-231,M16,hecho,haitiana,"El sesgo sexual de la mezcla (aporte europeo masculino, africano e indígena femenino) está documentado en ambas poblaciones y es un patrón de la colonización y no un rasgo identitario particular: cromosoma Y dominicano de 59 a 71 por ciento euroasiático occidental frente a un mtDNA 78,8 por ciento africano; cromosoma Y haitiano 20,3 por ciento europeo frente a un mtDNA casi enteramente africano.",internacional (Bryc 2010; D'Atanasio 2020; Simms 2012; PGD 2026),"Comparación de las tablas de uniparentales de PGD 2026, D'Atanasio 2020 (182 hombres, 92 SNPs del Y) y Simms 2012 (n=123, 177 SNPs y 17 STRs); literatura sobre sesgo sexual en el Caribe.",F-0185:dominicana;F-0204:cientifica;F-0206:cientifica;F-0208:cientifica;F-0210:cientifica;F-0213:cientifica;F-0232:cientifica;F-0234:cientifica;F-0692:cientifica;F-0693:cientifica;F-1172:cientifica;F-1174:cientifica
A-232,M16,interpretación (metodológica),haitiana,"Las estimaciones de ascendencia por componentes continentales dependen de los paneles de referencia y del método empleado (chip comercial GenoChip frente a arrays densos; ADMIXTURE frente a métodos de haplotipos; STRs frente a SNPs), por lo que las cifras de distintos estudios no son directamente comparables entre sí.",internacional (metodología de genética de poblaciones; caveats señalados en el informe de evidencia para el GenoChip y para el estudio DPYD),"Leer las secciones de métodos de PGD 2026, Bryc 2010, Moreno-Estrada 2013 y D'Atanasio 2020 y comparar paneles de referencia, número de marcadores y algoritmos; literatura metodológica sobre la sensibilidad de ADMIXTURE al panel.",F-0185:dominicana;F-0204:cientifica;F-0206:cientifica;F-0207:cientifica;F-0211:cientifica;F-0216:cientifica;F-0220:cientifica;F-0449:cientifica;F-0584:cientifica;F-0585:cientifica;F-0693:cientifica;F-0697:cientifica;F-1169:cientifica;F-1170:cientifica;F-1171:cientifica;F-1175:cientifica;F-1176:cientifica;F-1177:cientifica
A-233,M16,hecho,haitiana,"Las muestras dominicanas más citadas en la literatura genética (Bryc 2010, n dominicano de unas 27 personas; Moreno-Estrada 2013, 251 personas de origen caribeño en el sur de Florida) se tomaron en Estados Unidos, entre población de la diáspora, y no son muestras probabilísticas de la población residente en la isla.",internacional (constatado en el informe de evidencia y reconocido como sesgo en la narrativa internacional §4.7),Secciones de muestreo de Bryc 2010 y de Moreno-Estrada 2013.,F-0185:dominicana;F-0187:internacional;F-0204:cientifica;F-0205:cientifica;F-0206:cientifica;F-0207:cientifica;F-0208:cientifica;F-0209:cientifica;F-0211:cientifica;F-0220:cientifica;F-0449:cientifica;F-0585:cientifica;F-0693:cientifica;F-0694:cientifica;F-1169:cientifica;F-1170:cientifica;F-1171:cientifica;F-1172:cientifica;F-1173:cientifica;F-1174:cientifica
A-234,M16,hecho (cifra sin trazar: nace en D),haitiana,"El estudio DPYD (Pharmaceutics 2024-25) atribuye a su muestra dominicana un 42,6 por ciento de ancestría nativa americana, cifra incompatible con todos los demás estudios y probablemente artefacto de usar solo 90 marcadores informativos de ancestría, o error de los extractos secundarios.","la cifra, el estudio DPYD según un extracto no verificado; la incompatibilidad, constatación del informe de evidencia",Leer la tabla de ancestría del artículo original (PMC11768636) y comprobar si la cifra existe en él o es un error de atribución del extracto.,F-0211:cientifica;F-0584:cientifica;F-1169:cientifica
A-235,M16,hecho,haitiana,"La ascendencia dominicana es mayoritariamente africana y europea, y el componente africano (40-50 por ciento autosómico; 78,8 mitocondrial) es igual o mayor que el europeo.",internacional; variante afrodominicana,"Mismas tablas; Montinaro 2015 sobre orígenes africanos. Que la fórmula identitaria ""taíno más español"" omita ese componente es una tesis sobre un discurso y se evalúa en las filas de interpretación correspondientes.",F-0185:dominicana;F-0204:cientifica;F-0206:cientifica;F-0207:cientifica;F-0208:cientifica;F-0211:cientifica;F-0220:cientifica;F-0585:cientifica;F-0692:cientifica;F-0693:cientifica;F-1169:cientifica;F-1170:cientifica;F-1171:cientifica;F-1172:cientifica;F-1174:cientifica
A-236,M16,"hecho (la interpretación de esas categorías, por verificar)",haitiana,"El componente europeo dominicano no es solo ibérico: Moreno-Estrada 2013 identifica un componente europeo ""latino"" diferenciado por efecto fundador, y el PGD 2026 reporta además 2,3 por ciento de ascendencia de Medio Oriente o judía y 1,8 por ciento de Asia centro-sur-sureste.",internacional (Moreno-Estrada 2013; PGD 2026),"Tablas de componentes de Moreno-Estrada 2013 y del resumen del PGD 2026; verificar si esas categorías son artefacto del panel GenoChip o señal real (migración libanesa, sefardí, china del siglo XIX-XX, canaria).",F-0206:cientifica;F-0207:cientifica;F-0212:cientifica;F-0213:cientifica;F-0693:cientifica;F-0697:cientifica;F-1176:cientifica;F-1177:cientifica;F-1181:cientifica;F-1182:cientifica
A-237,M16,hecho,haitiana,"Parte de los linajes maternos nativos dominicanos del haplogrupo A2 tiene afinidad mesoamericana; el ADN antiguo de La Caleta (Lalueza-Fox 2001, unos 27 individuos) solo halló haplogrupos C y D.",internacional (Martínez-Cruzado; Lalueza-Fox),Leer Martínez-Cruzado y Lalueza-Fox 2001 (haplogrupos y proporciones de La Caleta). La lectura histórica (indígenas esclavizados traídos de Tierra Firme o México) se registra aparte como interpretación.,F-0220:cientifica;F-0222:cientifica;F-0232:cientifica;F-0586:cientifica;F-0692:cientifica;F-0693:cientifica;F-0698:cientifica
A-238,M16,interpretación,haitiana,La afinidad mesoamericana de parte de los linajes A2 dominicanos apunta a indígenas esclavizados traídos de Tierra Firme o de México y no solo a taínos locales.,internacional (Martínez-Cruzado; lectura que el informe de evidencia recoge como caveat),Martínez-Cruzado y Lalueza-Fox 2001; Stone 2021 sobre indígenas importados; comparación con los linajes de La Caleta.,F-0185:dominicana;F-0220:cientifica;F-0222:cientifica;F-0232:cientifica;F-0586:cientifica;F-0692:cientifica;F-0698:cientifica
A-239,M16,hecho,haitiana,"Fernandes et al. 2021 detectan en dominicanos actuales ascendencia ligada a las poblaciones de la Edad Cerámica locales: ""muchos cubanos, dominicanos y puertorriqueños actuales descienden de gente de la Edad Cerámica"".",internacional,Leer el artículo y el suplemento (análisis de ascendencia en poblaciones modernas).,F-0220:cientifica
A-240,M16,hecho,haitiana,"Los estudios disponibles no detectan componente nativo americano en los haitianos actuales: cromosoma Y 77,2 por ciento subsahariano y 20,3 europeo, con linajes nativos ""virtualmente ausentes"" (Simms 2012, n=123), y autosómico de 85 a 96 por ciento africano (Simms 2010; revisión atribuida a Salzano y Sans 2014). Cautela de formulación: es un límite de detección con muestras pequeñas y marcadores limitados, no una propiedad establecida de la población.",internacional,Leer Simms 2010 y 2012 y Wilson 2012 (mtDNA n=291); confirmar la tabla de Salzano y Sans 2014.,F-0206:cientifica;F-0208:cientifica;F-0210:cientifica;F-0212:cientifica;F-0213:cientifica;F-0214:cientifica;F-0215:cientifica;F-0216:cientifica;F-0587:cientifica;F-0696:internacional;F-1177:cientifica;F-1178:cientifica;F-1179:cientifica;F-1180:cientifica
A-241,M16,hecho (constatación de ausencia),haitiana,"No existe ningún estudio genómico de población a gran escala realizado con muestreo dentro de Haití: la caracterización genética haitiana descansa en muestras pequeñas (Simms 2010 y 2012, n=123-159; Wilson 2012, n=291, rural; Human Biology 1976, dos aldeas) y en revisiones agregadas de segunda mano.",internacional (constatación del informe de evidencia; ningún autor localizado la formula como laguna publicada),"Búsqueda sistemática en PubMed y Google Scholar de cohortes genómicas haitianas (H3Africa, consorcios caribeños, estudios de la Université d'État d'Haïti); si no aparece ninguna, la ausencia queda establecida por búsqueda exhaustiva documentada.",F-0206:cientifica;F-0207:cientifica;F-0210:cientifica;F-0212:cientifica;F-0213:cientifica;F-0214:cientifica;F-0215:cientifica;F-0587:cientifica;F-0696:internacional;F-1177:cientifica;F-1178:cientifica;F-1179:cientifica;F-1180:cientifica
A-255,M16,hecho (sobre el estado de la evidencia),haitiana,"El sustrato léxico taíno del español dominicano y del kreyòl haitiano no está cuantificado ni comparado: se citan listas de palabras sin número de términos, sin obra de referencia verificada y sin criterio de atribución etimológica.","internacional (constatación propia); las obras de referencia son Tejera y Henríquez Ureña 1940, citadas sin verificar","Tejera, Palabras indígenas (recuento y criterios); Henríquez Ureña, El español en Santo Domingo (1940); diccionarios etimológicos del kreyòl; estudios de Granberry y Vescelius sobre lenguas antillanas.",F-0006:espanola;F-0010:espanola;F-0104:dominicana;F-0559:internacional;F-0590:espanola;F-0591:internacional;F-0933:dominicana
A-256,M16,hecho,haitiana,"La ascendencia nativa americana de los puertorriqueños actuales (10-15 por ciento autosómico; unos 61 por ciento de mtDNA amerindio según Martínez-Cruzado) es sustancialmente mayor que la dominicana, pese a una historia colonial temprana comparable en el mismo archipiélago; en Cuba el mtDNA nativo es del 33 por ciento (Mendizabal 2008).",internacional (Schroeder 2018; Martínez-Cruzado; Mendizabal 2008),"Tablas de Schroeder 2018 (104 puertorriqueños del 1000 Genomes), de Martínez-Cruzado (mtDNA de toda la isla de PR) y de Mendizabal 2008 (Cuba) junto a las dominicanas, con los mismos métodos cuando sea posible.",F-0218:cientifica;F-0220:cientifica;F-0232:cientifica;F-0234:cientifica;F-0693:cientifica;F-1173:cientifica
A-258,M16,hecho (constatación de ausencia),haitiana,"El perfil genético de la población de la zona fronteriza y de los bateyes no ha sido estudiado por separado: no hay datos que permitan distinguir genéticamente a dominicanos de ascendencia haitiana reciente de otras poblaciones dominicanas, ni medir la mezcla binacional que documenta la historiografía de la frontera.","constatación propia (el PGD 2026 muestrea 25 sitios, sin análisis fronterizo publicado)","Desagregación por sitio del Proyecto Genoma Dominicano (si incluyó Dajabón, Elías Piña, Independencia o Pedernales) y búsqueda de estudios sobre bateyes o sobre la línea fronteriza.",F-0185:dominicana;F-0232:cientifica;F-0692:cientifica;F-0693:cientifica;F-0694:cientifica;F-0695:cientifica;F-0696:internacional
A-259,M16,hecho,haitiana,"Los estudios genéticos comerciales de consumo (23andMe, AncestryDNA), muy citados en el debate público de ambos países, se basan en muestras autoseleccionadas de la diáspora y en paneles de referencia propietarios no revisados por pares, y no son evidencia poblacional.",internacional (crítica metodológica); los datos los publican las propias empresas y blogs de divulgación,Metodología publicada de 23andMe (nota de abril de 2023 sobre regiones indígenas caribeñas: cerca del 2 por ciento de clientes con coincidencia) y documentación de paneles; comparación con los resultados académicos.,F-0186:internacional;F-0187:internacional;F-0699:dominicana
A-260,M16,interpretación,haitiana,"La investigación genética sobre ascendencia en La Española se realiza casi íntegramente desde instituciones del Norte global (UPenn, Harvard y el Reich Lab, Leiden, National Geographic), con participación local desigual (UNIBE y la Academia Dominicana de la Historia en el proyecto dominicano; ninguna institución haitiana en un proyecto equivalente) y sin protocolos publicados de consulta comunitaria.",internacional (crítica de la arqueogenética y de la ética de la investigación genómica en poblaciones indígenas y poscoloniales),"Secciones de afiliaciones, financiación y consentimiento de Fernandes 2021, Nägele 2020 y PGD 2026; literatura sobre ética en ADN antiguo del Caribe y protocolos de consulta.",F-0185:dominicana;F-0208:cientifica;F-0220:cientifica;F-0449:cientifica;F-0693:cientifica
A-263,M16,hecho (cifras rivales según la definición de bosque),haitiana,La cobertura forestal de los dos países se cita con cifras incompatibles según la fuente: Diamond (2005) da cerca del 1 por ciento para Haití frente a un 28 por ciento en la República Dominicana; Hedges et al. 2018 (PNAS) habla de la pérdida de más del 99 por ciento del bosque primario haitiano; las series de la FAO dan cifras bastante más altas para ambos países.,Diamond 2005; Hedges et al. 2018; FAO (series oficiales),Hedges et al. 2018 (PNAS) y su definición de bosque primario frente a la definición de la FAO (FRA); comparación de metodologías de teledetección.,F-0230:cientifica;F-0236:internacional;F-0583:oficial-rd
