concepto_descriptivo_propuesto,nombre_tradicion_dominicana,nombre_tradicion_haitiana,otros_nombres_y_quien_los_usa,nota,modulos,n_propuestas,ya_en_glosario,tipo
Parte oriental de la isla (nombre del territorio del este antes de 1844),"«Parte española» o «Santo Domingo»; «parte antes Española» (Manifiesto del 16-I-1844); «parte antigua española» (Junta Popular de Santo Domingo, 1843); «el Este»","«Partie ci-devant espagnole» / «ancienne partie espagnole» (Adresse de Dessalines en la Gazette n.º 25 de 30-V-1805; Placide-Justin 1826; Ardouin 1832); «partie de l'Est» / «partie orientale d'Haïti» (prensa y Recueil oficiales, 1822); «départements du Cibao et de l'Ozama» (Constitución de 1843, arts. 1-2 y 59-60); «Santo Domingo espagnol» (Price-Mars, Péan)","«Hayti español» / «Spanish Hayti» (Acta de 1821 y fuentes internacionales; Caminero 1845 lo juzga «error material» por coincidir con el nombre de la república de Haití); «Haitian Santo Domingo», «eastern Hispaniola» (academia anglófona reciente: Walker, Keane-Dawes); el discurso preliminar de la Constitución del Cap de 1801 habla de «cimenter l'union de la ci-devant partie espagnole avec l'ancienne partie française», es decir, trata el este como antigua parte ya incorporada; antes de la Constitución de 1843 el este se dividía en arrondissements (ley del 1-V-1826)","Cada nombre contiene una tesis de soberanía (isla unida de la que el este es parte aún no incorporada, parte ya incorporada, o territorio español): registrar en cada cita el nombre que usa la fuente. Amplía la fila «Nombre de la isla» del glosario, que no cubre el este.",M06 M07 M08 M09,9,parcial,termino-cargado
Territorio y Estado dominicano después de 1844 nombrado desde Haití y desde el extranjero,«República Dominicana» (Manifiesto del 16-I-1844 y Junta de 1844); Ángulo Guridi (1866) llama a la parte occidental «república impropiamente denominada de Haytí»,"«Dominicanie» (Gentil y Chauvet 1896, manual aprobado por el Estado; Léger; Janvier; Bellegarde y Lhérisson; Firmin; Madiou vía Hibbert; Benjamin; Théodat 2009 para el este bajo Boyer; programa oficial de Terminale «Soulouque et la Dominicanie», vía Candio 2020); «Dominikani» (el país) y «Sendomeng» (capital o país) en kreyòl actual, «panyòl» (hispanohablante del este); «partie de l'Est d'Haïti (république dominicaine)» (Moniteur del 12-VI-1858; Constitución de 1849, art. 1: «L'île d'Haïti»); «territoire de l'Est d'Haïti» y «faction Santana» (Moniteur del 6-IV-1861); «République de l'Est», «nos frères de l'Est» (usos de 1880-1953)","Francesa (Levasseur, Moges, 1843-1844): «partie espagnole», «les Espagnols», «province de l'Est»; Moges dice que el Este es «la plus grande moitié d'Haïti» (23-VII-1844) y Levasseur que tiene «mœurs, langage, religion et souvenirs espagnols»; angloamericana (Hogan, McClellan, Clark, Walsh, 1845-1854): «Dominica», «Republic of Dominica»; comisión de encuesta de EE. UU. de 1871: «Dominica» para la parte oriental; «república blanca» (propaganda proanexión; 130.000 blancos según Hogan, que McClellan rechaza en 1854) y «mulatto republic» (reseña de 1849 citada por Clark; antecedente del título de San Miguel 2005)","«Dominicanie» no es lo mismo que «République dominicaine». El glosario solo registra «Santo Domingo», «La Española» y «Quisqueya». Cada nombre es una posición sobre la soberanía y la identidad del Estado vecino.",M08 M09 M10 M11,9,no,termino-cargado
Gentilicio y autodenominación de los habitantes del este (1795-1861),"«Dominico-españoles» (Moya Pons 2021; Céspedes 2014); «naturales», «los del país», «vecindario», «españoles de Santo Domingo» (representación del vecindario 1800; Heredia 1812; Arredondo 1814); «fieles dominicanos» (Kindelán, 10-I-1821); «dominicanos» (Declaratoria de 1821 «del Pueblo Dominicano»; Junta de 1844); «españoles dominicanos» (art. 7 de 1844) y «Españoles» (proclama de Imbert, 5-III-1844); «Orientales» (Ayala, c. 1855); «dominico-español» frente a «dominico-haitiano» (réplica anexionista de 1861 a la Protesta de Geffrard)","«Dominicains» / «Domingois» (Ardouin t. IX p. 15 n., que explica «Dominicains» por la proclama de Kindelán y dice que «Domingois» solo convendría a los de la ciudad; Hérard ya dice «Dominicains» en julio de 1843); «Espagnols» (Madiou t. VIII p. 102 n.: los haitianos llamaban «Españoles» a los del este y estos «franceses» a los haitianos); «hispano-haïtiens» / «populations hispano-haïtiennes» y «Haïtiens de 1821 et Haïtiens de 1804» (informe de Hérard 1843, Recueil t. VII; Janvier 1883 p. 602); «Haïtiens de l'Est» (Ardouin 1860; Le Manifeste, oct. 1844; Soulouque: «nos frères de l'Est»; Balcácer y García p. 114); «Haïtiens de la partie autrefois espagnole» (Delorme 1895); «citoyens de l'Ouest» para haitianos asentados en San Cristóbal desde 1822 (Ardouin 1832 p. 156); «orientaux» / «occidentaux» (Hérard, 12-III-1844); «panyòl» (kreyòl)","Francesa 1843-1844: «Espagnols», «Espagnols haïtiens» (Levasseur, Moges); Lemonnier-Delafosse escribe «naturels» y «Espagnols»; Ayala (c. 1855) llama «los Occidentales» a los haitianos (sin carga racial explícita, a diferencia de «hordas negras» o «mañeses»)","«Dominicano» como gentilicio ya está en documentos de 1821, antes de 1844 (relevante para M00). «Dominicanos» aparece en los títulos de la edición de 1955 pero no en los textos de época leídos para 1795-1814. Cada nombre afirma una pertenencia (española, haitiana o propia); la historiografía dominicana rechaza la nomenclatura haitiana de pertenencia. Distingue al criollo del peninsular y del «dominicano» posterior a 1844.",M06 M07 M08 M09 M10,12,no,termino-cargado
Nombre haitiano de los habitantes del este como «indígenas españoles» o «hispano-indígenas» (1805-1848),Los textos dominicanos los llaman dominicanos o españoles; Llenas usa «franco-dominicanos» para los criollos aliados de los franceses,"«Indigènes espagnols» (Adresse de Dessalines del 12-IV-1805, que los presenta como «descendans des malheureux Indiens»; impreso en la Gazette n.º 25 de 30-V-1805, p. 97; Madiou); «hispano-indigènes» (Madiou 1848: según una nota, los criollos aliados de los franceses; según otra, los criollos dominicanos de 1809); «Espagnols» (el ejército haitiano a los cautivos, según Gonzalez); Ardouin (t. VI p. 142) objeta que, si el este era parte del Estado, debían llamarse haitianos","«Hispano-haïtien» frente a «franco-haïtien» (informe de Hérard de 1843): categoría cultural y política interna al Estado haitiano de 1822-1844, ni «haitiana» ni «dominicana» en el sentido posterior","El término mezcla etnónimo taíno, lengua y lealtad política. «Indigène» en Haití designa al nativo frente al colono (glosario, fila «Corriente intelectual haitiana»). Las notas de origen discrepan sobre a qué criollos aplicaba Madiou «hispano-indigènes»: verificar en el texto.",M06 M08,3,parcial,categoria-racial-o-social
Cesión de la parte española a Francia por el Tratado de Basilea (1795),"«Abandono» (Cordero Michel, Cassá, Moya Pons; lo leen como origen de la identidad dominicana, Pinto 2015 p. 181)",—,"El art. 9 de 1795 dice «cesión» (español: «cesión de Santo Domingo»); los documentos de época (Roume, Toussaint, Lacroix) hablan de «cesión», «toma de posesión» y «reunión»; Pinto Tortosa y Escolano discuten la tesis del «abandono»",La palabra «abandono» ya es una tesis. El glosario usa Basilea como base de la actuación formal de Toussaint en nombre de Francia (1801).,M06,1,no,termino-cargado
Gobierno francés de la parte oriental (1802-1809),"«Era de Francia» (Rodríguez Demorizi, La Era de Francia en Santo Domingo, ADH 1955; textos escolares de 4.º de MINERD): presenta la dominación francesa como paréntesis entre dos soberanías españolas; «Francia Boba» (Regino y Espinal 2007, para 1795-1801, por analogía con «España Boba»)",«Partie de l'Est» / «partie ci-devant espagnole» (la historiografía haitiana no usa un rótulo de «era»),"Documentos de época (Roume, Toussaint, Lacroix): «cesión», «toma de posesión», «reunión»","Periodización variable: inicio en 1795 (Basilea; Seminario ADH 2007: 1795-1808), 1801 (Toussaint), 1802 (Kerverseau; Núñez Asencio) o 1803-1804 (Ferrand; El Día 2023: 1803-1809); fin en 1808-1809. Lo propusieron cuatro de las cinco lentes (todas menos la haitiana). Lora (2016) señala la asimetría: este período no se llama «ocupación» pese a la presencia militar.",M06,3,no,termino-cargado
Entrada de Toussaint Louverture en la parte oriental (1801),"«Invasión de 1801» (Rodríguez Demorizi, «Invasiones haitianas de 1801, 1805 y 1822»); «expedición» (Reyes); Céspedes y Bosch (vía Álvarez Martín): «ni fue una invasión, ni fue haitiana», porque Toussaint era general francés; «administración negra» (Pinto Tortosa 2025, descriptivo-racial propio de ese autor; alternativas: «régimen de Toussaint en el este», «gobierno de Toussaint en Santo Domingo»)","«Prise de possession» (Toussaint y Roume, 1800-1801, conforme a Basilea); «réunion» (Lacroix); «conquête de l'Est» (Madiou); «réunification» (Péan, Denis; Paret añade «de plein droit»); «liberté générale» (Sannon 1932; Hector 2009; St. Juste 1979); «conquête (1801-1814)» como fundamento del título haitiano (Poujol 1895, p. 93); «Unification de 1801» (glosario)",«Conquered» (M.-R. Trouillot 1990),Amplía la fila del glosario «Toma de Santo Domingo por Toussaint (1801)». «Liberté générale» supone una abolición cuyo texto no se localizó. Toussaint actuaba formalmente en nombre de Francia (Basilea 1795).,M06,4,parcial,termino-cargado
"Régimen de trabajo agrícola obligatorio (Toussaint en el este, 1801; Código Rural de Boyer, 1826) y definición de vagancia","«Soldado-cultivador» y «caporalismo agrario» (Núñez Asencio 2025-2026: libertos obligados a trabajar bajo disciplina militar en haciendas de generales); «trabajo forzoso»; «parafeudalismo» (Moya Pons y Batista Lemaire, término de teoría); «Código Agrario» (Pérez Memén); «vagancia» (para los arts. 270-271 del Código Penal y el art. 174 del Código Rural a la vez)","«Servage» (Bellegarde); «asservissement légal et camouflé» (Price-Mars); «feudalismo» (Pierre-Charles); «forma disfrazada de la esclavitud» (Théodat 1997); Boyer (1824/1834) llama «féodalité» a lo que la ley de 1824 abolía (mayorazgos y capellanías); los textos oficiales usan «vagabond», «vagamundos o gentes sin ocupación» (arts. 270-271 del Código Penal, sentencias de 1825) y, en el Código Rural, art. 174: quien no es propietario, arrendatario ni ha firmado contrato de trabajo agrícola","Internacional: «trabalho livre» (Pereira 2020); «militarized agriculture» (Trouillot 1990, p. 60); «draconian labor codes» (Walker); código laboral que ata a los libertos a antiguos amos (Ulrickson); «caporalismo agrario» como nombre del régimen de Toussaint y Paul Louverture en el este procede de la historiografía de Saint-Domingue (Pluchon) [POR VERIFICAR su origen exacto]","La fecha del Código Rural varía entre fuentes (6-V frente a 13-V-1826). Las dos definiciones de vagancia son distintas (por domicilio y oficio, o por contrato) y las aplican autoridades distintas (policía rural). Debe entrar al glosario con los nombres de ambos lados y un descriptor (p. ej. trabajo agrícola obligatorio). [POR VERIFICAR] el uso de «caporalismo» o «soldado-cultivador» en la historiografía haitiana.",M06 M08,3,no,termino-cargado
"Palabra administrativa que sustituye a «esclavo» tras la abolición o bajo trabajo coercitivo («cultivateur», «doméstico»)","«Cultivadores», «labradores», «agricultores» (notarios); «domésticos» (Lora 2009 p. 37; González Canalda 2014; Ulrickson p. 174); «esclavos que fueron» (curas)","«Cultivateurs» (nombre oficial de los antiguos esclavizados sujetos al régimen de Toussaint en las dos colonias, Nessler 2011 p. 216 y Deive 2019 n.º 81; y de los liberados de 1822, Recueil III n.º 775: «nos frères qui viennent d'être rendus à la liberté»); «domestique»",—,«La palabra esclavo desaparece de los documentos y se sustituye por cultivador o doméstico» (Lora 2009). Oculta la condición servil y complica contar liberados. No equivale a «campesino libre».,M06 M08,3,no,eufemismo-oficial
Esclavizados liberados en 1822 con la entrada de Boyer,"«Libertos de la palma» / «libres de la Palma» (Rodríguez Demorizi 1955 pp. 306-307 n. 146; García 1879; Cassá 2016, 2022; Lora 2022; Walker; Eller); «esclavo/a que fue (de [amo])» y «liberto por las leyes del Estado» (libros parroquiales de Baní, San Cristóbal y Bayaguana, 1822-1828; Ulrickson 2018 p. 173: «freed by the Palm tree»); «viejos libres» / «nuevos libres» (Cassá 2022: libres de color anteriores a la Revolución frente a antiguos esclavos)","«Nouveaux-libres» (gobernador Carrié, 22-VI-1843); «nos frères qui viennent d'être rendus à la liberté» y «cultivateurs» (Recueil III n.º 775)",«Moreno» reaparece en 1844-1861 para quien había sido esclavizado (González Canalda 2026),"Por la palma de la libertad plantada en la plaza de la catedral / Plaza de Armas (derribada en 1864 o «en tiempos de la Anexión» según Rodríguez Demorizi; Cabon: el arzobispo Valera autorizó bendecirla). Cassá (F-0848 p. 5) les atribuye el derecho a solicitar un lote de 20 carreaux (1,3 ha). Mezcla hecho (abolición) y memoria local; término de registro, útil para fechar y cuantificar. Añadir junto a «libres de color / affranchis» del glosario.",M07 M08,4,no,categoria-racial-o-social
"Regimientos de libertos y negros libres creados bajo Boyer (31.º, 32.º y 33.º)","«Batallón Africano» / «batallón de los morenos» (Cassá 2016 pp. 197-198; Alfau Durán 1976; el cónsul Saint-Denys dice «africanos»); nombre informal de la Junta Central Gubernativa y de Santana en 1844 (Walker 2018 p. 234; Santana a Bobadilla, 18-V-1844)","«Bataillon africain» (Madiou pp. 129-130: unidad de soldados negros de la ciudad, «irrésolue» ante la separación); su nombre en otras fuentes haitianas [POR VERIFICAR]",Internacional: «a Dominican regiment of formerly enslaved men» (Eller 2013),Los historiadores distinguen el Regimiento 31 (gente libre; antiguo batallón de morenos de Pablo Alí) de los 32 y 33 («libertos de la palma») según Walker 2018. En febrero de 1844 temieron el restablecimiento de la esclavitud; la Junta les garantizó la libertad y aprobó el 1-III-1844 el compromiso de no restablecerla; Cassá 2002 la llama «única excepción» al consenso popular. El rótulo es de la época y de observadores externos; su composición exacta no consta en documento.,M08 M09,3,no,nombre-propio-de-institucion-o-ley
Decreto de Ferrand del 6 de enero de 1805 sobre los niños capturados,«Secuestro de niños» (historiografía dominicana y prensa),«Infâme arrêté» (Madiou),"El propio decreto habla de «rehabilitación moral»: prevé esclavizar y reubicar a los niños capturados «susceptibles de rehabilitación» y vender o deportar a los «menos redimibles» (Pinto Tortosa, tesis, p. 252; Jenson 2011, p. 151)",Eufemismo de la esclavización de menores. Usar «decreto de Ferrand del 6 de enero de 1805» y anotar cómo lo nombra cada tradición.,M06,1,no,eufemismo-oficial
Distinción de Ferrand entre «negros franceses» y «negros españoles» (1804-1809),—,—,"Francesa (Ferrand): «nègres français» (asociados a Haití; entrada prohibida en el Ozama el 22-V-1804) frente a «nègres espagnols», menos peligrosos (Nessler 2011, pp. 287-288 y n. 77); cf. «nègres espagnols» del tratado de Aranjuez de 1777","Categoría administrativa basada en el origen, no en el color; útil para no mezclar con las categorías de color de los censos.",M06,1,no,categoria-racial-o-social
Antiguos insurgentes de 1791 al servicio de España (1793-1794),«Tropas Auxiliares de Carlos IV» / «Negros Auxiliares» (nombre español),Jefes de la insurrección aliados de España frente a los comisarios republicanos,"Jean-François, Biassou y Toussaint Bréda pasaron al servicio de la Corona",Nombre de institución que varía según la tradición que lo cuenta.,M06,1,no,nombre-propio-de-institucion-o-ley
Habitantes del este que salieron de la isla tras 1795 y tras 1822,"«La flor de las familias» (Demorizi la atribuye a Américo Lugo, p. 195; Marrero Aristy vía Lora; Cordero Michel como etiqueta de «algunos historiadores»; rama hispanista); «oligarquía españolizante» (reformulación crítica); «transterrados» (Núñez Asencio 2026)",—,"Española: «emigrados» (término oficial; Junta de Emigrados de La Habana, que reclamaron pensión en Cuba, Puerto Rico y Venezuela); francesa: «émigrés» (Mareite 2023: calco, ≥10.000 tras Basilea, ~4.000 a Cuba); distintos de «refugiados franceses» (colonos de Saint-Domingue) y de «emigrantes franco-antillanos» (García Álvarez 2015)",Deive (vía Núñez Asencio) contradice la «flor de las familias» con una diáspora heterogénea que llevaba esclavos como capital; los esclavizados que salieron con sus amos no se contaban entre los «emigrados» (Mareite 2026). Descriptivo propuesto: dominicanos que salieron de la isla entre 1795 y 1809 / élites criollas que emigraron (1822-1830).,M06 M08,4,no,termino-cargado
Campaña de Dessalines en el este (1805): nombres de la entrada y de la retirada,«Invasión de 1805» / «invasiones haitianas» (Rodríguez Demorizi); «expedición» (Reyes),"«Campagne de l'Est», «siège de Santo-Domingo»; «prétendue invasion de l'Est» y «défense légitime de la Nation» (L. St. Juste, Le Nouvelliste, 5-IV-1979, que ve en el decreto de Ferrand la «cause réelle et principale»); «invasion» / «envahisseur» (Théodat 2009)","Prensa francesa de 1805: «évacuation de la partie espagnole», «déroute», «retraite»; descriptivo propuesto: campaña de Dessalines en el este (1805), levantamiento del sitio de Santo Domingo","Fila existente del glosario «Campaña de Dessalines en el este (1805)»; estas formas la amplían. Las cifras dependen de memorias escritas décadas después (Arredondo, Pichardo).",M06,3,parcial,termino-cargado
Matanza de Moca del 3 de abril de 1805 y otros hechos de la retirada (alcance disputado),"«Degüello de Moca» / «degüello de Santiago» (Arredondo, Del Monte y Tejada, Utrera); «exterminio de toda la comunidad» (ley de 2008-2009); «genocidio», «limpieza étnica» (Núñez Asencio 2025; Penson Paulus); «orden de genocidio» (Amaro 2024, que descansa en la versión española «pisotear por las acémilas»); Moquete 2008 (citado por Marte 2014); «hecatombe» (Moya Pons 1991); «exterminación» (Troncoso); «negacionista» / «negacionismo» (Cassá 2023, para quienes dudan de la matanza en la iglesia de Moca; Marte y Utrera rechazan el rótulo; Reyes 2022: «especulación ideológica»)","«Dévastation», «le fer et la flamme» (textos haitianos de 1805); «égorger», «massacrés» (Madiou); «massacre indifférencié des populations civiles» (Théodat 2009, ¶ 15; no usa «genocidio»); «Masak nan Moca» solo en una columna [POR VERIFICAR]","Los académicos leídos (García, Llenas, Cassá, Reyes, Pinto, Théodat) dicen «matanza», «degüello», «atrocidades»","«Degüello» designa en las fuentes tres episodios: Santiago (entrada de Christophe, 25-28-II), Santiago (ejecución de prisioneros, 6-IV) y Moca (3-IV). En el corpus: «crítica de fuentes del degüello» frente a «defensa de la tradición de García». Debe declararse en el glosario con sus usuarios y con la cautela sobre la traducción de «genocidio». El glosario cita «degüello de Moca» solo como sinónimo de la campaña.",M06,4,parcial,termino-cargado
Matanza de la población blanca francesa de Haití (febrero-abril de 1804),—,"«Massacre général des Français» (Madiou, Bellegarde); «extermination générale des Français» (Madiou, ≈ 3.000); «le sacrifice» (Ardouin); «boucherie» (Justin 1826); «l'heure de la vengeance» (proclama del 28-IV-1804); «je veux que le crime soit national» (Madiou atribuye la frase a Dessalines); «extermination des blancs»","Francesa e internacional: «massacres de 1804», «1804 Haitian massacre»; «genocide» (Girard 2005, matizado en 2011); «genocidio subalterno» (Robins, Jones y Moses, sin leer) [POR VERIFICAR]",Distinto del uso dominicano reciente de «genocidio» para 1805 (prensa de opinión).,M06,3,no,termino-cargado
Nombre del ejército de la independencia haitiana (1802-1804),"«Ejército indígena» / «Armada Indigena del negro Dessalines» (Moya Pons 2022; documento notarial de La Vega, 1815); Arredondo: Dessalines «tituló indígena» a su ejército; Del Monte y Tejada: la proclama del 29-XI-1803 no lo usa","«Armée indigène» (Acta del 1-I-1804; el tratado de evacuación del 19-XI-1803 ya se titula «Armées française et indigène»); antes, «Armée des Incas» o «Fils du Soleil» (Dubois: finales de 1802; Geggus 1997 y Vasko 2026: otoño de 1802 hasta después de julio de 1803, reprobado en Arcahaie en mayo de 1803; Casimir 2009 fecha «Incas», «Hijos del Sol» e «indígena» en 1802)",Internacional: Geggus y Vasko fechan «indigène» desde agosto-octubre de 1803,«Indigène» designa al nativo frente al colono (glosario: indigénisme). Conviene separar las fechas del título «Incas» y del título «indigène» (A-070).,M06,2,parcial,nombre-propio-de-institucion-o-ley
Expedición militar de Leclerc y Rochambeau a Saint-Domingue (1802-1803),—,«Guerre de l'indépendance»,Historiografía francesa: «expédition de Saint-Domingue»; Murgueitio 2025: «reconquista»,Hay que añadirlo al glosario porque «reconquista» ya designa también la de 1809 en el este.,M06,1,no,termino-cargado
Guerra de 1808-1809 en el este contra el gobierno francés,"«Reconquista» (la ley de 2009 la define como «recuperar la nación»; informe técnico del Senado de 2019: «reivindicación criolla de la monarquía»); «guerra dominico-francesa de 1808» (subtítulo de la traducción de Lemonnier-Delafosse, 1946); «guerra de la reconquista entre españoles y españoles dominicanos» (Tejera); «obra de los hateros» (Bosch 1970 p. 73) frente a «oligarquía esclavista, integrada por hateros, latifundistas, comerciantes y el clero» (Cordero Michel 2007 p. 24)",Ardouin: alzamiento de «indigènes» contra Francia; Madiou: «hispano-indigènes» (criollos),"Francesa: «Seconde campagne de Saint-Domingue» (original de Lemonnier-Delafosse); Lemonnier-Delafosse y Guillermin: «nègres», «armée nègre», «hordes noires», «insurgés», «révoltés» para los dominicanos de 1808; decreto de Ferrand: «révoltés» para el territorio haitiano y «rébellion des noirs» para el conflicto",Amplía la fila «Victoria de Sánchez Ramírez sobre los franceses (1809)» del glosario: restauró la soberanía española y la esclavitud en el este. Misma realidad social (hateros) calificada con dos marcos opuestos. Registro del léxico de cada bando para no usarlo como descriptivo.,M06,3,parcial,termino-cargado
Período de reincorporación a España (1809-1821),"«España Boba» (nombre historiográfico; Cordero Michel y Moya Pons, Clío 180, lo matizan: «no tan boba»); «segunda era de España» (Rodríguez Demorizi 1955); «Reincorporación a España» (Vega Boyrie 2009)","«Partie ci-devant espagnole», «partie de l'Est»",Ulrickson: el término se habría acuñado tras una reanexión posterior y oculta el descontento prohaitiano [POR VERIFICAR]; no aparece en ninguno de los documentos de 1815-1822 leídos,El «bobo» alude a la sumisión de la élite al absolutismo; el nombre es valorativo y peyorativo.,M07 M08,2,no,termino-cargado
Proclamación del Estado Independiente de la parte española de Haití (1-XII-1821 a 9-II-1822),"«Independencia Efímera» (Decreto 146-21 y ADH; Bryan 1995; Max Henríquez Ureña; Baud 2018); «Independencia Boba» (C. Sánchez i Sánchez 1937, citado por Gibson); «primera independencia» (Pérez Memén, Rosario; Yingling señala que la historiografía dominicana lo reconoce); «independencia de los 70 días»; Baud llama «segunda» independencia a 1844","«République dominicaine», «République Domingoise», «État indépendant de la partie espagnole d'Haïti» (Madiou 1848, Inginac 1843, Ardouin); «faction dite dominicaine» (Linstant Pradine, nota del Recueil t. III p. 448, 1860, que juzga su constitución «absurda e inmoral» por mantener la esclavitud); «République monstrueuse», «État séparé», «gouvernement séparé» (Recueil 1860; mensaje de Boyer al Senado, 25-XII-1821; despacho del 11-I-1822), contrapuestos al art. 40 de la Constitución","Internacional: «Spanish Haiti» (Yingling, Eller), «pre-emptive independence» (Bryan), «Brief Independence» (Eller)","El texto de 1821 dice «Estado Independiente de la parte española de Hayti» y cierra con «Haití Español»; la Declaratoria se titula «del Pueblo Dominicano» y una proclama de Montecristi usa «República Dominicana» (Ardouin). Cada nombre toma partido: «efímera» la mide por su final, «boba» la desvaloriza, «primera independencia» la reivindica y la numeración presupone que 1844 completa un proceso de «independencia». La duración varía con el término final (A-087). Descriptivo: proclamación del Estado Independiente de la parte española de Haití.",M07 M08 M09,6,no,termino-cargado
Actas y cartas de adhesión de 1821-1822 a la unión con Haití,"«Llamamientos» / «llamados de los notables» (Lora, Cordero, Cassá); «pronunciamientos» (Rodríguez Demorizi: «pronunciamientos falazmente fraguados», «banales y engañosos documentos»; rama hispanista: fraguados o antedatados); «piezas justificativas» (Núñez Asencio)","«Adhésion spontanée», «mouvement spontané» (voz oficial 1822-1830); «appel à Boyer» (Price-Mars; Manigat 1954); «ralliement» (Price-Mars 1929); «soumission des habitants» (Magloire 1909)",Internacional: «pronouncements» (De Pena),La carga va de «espontáneos» a «forjados»; «llamamientos» sugiere invitación. Descriptor propuesto: actas y cartas de adhesión de 1821-1822.,M07 M08,3,no,termino-cargado
Partidarios dominicanos de la unión con Haití (1821-1844) y sus adversarios,"«Malos dominicanos» (Leonidas García, Clío 110, 1957, vía Lora 2016); «dominicanos traidores» (García Godoy, Clío 128, 1972); «haitianizados»; «afrancesados» (Rosa Duarte 1843, para los partidarios del movimiento haitiano de la Reforma y de los haitianos de la capital; Céspedes: «afrancesados, haitianófilos y anexionistas»); «godos» (José María Serra, citado por Cassá 2016 p. 60, para los partidarios del orden español, aplicado al arzobispo Valera); «partido unionista» (Lora, analítico)",«Parti pro-haïtien» (Price-Mars; Manigat),"Internacional: «Boyerian Movement» atribuido a V. Garrido [POR VERIFICAR]; «movimiento boyerista», «trabajos unionistas»","Etiquetas con que la historiografía nacionalista designa a los partidarios de la unión (Silva, Campos Tavares, Amarante, Polanco, Núñez Blanco). «Afrancesados» se usa con sentidos contrarios según el momento (véase la fila del proyecto de protectorado francés de 1843-1844 y la Era de Francia). Descriptivo: partidarios dominicanos de la unión con Haití.",M07 M08,5,no,termino-cargado
"Carácter de la incorporación del este al Estado haitiano en 1822 (concertada, pacífica o forzada)","«Falacia» (Troncoso y Rodríguez Demorizi 1955, sobre la «conquista de corazones»); «incorporación forzada» (Troncoso de la Concha 1937/1948) frente a «accesión voluntaria», eje del debate del Instituto de Investigaciones Históricas de 1937; «integración de la antigua colonia española a la República de Haití» con apoyo de «la inmensa mayoría» (Franco 2011); «integración forzosa de los dominicanos en su Estado» a la que renunciaron los gobernantes haitianos (Cassá 2000)","«Conquête des cœurs» (Ardouin 1832 p. 23; Price-Mars 1953); «mariage de raison» (Price-Mars: «no un matrimonio de amor, evidentemente, sino un matrimonio de razón»); «chance providentielle» (Price-Mars) y «fabuleuse mise en scène» (Manigat 2001, que no niega la invitación); «régénération» (Boyer, despacho del 11-I-1822: «perfecta regeneración de esta parte de la isla»); «préparer les esprits» (Inginac 1843 pp. 58 y 61; Léger 1930 p. 78; Janvier 1883 p. 601); autodescripción de Boyer: «pacificador y conciliador», «no como conquistador», «padre, amigo y hermano» (despacho del 11-I-1822 y acta del 9-II-1822); «la fusion de tous les cœurs en un seul et même tout» (Boyer, enero de 1822)",Francesa: Lepelletier de Saint-Rémy (1846) la refuta («rien n'est moins vrai»); alemana: Handelmann 1856 atribuye a Boyer «nur eine Eroberung der Herzen»; Bonnet le aconsejaba presentarse «como mediador y no como conquistador» (27-XII-1821),"Fórmulas interpretativas, no nombres. «Régénération» ya figura en el glosario para 1843; aquí tiene otro sentido (1822). Es el marco haitiano del «llamamiento» (A-108): la unión se «preparó».",M07 M08,6,no,termino-cargado
Período de gobierno haitiano de toda la isla (1822-1844),"«Ocupación haitiana» (García 1879; MINERD; ADH 2020; Tejeda 2022: «ocupación militar»; catálogo de la ADH: «República Dominicana -- Historia -- Ocupación Haitiana, 1822-1844» para Moya Pons 4.ª-6.ª ed., Batista Lemaire 2025 y Pereyra 2020); «ocupantes» (ADH 2021); «dominación haitiana» (Moya Pons 1972; Batista Lemaire 2025; Rodríguez Demorizi 1955); «Era de Haití» / «Era haitiana» (Rodríguez Demorizi 1955 pp. 305-317, con «período de sombras», «gobierno dominador», «el invasor Boyer»; García); «yugo haitiano» (Manifiesto del 16-I-1844; García 1879; decreto de la Junta del 24-VII-1844; Moya Pons 2021: «la bota del invasor haitiano»); «gobierno intruso» (Penson 1891); «ilotismo del Este» (Báez, La Sentinelle de la Liberté, 7-XII-1843); «invasión de 1822» (Rodríguez Demorizi); «segunda invasión haitiana» (Pinto Tortosa); «Época Haitiana» (título de la serie de sentencias del AGN, BAGN 1953-55, mientras la introducción de Lugo Lovatón escribe «Ocupación Haitiana» y «Dominación Haitiana» y la llama «luctuoso»); rama crítica: «período haitiano», «gobierno de toda la isla» (ADH 2022), «integración» (Cassá 2022), «unificación política de la isla» (González Canalda y Silié 1997, que alternan «Ocupación Haitiana» en el índice, «Unificación política» en el capítulo y «Dominación Haitiana» en las actividades; González Canalda evita «dominación» por sus connotaciones peyorativas), «anexión» (Lora 2022, que la equipara con la de 1861; Scherr 2025)","«Unification» / «réunification» (Lodimus 2018 y 2022; Arthus 2017, «9 février 1822: Réunification de l'île Ayti»; Denis 2024); «réunion» / «fusion parfaite» (léxico oficial, Recueil III-VIII; Boyer); «unité de l'île» (Bellegarde y Lhérisson 1906; Le Nouvelliste 1970: «union complète de l'île, de 1822 à 1844»); «annexion» (Péan 2017; Joint 2009; S. P. Étienne); «agrégation» (Manigat); «incorporation» (Léger 1930), «adjonction de la partie de l'Est» (Corvington 1934); «domination» (Boyer, instrucción del 11-II-1822: «chérir cette domination»; acta del 9-II-1822: «se rangeait sous sa domination»); voces haitianas críticas: «occupation» (Pierre-Charles y Castor 1974; Théodat 2009; André 2020; Norestyl 2023; Alvarez 2025; Manigat 2002: «parut davantage une occupation qu'une fusion»), «invasion» (Trouillot 1990: «successful invasion»; Lodimus 2022: «envahit»; Embajada de Haití en Washington; Rezo Nòdwès 2018: «envahit et occupa pacifiquement»; Le Nouvelliste 1970), «invasions unificatrices» (Manigat t. I), «conquête de la partie est» (Moïse 2009), «réoccupa» (Gentil y Chauvet 1896), «se considéraient en pays conquis» (manual de W. Emmanuel 2011, vía González Canalda 2019); kreyòl: «nou te okipe l pandan 22 zan» (André 2020), «anvayi Dominikani» (Vilsaint 1994), «inifikasyon zile a» (Rezo Nòdwès 2018)","Internacional: «unification» (Moya Pons 2010; Walker, Eller, Yingling, Keane-Dawes), «antislavery revolution» (Walker 2019), «consolidation, or occupation» (Gibson), «invasion» (Geggus, Scherr, Fischer), «occupation» (Vera, Venator Santiago); Lora (2016, n. 3-4) cuenta en 20 autores: 8 «ocupación», 5 «dominación», 2 «anexión», 2 «período», 1 «gobierno», 1 «era», 1 «predominio»","El término elegido ya es una tesis. El glosario atribuye «ocupación» solo a la tradición dominicana, pero autores y manuales haitianos también la usan, y Boyer usó «domination» en 1822 (no es en sí una confesión de ocupación). Lora observa la asimetría de nombres: 1802-1809 y 1861-1865 no se llaman «ocupación» pese a la presencia militar. Eller (nota 1, p. 238) distingue a quienes llaman «ocupación» a todo el período (Núñez Grullón) de estudios recientes que la limitan a las primeras semanas de presencia masiva de tropas (Lora Hugi, Transición, p. 47). Descriptor neutro: período de gobierno haitiano de toda la isla.",M07 M08 M09,18,parcial,termino-cargado
Entrada de Boyer en Santo Domingo y acto de incorporación del este (9-II-1822),"«Reunión del Este a la República (de Haití)» (título de los actos de Boyer según el índice de Rodríguez Demorizi 1955, p. 306: orden del día del 12-I-1822, proclama del 9-II-1822); «invasión de 1822»; «usurpación» del lado español (véase otros nombres)","«Réunion de la partie orientale d'Haïti aux autres parties de la République» (Le Télégraphe, 16-I-1822); «la réunion des fils d'Haïti» (proclama del 9-II-1822); «réunion de l'Est à la République» (Recueil III n.º 768, 774); «prise de possession» (comisionados de 1830; Ardouin 1832 y t. X p. 92, que designa jurídicamente la entrada del 9-II, distinta de la «adhesión» de los pueblos); «incorporation» (nota haitiana de 1830 a España; Léger 1930); «agrégation» (Manigat); «annexion haïtienne» (S. P. Étienne); «unité de l'île», «soumission» (Magloire 1909; Léger 1930), «ralliement»","Internacional: «annexation of the East» (Mackenzie); «union of the whole» (Franklin); «consolidation, or occupation» (Gibson); «reunificación» (Jansen); «conquest» (Calcutta Journal, 1822); «annexation» (Élie, 1860) y «reunited under President Boyer» (Redpath). Española (1822-1830): «usurpar» (Pérez Guerra), «ocupación», «reclamación de la parte española»; real orden del 24-VIII-1829: «restitución a S. M. de la parte de la isla que le pertenece»; Hill (1831, testigo jamaiquino): «cette usurpation de leur territoire»","La tradición haitiana tampoco es unánime en el término. Presupone la tesis de la indivisibilidad (arts. 40-41 de 1816). Es el tercer par de nombres, el del actor español, que el glosario no recoge. No equivale a «unification» del glosario.",M07 M08 M09,6,parcial,termino-cargado
"Caracterización del régimen de Boyer en el este (dictadura, dominación paracolonial, colaboración local)","«Dictadura militar» / «dictadura de Boyer» (Moya Pons 2022; ADH 2021); «dominación paracolonial» y «casta militar mulata» (Batista Lemaire 2025, tal como lo resumen Balcácer y Moya Pons, Clío n.º 209, pp. 275 y 282); «matemática racial» (atribuido a Batista Lemaire por Núñez Asencio 2025-2026: reparto de mandos con «cinco mulatos por cada dos negros» en distritos clave; sin verificar en el libro); «colaboracionismo» (Moya Pons 2025, p. 283, para Bobadilla, Caminero y los consejos de notables, con una resistencia «oculta»)",—,Internacional: participación en el Estado o «agencia local» (Walker). Descriptor propuesto: régimen presidencial vitalicio de Boyer (1818-1843).,"Términos políticos cargados: fusionan una tesis sobre la naturaleza del régimen con una atribución racial a su élite o presuponen una «ocupación»; contrastan con «unificación» (Walker, Eller).",M08,4,no,termino-cargado
Dos grupos nacionales en un solo Estado (este y oeste bajo Boyer),"«Grupo nacional dominicano» / «grupo nacional haitiano» (González Canalda, apoyada en Giddens, para evitar «dominación», nota 5 de F-0825); «grupo nacional oprimido por la mayoría haitiana» (Cassá 1983, t. I p. 174, citado por ella); «un grupo nacional, dominado por otro» (González Canalda y Silié 1997)",—,Descriptor neutro propuesto: población de la parte este / población de la parte oeste,Presupone dos naciones dentro de un Estado: el término lleva su propia tesis.,M08,2,no,termino-cargado
Acceso a la tierra de libertos y peones bajo el período haitiano,"«Campesinización» (Cassá 2021: proceso por el que antiguos esclavos y peones pasaron a ser campesinos con parcela, que «constituyó un progreso histórico»)",—,—,Es una tesis (A-100) y no un hecho. Descriptor propuesto: acceso a la tierra de libertos y peones.,M08,1,no,termino-cargado
"Etiquetas de combate entre escuelas historiográficas sobre el período (historia oficial, revisionismo, nueva ola)","«Historia oficial» (González Canalda; Cassá 1983): narración «concebida para sustentar la ideología de un Estado», difundida por libros de texto, currículo, medios y monumentos; se aplica a la tesis de la «dominación» (descriptor propuesto: «relato escolar-estatal»); «revisionismo histórico» (Cassá 1994, tomado del debate argentino, para la corriente conservadora-hispanista: Abreu Licairac 1894, R. A. Sánchez); «Nueva Ola» / «New Wave» (Ulrickson p. 116, para la historiografía dominicana posterior a Trujillo: Cordero Michel, Cassá, Moya Pons)",—,"Internacional: «revisionismo» aplicado a la nueva historiografía anglófona (Walker, Yingling, Eller), que dice haber refutado «categóricamente» la lectura de dominación (Walker 2018, pp. 31-32)","La misma etiqueta señala escuelas opuestas; no es un conteo de la profesión. La clasificación de Moya Pons (1972) y de textos de 1999-2009 como «historia oficial» es de González Canalda y no de Moya Pons ni de Lora. «New Wave» es etiqueta de la autora (categoría analítica), no de las tradiciones. Término de combate de la corriente revisionista, no descripción neutra.",M06 M08,4,no,termino-cargado
"Escuelas y partidos haitianos definidos por color (noirisme, mulâtrisme)",—,"«École coloriste» (Péan 2017: polarización entre Madiou, noirista, y Ardouin, mulatrista, y sus herederos; revolución «racial» frente a «multirracial»); «légende noire» / «légende mulâtre» (línea de Madiou frente a línea de Ardouin; Nicholls 1974; A-156); «Parti National» (predominantemente negro: Salomon, Janvier) y «Parti Libéral» (predominantemente mulato: Boyer-Bazelais, Edmond Paul, Firmin) según Nicholls; «politique de doublure» (Léger; historiografía haitiana según Trouillot 1990, cap. 3, vía F-0111: gobierno por testaferros con que políticos «mulâtres», los Ardouin, instalaron presidentes oscuros en 1844-1849; la usa la historiografía noirista contra la «légende mulâtre»)",Trouillot (1990) matiza que Paul y Firmin eran de piel oscura y que el color no coincidía con el partido,"Importa porque cada escuela atribuye a Dessalines o a Christophe y Pétion la responsabilidad de 1804-1805. Son categorías de combate, no descripciones neutras. El glosario recoge «noirisme» pero no «mulâtrisme» ni estas etiquetas.",M06 M09 M11,5,parcial,categoria-racial-o-social
Movimiento liberal que derribó a Boyer en 1843,«La Reforma» / «Reforma de 1843»; «La Revolución de 1843» (BAGN 26-27); «revolución de Praslin»,"«Régénération» (el gobierno provisional fecha sus actos «an 40 de l'Indépendance et 1er de la Régénération»; decreto del 26-XII-1843, Recueil t. VIII); «Révolution de 1843»; «prise d'armes de Praslin»; «gouvernement déchu» (el de Boyer); «patriotes populaires» (Madiou, para los revolucionarios de Praslin); «piquets» (Ejército de los Sufridos de Acaau, 1844)",Internacional: «Liberal Revolution of 1843» y «Piquet Rebellion of 1844» (Sheller 2000); «reform movement» (Eller); el cónsul Levasseur: «la révolution» o «l'insurrection»; L'Illustration: «mouvement insurrectionnel»,"La Reforma no equivale a La Trinitaria; el término decide si trinitarios y Báez son aliados de una revolución haitiana o precursores de la separación. Fechar aparte: arranque en Praslin (Les Cayes, 27-I-1843), renuncia de Boyer (13-III-1843) y manifestación en Santo Domingo (24-III-1843). Los documentos dominicanos de 1843 se fechan con el calendario haitiano; la capitulación de Santo Domingo se fecha «41 de la Independencia y 2.º de la Regeneración» (García 1890/1994; Eller 2013); la transcripción de Ecos (2018) lee «1 de la Independencia y 20 de la Regeneración», error de lectura.",M08 M09,3,no,termino-cargado
Milicias campesinas haitianas (cacos y piquets),—,"«Cacos» (Norte) y «piquets» (Sur): «guerre des cacos et des piquets» bajo Salnave, 1867-1869 (Bellegarde y Lhérisson); Théodat sitúa una segunda revuelta de cacos hacia 1911",Contraparte dominicana: «gavilleros»,Entrada necesaria para M11-M12.,M11,1,no,categoria-racial-o-social
Proyecto de protectorado francés con cesión de Samaná (1843-1844),"«Plan Levasseur» (nombre dominicano del acta de siete delegados, 15 o 16-XII-1843; el nombre atribuye la autoría al cónsul, que escribe que «las condiciones» fueron estipuladas por los propios representantes, F-1060 doc. 30); «afrancesados» (Rosa Duarte; etiqueta de época y de acusación de entrega nacional; para Cassá 2016 y Núñez Asencio 2026, los conservadores de 1843 que buscaron el protectorado); «partido francés»; «protectoradistas» (tradición duartista); «orcopolitas» (neologismo de Duarte: «ciudadanos del infierno»); Resolución del 8 o 9 de marzo de 1844 (Cassá: gobernador francés por 8 años; Diario Libre y Garrido: 10)","«La chimère d'une république dominicaine… sous le protectorat de l'étranger» (Hérard, 12-III-1844); «scissionnistes» (Madiou p. 92, para los diputados del Este que negociaron con Levasseur)","Internacional: «Frenchified Dominicans» (Eller). Los propios gestores hablaban de «protección», no de afrancesamiento. Descriptor propuesto: proyecto de protectorado francés (1843-1844).",«Afrancesados» designa aquí lo contrario que en Rosa Duarte para los partidarios de la Reforma haitiana (véase la fila de partidarios de la unión) y debe contrastarse con su uso para la Era de Francia. Falta en el glosario.,M08 M09,5,no,termino-cargado
Proclamación dominicana del 27 de febrero de 1844,"«Independencia» (el 27 de febrero se celebra como Independencia); «Fiesta de la Separación» (art. 196 de la Constitución de 1844; «fête de la séparation» en la traducción de Lepelletier); «separación de Haití» (Manifiesto del 16-I-1844; alterna con «independencia» en la ADH 2020-2022; Lugo 1923); «pronunciamiento»; «movimiento separatista» (Balcácer); «segunda independencia» (Baud 2018); «Separación» como lema oficial: nombre del corsario dominicano de 1845 (Moniteur del 31-V-1845), de la goleta de guerra «Separación» (actas del Congreso de 1848; comisión del Senado Consultor, 1855); García Lluberes atribuye la palabra a Bobadilla y no a Duarte","«Séparation» (Ardouin 1860; Madiou; nota oficial de 1845; Pierrot, 10-V-1845: «une séparation était devenue nécessaire pour vous»; Soulouque 1851 en Clark; Élie 1860); «scission» (Janvier 1886: «scission définitive»; Gentil y Chauvet 1896; Léger 1930; Hérard 12-III-1844: «scission territoriale»; Delorme 1895); «sécession» (Manigat: «sécession définitive»; Théodat 2009; Embajada de Haití en París 2021); «se détacher» / «détachement» (Hérard 12-III-1844: «la partie de l'Est déclare se détacher de la République»; Price-Mars); «révolte» / «insurrection» (Hérard-Dumesle 2-III-1844; decreto del 4-III; proclama del 12-III; Bellegarde 1953: «révolte», «séparatistes», «rébellion»; Madiou 1904 p. 209; Benjamin 1951: «insurrection séparatiste de l'Est»; Le Matin 5-II-1929: «mouvement séparatiste de 1844»); «insurgés» / «rebelles» / «partie de l'Est révoltée» (Moniteur 1845-1851, p. ej. «se sont détachés de l'unité nationale», 17-III-1849; Soulouque 1849, 1851, 1855; Moniteur de 1854: «en état de révolte»; Léger 1907: «insurgents»; Alaux 1851 cita a Hérard: «des Haïtiens rebelles… conquis leur nouveau nom de Dominicains»); «scissionnistes» (Hérard, Madiou); «agrégation volontaire» y «nouvelle sécession» (Manigat 2002, t. II p. 220; el Manifiesto habló de «simple agrégation»); «capitulation de la garnison haïtienne» (28-II, con mediación del cónsul de Francia); «a déclaré son indépendance» (Arthus 2017); «proclamation de l'Indépendance de la République Dominicaine» (Le Matin, 12-III-1928); «partition» y «eastern Provinces of Haiti» (Legación haitiana en 1911)","Tratado de 1874 (art. 13): «scission de 1844» en francés y «separación de 1844» en español, sin «independencia»; el convenio de 1867 dice «séparation». Angloamericana: «seceders», «nullifiers», «revolted province» (Clark 1853, comparando con la nulificación y la secesión del Sur de EE. UU.); alemana: «Lossagung» (Handelmann 1856, que añade «französischer Negerstaat»); Élie (1860) y Redpath: «annexation» (1822) y «separation» (1844); Schoenrich: «Haitian territory in revolt»",Amplía la fila del glosario. El léxico oficial haitiano no es uniforme: Pierrot y Soulouque usan a veces «séparation» y otras «insurgés»; Janvier y Léger usan «bannière de l'Indépendance» y «séparatistes» a la vez; un manual escolar haitiano dice «independiente» (vía González Canalda 2019). El cuerpo del Manifiesto usa «separación» y no «independencia» (las notas de origen cuentan cinco u ocho veces: recontar). Para el relato dominicano es «pronunciamiento» o «independencia». El informe de Hérard de mayo de 1843 (Recueil t. VII p. 310) ya hablaba de «la séparation de l'Est» y de «ligue colombienne».,M08 M09 M11,16,parcial,termino-cargado
Manifiesto del 16 de enero de 1844 (documento fundacional dominicano),"«Acta de la Separación (Dominicana)» (Rodríguez Demorizi 1943; Balcácer 2019); «Acta de Independencia» (Alfau Durán: «que lamentablemente funge»); «Manifiesto ó Acta de Independencia», «Causas de la Independencia dominicana» (edición oficial de 1880, Ecos 2018, Vega); «Manifiesto de Independencia» (portal escolar MINERD)",«Séparation» / «scission»,—,No se halló un acta distinta del 27-II-1844. El título original habla de «separación». Descriptor neutro: Manifiesto del 16 de enero de 1844.,M09,2,parcial,nombre-propio-de-institucion-o-ley
"Bandos dominicanos de 1844 (separatistas, independentistas, febreristas, afrancesados)","«Separatistas» (Guerrero, Ecos 2018; Alfau Durán, Clío 116, 1960: conservadores y afrancesados que querían la separación con protectorado) frente a «independentistas» / «duartistas» / trinitarios; «febreristas» / «febrerista» (Vega Boyrie, HGPD III p. 238: grupo liberal de Duarte frente a los «ultraconservadores» de 1844-45; Alfau Durán, García Lluberes, Rodríguez Demorizi: partidario del 27 de febrero; a veces opuesto a «santanista»); «movimiento separatista» (Balcácer, para toda la alianza); «afrancesados» / «partido francés» / «protectoradistas»",«Séparatistes» (Bellegarde 1953; Léger 1930; Delorme 1895) para los dominicanos en general,—,"Si se acepta el uso de Guerrero y Alfau Durán, «separación» e «independencia» no son sinónimos (A-117). Etiquetas de parte con carga política.",M09,4,no,termino-cargado
Campañas militares haitianas contra el Estado dominicano (1844-1856),"«Guerra de la Separación (Dominicana)» (García 1890, para las campañas de 1844, 1845, 1849 y 1855-56); «guerra dominico-haitiana» (Rodríguez Demorizi 1944-1957; Balcácer y García 1992: «el pueblo invadido»); «invasiones haitianas»; «campañas militares de la independencia» (Matos-Soto 1979); «reconquista» (Peña Batlle, vía González); Escolano: «cerca de doce años» de guerra; batalla de Las Carreras (21-IV-1849), Santomé y Sabana Larga; Matibag las clasifica en cuatro «campañas de invasión» (1844, 1845-9, 1849-55, 1855-6)","«Campagne de l'Est», «question de l'Est» (Manigat: «La question de l'Est de 1844 à 1859»; Moniteur y manuales); «Marche de l'Est» (Laforest 1906 p. 195, para 1855-56); «unité de la République»; «sécession de la partie de l'Est» (Embajada de Haití, 2021); «Ocoa» / «notre Waterloo» (Léger 1930 p. 267; Bouzon 1894; Firmin 1905; Fignolé 1950) para lo que la tradición dominicana llama batalla de Las Carreras",Internacional: «Haitian territory in revolt» (Schoenrich); Manigat cuenta cuatro campañas y Trouillot «four engagements»,"La fecha de Ocoa no consta en los textos haitianos leídos. Descriptor neutro: encuentro del río Ocoa o de Las Carreras, abril de 1849; guerras dominico-haitianas de 1844-1856.",M09,4,no,termino-cargado
Pausas de hostilidades entre los dos Estados y reconocimiento de la soberanía dominicana (1850-1864),"«Tregua» (Dufrère, 19-IV-1851; Mensaje del Gobierno Provisional de 1857); «tregua de 1856» (Escolano 2021, p. 69, para el fin de las invasiones haitianas)","«Espèce de trêve» (Soulouque, 20-X-1855); Haití lo usa para evitar el «reconocimiento» (memoria de 1896, p. 13); Janvier fecha la tregua el 17-II-1857, Gentil-Chauvet en 1856 y el manual de 1906 una «trêve d'un an» en 1851","Cinco años de «tregua» bajo mediación de Francia e Inglaterra (1859-1864, Geffrard); De Pena (2011, p. 90) escribe que en 1856 Puerto Príncipe «reconoció» la soberanía dominicana, errata frente a 1874","Ambos Estados dan el nombre de «tregua» a las pausas de 1850-51, 1855-57 y 1859-64. Distinto de «paz», «armisticio» y «reconocimiento»: no son sinónimos.",M09,2,no,eufemismo-oficial
Cláusula de «posesiones actuales» del art. 4 del Tratado de 1874 (línea fronteriza),"«Statu quo post bellum de 1856»; «las que en derecho pudieron pertenecer a cada uno» (conferencias de 1883-1884); límites «de hecho» (Núñez Asencio, Peña Batlle); Luperón: «lo que ellos llaman el uti possidetis»","«Possessions actuelles» leído como «uti possidetis de 1874» (aide-mémoire de 1911; Mémoire de 1896; Delorme); «possessions effectives» frente a «fiction territoriale» (Mémoire de 1896, p. 15)","EE. UU. (1912): «provisional de facto boundary line», «status quo line»",La fórmula ya está en el art. 7 del Convenio de 1867; Haití menciona la fecha de 1856 por primera vez en 1883 (p. 45). El término ya contiene la tesis de cada parte: declararlo en el glosario con ambas versiones.,M09 M11,2,no,termino-cargado
"Doctrina haitiana de la isla única (fórmulas de seguridad, derecho y expansión)","«Indivisibilidad (política tradicional de)» / «el alto actual de Haití» (Bonó 1884, Opiniones de un dominicano p. 91: la doctrina estaba «en alto» por la anarquía, no abandonada; con «exclusivismo» y «política ultra negra» como expresiones racializadas); glosario: «Tesis de la indivisibilidad», «proyecto de unificación»","«L'île une et indivisible» (constituciones: 1805 art. 15; 1816 art. 41; 1846 art. 4 y art. 1; Constitución de 1849, art. 1); «indivisibilité du territoire haïtien» y «unité nationale» (Hérard, Guerrier, Pierrot, Soulouque; no literalmente la fórmula constitucional); «doctrine dessalinienne (défense nationale)» (H. Trouillot, entrevista de 1977, F-0112) y «doctrina de la isla indivisible» como garantía de libertad hasta 1859 (Hector 2009, ¶ 7); «portion intégrante de mes États» (Adresse de Dessalines, 12-IV-1805); «la mer pour frontière» (atribuida a Dessalines; Watson Denis 2024; origen documental [POR VERIFICAR]); «du Cap Tiburon au Cap Engano» (Léger p. 84) y «Cap Engano pour frontières naturelles» (Fignolé 1950; Léger 1930 p. 316, para Faustin Ier); «sécurité» («une île petite… d'une Puissance possesseur d'esclaves»: Boyer, 25-XII-1821; Villevaleix 1851: «question de vie ou de mort»); «propriétaire de toute l'île, de droit» (Delorme 1895, por haber reemplazado a Francia en Basilea y pagado la indemnización por «l'île entière»); «fiction territoriale» (Mémoire de 1896, p. 15); «ancienne métropole haïtienne» (Le Matin, 5-II-1929); «tendance annexionniste» (Manigat, Optique n.º 6, 1954: política «de l'île du Cap Engaño au Môle Saint-Nicolas», frente a la «scission à tout prix» dominicana); «idéologie messianique de libération» como «paravent des propriétés féodales» (Alix Lamaute, vía Fils-Aimé/CRESFED 2013); «un point noir» (frase atribuida a Salomon jeune por Dorsainvil y repetida por Michel 1932, p. 9: «l'Est était un point noir»; sentido por confirmar [POR VERIFICAR])",—,Ya en el glosario como «Doctrina constitucional haitiana de 1805-1846 sobre el territorio». El glosario junta fórmulas distintas (constitucionales y de Estado); la motivación (seguridad anticolonial o expansión) está en debate. Voz disidente: la crítica de izquierda.,M06 M08 M09 M11,12,parcial,termino-cargado
"Abandono o continuidad de la tesis de la isla única desde Geffrard (neutralización, «tournant Geffrard»)",«Ayuda fraterna» (Cordero Michel 1992),"«Tournant Geffrard» / «coupure très nette» (Price-Mars 1953; Manigat 2001-2007); «neutralisation de l'île d'Haïti» (Geffrard y Madiou, 1862-65: garantía colectiva de las potencias de la neutralidad de toda la isla; la defienden Madiou vía Hibbert 1910 y Justin 1905, la lamenta Janvier 1886 y la rechaza Léger: «une chimère»; FRUS 1865 registra la propuesta); «Haïti a tenu sur les fonts baptismaux sa sœur», «conservateur de l'Indépendance Dominicaine» (St-Juste 1960; Chaumette 1944; Lescot 1944; Vincent 1927; Livre bleu 1919); «possessions effectives» sustituye a «fiction territoriale» desde 1867-1874 (Mémoire de 1896)",La avenida Fabre Nicolas Geffrard de Ciudad Trujillo (noviembre de 1938) es su monumento,Heredero de la tesis de la isla una e indivisible; la Constitución de 1867 y el tratado de 1874 serían su culminación. Debatible: Manigat habla de lucidez anterior y el Mémoire de 1896 sostiene que la idea de reintegrar el Este persistió. Añadir junto a la fila del glosario sobre la doctrina (que la da por abandonada en el Tratado de 1874).,M09 M10,4,parcial,termino-cargado
Política de Haití ante la guerra de 1863-1865 (neutralidad y mediación),«Neutralidad subrepticia» / «neutralidad aparente» / «incómoda neutralidad oficial» (Álvarez López 2015; Eller 2015); «intermediario oficioso» (Objío),"«Neutralité apparente» (Price-Mars); mediación oficial en Madrid (rechazada en mayo de 1864) y mediación personal u oficiosa de Geffrard (misión Roumain, octubre-noviembre de 1864)","Española: «buenos oficios», sujetos al reconocimiento de la soberanía española",Etiquetas interpretativas que ya presuponen la tesis de A-140 (neutralidad oficial con ayuda discreta).,M10,2,no,termino-cargado
Gobierno Provisorio de la Restauración (1863-1865): nombre y reconocimiento,«Gobierno Provisorio de la Restauración» / «Gobierno Provisional de la República Dominicana» (Ferrer lo usa pese a la negativa),"Geffrard y su ministro Elie rechazaron reconocer ese título (nota del 8-VI-1864; misión Roumain, noviembre de 1864)","Inglaterra fue la única en dar reconocimiento de beligerancia, según Objío",—,M10,1,no,nombre-propio-de-institucion-o-ley
Proclamación de Santana del 18-III-1861 y aceptación española del 19-V-1861,"«Anexión a España» (historiografía dominicana actual, sin el sentido de «dominación» que reserva a 1822-1844, según González Canalda); «forzada y falaz anexión» (Acta de Independencia del 14-IX-1863); «reanexión» / «reocupación» (Hauch)","«Annexion de l'Est», «cession», «remise sous la domination espagnole», «réoccupation»; el manual de 1906 titula «Péril dominicain» el párrafo","Española: «reincorporación» (Real Decreto del 19-V-1861; Gaceta de Madrid), «reincorporación a la madre patria» (Santana)",Falta en el glosario. Descriptor propuesto: proclamación de Santana del 18-III-1861 y aceptación española del 19-V-1861. Lora observa que 1861-1865 no se llama «ocupación» pese a la presencia militar.,M09 M10,2,no,termino-cargado
Guerra de 1863-1865 entre combatientes dominicanos y fuerzas españolas,«Guerra de la Restauración» (16-VIII-1863 a 1865; el Acta de 1863 usa «restaurar la República»); «Grito de Capotillo»; «Guerra Restauradora»; «segunda independencia» (Guerrero Cano),"«Insurrection», «insurrection de l'Est», «restauration dominicaine»","Española: «Anexión y guerra de Santo Domingo» (Gándara); «última guerra de España en Santo Domingo» (González Tablas); «facciosos», «rebeldes», «insurrectos» y «cabecillas» para los restauradores",Falta en el glosario. Descriptor propuesto: guerra de 1863-1865 entre combatientes dominicanos y fuerzas españolas.,M10,1,no,termino-cargado
Demanda naval española a Haití de julio de 1861,—,"«Affaire Rubalcava» / «expédition Rubalcava» (Mémoire de 1896); «L'ultimatum de l'amiral Rubalcava» (programa escolar de 1895); «incident Rubalcava» (Léger 1907, sin consecuencias graves); «asunto» o «afaire»; valoración: Moniteur oficial, reclamación sobre «limites» resuelta con saludo recíproco; Manigat y Nicolas, humillación; Gayot, «ignominie»",Española: la prensa de 1861 pide «satisfacción»; Rolandi y Alejandre: «demostración naval» o «segundo aviso»; grafía Rubalcaba / Rubalcava / Ruvalcaba,"Falta en el glosario. Descriptor propuesto: demanda naval española a Haití de julio de 1861, con el rango exigido/pagado de las cifras.",M10,1,no,termino-cargado
Incursión de exiliados dominicanos desde territorio haitiano (mayo-junio de 1861) y refugio en Haití,"«Revolución regeneradora» / «regeneracionistas» / «regeneración» (Sánchez y Cabral, El Día); «invasión haitiana» (La Razón, 6-VI-1861; St John; «Respuesta» de 1861); «invasión haitiana disfrazada» (García); «acogidos en Haití» (Santana 1860, para los dominicanos de la frontera sur refugiados tras la derrota de la «facción» de Domingo Ramírez; con «traidores» y «sublevados», léxico oficial de 1860)",—,Internacional: Eller y Escolano describen exiliados dominicanos con apoyo de soldados y vecinos haitianos,"No confundir con la Restauración de 1863. Descriptor propuesto: incursión de exiliados dominicanos desde territorio haitiano, mayo-junio de 1861.",M09 M10,2,no,termino-cargado
«Raza» y «castas» como nombre de bandos y de guerras (1844-1865),"«Raza dominicana» / «raza entera» (la «Respuesta» de 1861: el pueblo que desaparecería ante los haitianos); «raza española» (acta de Barahona); «dominico-español» frente a «dominico-haitiano» (réplica anexionista a la Protesta de Geffrard, F-1960); «raza hispánica» (atribuida; no figura en ningún texto de 1861 leído)","«Guerre de castes» / «guerre de couleur» (Madiou p. 127 n. 1, para el temor haitiano en 1844 a que los dominicanos reasentaran a los antiguos esclavos; categoría del narrador, no de los documentos de la Junta)","Española: «invasiones de una raza enemiga» (ministro español, 1861); guerra «de raza» («se ha hecho ya de raza», Gándara 1863-64: odios de color)","El término designa pueblo, linaje o color según el autor: declararlo en el glosario. Es una declaración de identidad política, no un dato demográfico.",M09 M10,3,no,categoria-racial-o-social
"Designaciones hostiles o racializadas de los haitianos, su ejército y su Estado (siglo XIX)","«Caribes», «antropófagos», «tigres», «tropa negra» (Arredondo, para el ejército de Christophe); «región de demonios» (Francisca Valerio, para la tropa de Toussaint, 1801-1802); «República Blanca» (Valerio, para Francia); «franco-africanos» / «ejército africano» (El Eco Dominicano, 25-IV-1844 y otros textos de 1844); «morrocoyes» (Madiou p. 136 da testimonio haitiano de un uso dominicano de 1844 [POR VERIFICAR en fuente dominicana de época]); divulgación reciente: «mañeses» (Lantigua, Diario Libre 2019, peyorativo) y «hordas negras haitianas» (Tejera, Acento 2024) — no usar salvo para citar","Respuesta de Dessalines al léxico francés: «cannibales», «cohortes homicides»","Francesa: «nègres», «armée nègre», «hordes noires» (Lemonnier-Delafosse, Guillermin); «brigands» / «l'armée des brigands» (prensa francesa de 1805: «la défaite des brigands»); alemana: «französischer Negerstaat», «Negerstaat» (Handelmann 1856); española e inglesa: «República franco-negra» (Gándara 1884), «Black Republic» (St John 1884)","Léxico anterior al antihaitianismo estatal del siglo XX, citado como su raíz o como prueba de su ausencia. Caracterizaciones de bando, no descriptivas; se usan solo entre comillas. Descriptivo: ejército haitiano o tropas de Dessalines. Complementa la fila del glosario sobre antihaitianismo (ideología), que no recoge estos epítetos.",M06 M09 M10,8,no,termino-cargado
Política de exclusión de los blancos (cláusulas constitucionales haitianas de 1805-1846) leída como exclusivismo racial,"«Exclusivismo negro» / «exclusivismo haitiano» / política «ultra negra» / «raza exclusivista» (Bonó, 1885, La República Dominicana y la República Haitiana: política de Estado haitiana de exclusión de blancos y de absorción de los dominicanos); «exclusivos» (cónsul Saint-Denys y su corresponsal, 1844, para el partido de Duarte y Puello)","«Exclusion des blancs» (designa las cláusulas constitucionales de 1805-1846); Bonó distingue la «raza de color» haitiana, que «significa la civilización»","El editor R. González dice que el criterio del «exclusivismo» venía de Angulo Guridi (1854), dato no verificado",No deben confundirse la «exclusion des blancs» de las constituciones haitianas y el «exclusivismo» de Bonó y de los testigos hostiles. Término cargado de origen decimonónico: usarlo solo descriptivo y atribuido.,M09 M11,2,no,termino-cargado
"Categorías de color y mezcla usadas por testigos, gobiernos y censos del siglo XIX","«Blancos de la tierra» / «blanco de la tierra» (Moya Pons, Historia colonial pp. 379-380, citado por Reyes n. 7: «no ser totalmente negro o demasiado negro»; Lemonnier-Delafosse c. 1808; R. González 2024; Turits); «moreno», «cobrizo», «cruzado» (estrofa «Los blancos, morenos, cobrizos, cruzados…»; Alfau Durán 1954 n. 31: «Duarte llamaba a los negros morenos. Este vocablo tiende a dulcificar la expresión»; «cruzado» = mestizo; «cobrizo» = de color cobrizo o indio); «españoles dominicanos» (art. 7 de 1844); «gente de color» / «clase de color» (Castro Ventura 2021, para negros y mulatos en el debate de 1847); nación «mulata, blanca y negra» / población «casi toda mulata» (Bonó 1881, anterior al «indio» posterior); «casta ilustrada» (Báez, 24-IX-1849: Haití busca «la extirpación de la casta ilustrada», en el mismo discurso en que afirma la igualdad de «blancos, negros y mulatos»); «blancos» como autodescripción oficial (1845: «la mitad» de más de 200.000 habitantes son blancos y dos tercios de la otra mitad mulatos)",—,"Francesa: «sang-mêlés» (Lepelletier 1846: «en número casi igual al de los blancos»); testigos hostiles: «africanos», «clase negra… ávida de sangre» (Saint-Denys); angloamericana: «Indios» para la raza mixta (Schomburgk 1851), 100.000 blancos y 40.000 negros (Hogan); taxonomías coloniales todavía en uso en 1871 y 1892 («griffe», «marabout», «cuarterón (quadroon)», «octavón»: Moreau de Saint-Méry; Gabb 1871: «the child of a mulatto and a black is a griffe»; Bureau 1892: «average shade of a quadroon»)","Ampliar la fila del glosario «Categoría racial intermedia en RD». Son estimaciones, declaraciones y autodenominaciones de la época, no autoidentificación censal: no se pueden tomar como composición racial ni equivalen a las categorías de los censos dominicanos (mestizo, mulato, negro, blanco, indio).",M06 M09 M11,8,parcial,categoria-racial-o-social
Categorías raciales o de pertenencia en textos constitucionales y legales (Haití 1804-1867; República Dominicana 1912),"«Raza que no sea la caucasiana» (ley de inmigración de 1912, que exigía permiso del Ejecutivo para naturales de las colonias europeas en América, de África y «braceros de otra raza»; Castillo 1978, vía F-1946): sustenta la «inmigración solo blanca» (Schoenrich) y precede a la orden ejecutiva 372 de 1919","«Enfants d'Haïti» / «lettres de naturalité» (Dessalines 1804; Ardouin t. VI pp. 60-61 lee el art. 28 de 1806 a partir de esas cartas); «Africain, Indien et ceux issus de leur sang» (art. 44 de 1816 según el registro A-110 [POR VERIFICAR el número de artículo]); «indígenas» / «indoamericanos» (el capítulo del Poder Judicial, c. 2008, dice que la ciudadanía estaba reservada a «africanos e indoamericanos» y que bajo ese nombre quedaron incluidos desde 1822 los dominicanos blancos y mulatos); «homme noir et jaune» (Guerrier, 5-XII-1844); «descendant d'Africains ou d'Indiens» (art. 5 de 1846 y art. 6 de 1843; desaparece en 1867)",—,"«Indiens» designa a los indígenas americanos; «indigène» designa en Haití al nativo frente al colono. Pertenencia jurídica por adopción, distinta de la ciudadanía por nacimiento; pertinente para el trato de los orientales en 1822. No equivale a las categorías de los censos.",M06 M08 M09 M11,4,no,categoria-racial-o-social
Esclavitud benigna en el Santo Domingo español,"«Esclavitud dulce» / «esclavo feliz» / «democracia racial colonial» (Reyes la presenta entre comillas, p. 19; Silié 2019 la critica)",—,Madiou y Lemonnier-Delafosse la sugieren,"Etiqueta de la tesis de una esclavitud benigna. Es interpretación, no hecho.",M06,1,no,termino-cargado
"Tesis identitarias dominicanas de fines del siglo XIX (pesimismo, democracia étnica, blanqueamiento)","«Gran pesimismo dominicano» / «tesis infravalorizadora del dominicano» (José Ramón López, La alimentación y las razas, 1896, no leído, de segunda mano; Lugo 1916; Avelino 1993); «democracia étnica» / «democracia racial dominicana» (Avelino 2004, 2006: «tercer pueblo mayoritariamente mulato del planeta», sin fuente; la funda en Hostos: «Gobierno de iguales, para blancos, negros y mestizos», y en Bonó; criticada por De la Cruz y Franco); «blanqueadores» / «blanqueamiento» (etiqueta que el registro A-149 atribuye a Vega; en Vega 1993, p. 30, aparece como énfasis en la «blancura racial» y en la inmigración blanca para «civilizar» la nación, sin el término literal)",—,—,"El «pesimismo» no equivale a antihaitianismo: Lugo lo combina con la confederación con Haití. «Blanqueadores» es caracterización historiográfica, no un autónimo. Tesis identitarias que deben tratarse como tales.",M11,3,no,termino-cargado
"Peligro haitiano como argumento político dominicano («amenaza haitiana», «invasión pacífica»)","«Amenaza haitiana» (Santana y los conservadores, para justificar protectorado o anexión; Castro Ventura 2021 y Martínez 2019 la leen como pretexto frente a la crisis de 1857; Sang y Arraya la toman como realidad); «invasión pacífica» / «invasión perenne y progresiva de población extranjera» (Bonó 1884-1885; Lugo 1901: «obra exclusiva de la actividad individual de los haitianos», no política de Estado; ministro Tejera 1907; Vega 1993: temor reavivado por la azúcar; Peña Batlle y Balaguer la retoman)",Sin equivalente documentado en la ronda de M11,Baud y Turits lo leen como población fronteriza bicultural,"Valoración, no hecho. «Invasión pacífica» designa el asentamiento de haitianos en la zona fronteriza y contiene la tesis de intención hostil.",M09 M11,2,no,termino-cargado
"Frontera como espacio de merodeo, circulación o refugio","«Marotas» / «maroteros» / «merodeo» / «merodistas» (decreto de Santana del 5-VIII-1854, F-0979 n.º 346; Mensaje del Gobierno Provisional de 1857: «antigua costumbre del merodeo»: robo y tráfico de ganado a través de la línea fronteriza)",—,"Internacional: «frontera-refugio», «nichos de autonomía», «frontera para cruzar» (Baud 1993; Derby 2025): frontera como espacio donde la población resiste al Estado y que acoge «bandidos, revolucionarios y otros descontentos»","«Frontera-refugio» es una tesis, no un dato. Conviene distinguirlo del nombre local «rayano» del glosario.",M09 M11,2,no,jerga-o-coloquial
"Plateau Central (Hincha / Hinche, Las Caobas / Lascahobas, San Miguel de la Atalaya, San Rafael)","«Hincha», «San Miguel de la Atalaya»; «pueblos o comunes que no hayan podido elegir» (Congreso de Moca, 9-XII-1857, para Hincha, San Miguel, San Rafael, Las Caobas y Bánica, cuyos diputados designó el propio Congreso); «pueblos… que dependen de la Provincia de Azua» (ley de división territorial de 1858); los constituyentes de 1844 incluyeron diputados por Hincha, Las Caobas, San Miguel y San Rafael (Vega 2022)","«Acquisition territoriale» de Soulouque (noiristas Fignolé y Griots; Manigat t. II p. 223; Savary 2013); «Hinche», «Lascahobas»",—,Zona del antiguo Santo Domingo que Haití retuvo tras 1844; el nombre y el estatus del territorio dependen de la soberanía que se le reconozca.,M09,2,no,termino-cargado
Régimen de Soulouque y Faustin Ier (1847-1859): «soulouquerie»,—,La historiografía noirista discute el término; Price-Mars rehabilita a Soulouque,"«Soulouquerie» (despectivo; Manigat t. II p. 223 lo atribuye a Karl Marx); «Faustin the First» (Clark 1853, con intención apologética); «comedia del color» y «megalomanía» (relato tradicional recogido por Lachaud 2021 p. 9, cuya tesis lo discute)",Término despectivo; no está en el glosario.,M09,2,no,termino-cargado
Confiscación de bienes de haitianos tras 1844,«Embargar» (decreto del 20-IV-1844); «bienes nacionales» (ley del 2-VII-1845); «secuestro de bienes de haitianos»,«Confiscation de biens d'Haïtiens»; «Haïtiens dépossédés» (Delorme 1895; Le Matin 1929),—,"La denominación de la medida y de sus víctimas afirma, en el lado haitiano, la nacionalidad haitiana del Este [POR VERIFICAR en proclamas originales].",M09,2,no,eufemismo-oficial
Indemnización de 1825 y préstamo asociado (el pago de Haití a Francia),«Deuda de la independencia» (glosario),"«Rançon» / «rançon historique» / «tribut colonial» / «double dette de l'indépendance» (Denis, Haïti Liberté 2025); en la voz oficial de 1826: «indemnité», «dette nationale» (ley del 26-II-1826), «ordonnance de Charles X»; Madiou: «indemnité»; Théodat: «indemnité consentie sottement»","Internacional: «double debt» / «doble deuda» (indemnización más empréstito de 30 millones; Henochsberg 2016; NYT 2022, «The Ransom»); «deuda odiosa» (Hinrichsen 2023); «half-duty» (rebaja del 50 % de derechos a los productos franceses, condición de la ordenanza del 17-IV-1825: Kwass 2026, Henochsberg); el primer quinto: empréstito de 30 millones nominales (24 netos) más 5,3 millones enviados en 1826 y 0,7 millones pagados en 1838-41","Falta registrar el rótulo jurídico y la distinción entre indemnización y préstamo en la fila «Pago de Haití a Francia». 150 millones de francos en cinco plazos de 30, luego 90. Discrepancia sobre el último pago: 1883 (Henochsberg) o 1888 (NYT).",M08 M11,4,parcial,termino-cargado
Contribuciones extraordinarias de 1826-1828 para pagar la indemnización (impuesto en el este),"«Don patriótico» (García 1894, t. II p. 129: la contribución de 30 millones de gourdes de 1826 «se cobró a título de don patriótico»); «impuesto extraordinario» / «deuda de Boyer»","«Contribution extraordinaire» (ley del 1-V-1826: 30 millones de gourdes en diez años, 3 por año, con cuotas por arrondissement; este: 458.601); «contribución extraordinaria» (ley del 16-IV-1827: 2 millones, 20 clases individuales de 500 a 3 gourdes); «imposition personnelle et mobilière» (9-IX-1828: 5 % del ingreso mínimo presumido) (Recueil t. IV y V, n.º 1088 y 1172)","Macaulay (1835, p. 33 n. 1): «taxe extraordinaire», «capitation de l'indemnité»; Clarkson: «capitation»; Macaulay propone que el número de contribuyentes (423.032-423.042) fue tomado por población total por Mackenzie",Tres regímenes fiscales distintos que la tradición dominicana tiende a fundir: el glosario debe fijar las tres fechas. «Don patriótico» es nombre eufemístico para un impuesto repartido por comisiones y por clases.,M08,2,no,eufemismo-oficial
Receptoría de aduanas dominicana bajo administración estadounidense (1905-1941),"«Intervención financiera» (historiografía dominicana; Welles 1928, «Naboth's Vineyard», F-1000)",—,"Oficial de EE. UU.: «disinterested assistance» / «American assistance» (receptor Pulliam, 1907, que la presenta como el fin de veinte revoluciones, F-1917)",El término ya es una tesis: usar «receptoría de aduanas (1905-1941)» y anotar los dos nombres.,M11,1,no,eufemismo-oficial
Proyecto de confederación antillana o dominico-haitiana,"«Antillanismo» (Cordero Michel: origen práctico en el Manifiesto del Gobierno Provisorio de enero de 1864 y en la oferta de confederación a Geffrard del 8-VII-1864); «Confederación Antillana» (Betances, que siempre incluyó a Haití; Hostos, cuyo esquema no la incluyó según F-1943; Luperón; Martí); «confederación con Haití» (Lugo 1901 y 1916); Bonó: el error de Boyer fue no fundar la unión sobre la confederación; «unidad insular», «ayuda fraterna», «integración dominico-haitiana» (formulaciones modernas, no de 1861-65)","Firmin lo defiende en las Lettres de Saint-Thomas (1910, F-1919) y lo distingue de la «isla indivisible»; Janvier (1883) imagina una «République confédérée d'Haïti» (F-1538)","Internacional: «República Antillana» (nueve delegados de Puerto Rico, 1909); Bissainthe (2004) lo lee como evolución de la tesis insular de seguridad (F-1937)",Contrasta con la «isla una e indivisible» y con el «antagonismo indestructible» del mismo Bonó. Falta en el glosario.,M10 M11,2,no,termino-cargado
"Títulos de memoria nacional dominicana (Libertador, Padres de la Patria)","«General Libertador» / «Libertador» (Santana; Congreso, 18-VII-1849, según Educando; usado en leyes de gastos y en su Memoria de 1860; reivindicado por Rodríguez Demorizi 1952, trujillista); «Libertador de la Patria» (decreto del Congreso del 18-VII-1844, García t. III p. 48); crítica: «déspota» (Balcácer 1974), «caudillo libertador y liberticida» (Guerrero 2018), De la Cruz, Castro Ventura; «Padres de la Patria»: tríada Duarte-Sánchez-Mella, que fijaría la Resolución n.º 3392 del Congreso (11-IV-1894) según Ventura; García propuso a Duarte, Núñez de Cáceres y Espaillat; Rodríguez Demorizi y Peña Batlle preferían Duarte-Santana; Jimenes Grullón, «El mito de los Padres de la Patria» (1969)",—,—,"Las notas de origen dan 18-VII-1849 y 18-VII-1844 para el título de Santana: verificar si son dos títulos distintos. Términos de la memoria nacional, no descriptivos; distinguir título oficial de juicio histórico.",M09 M11,3,no,termino-cargado
Fusión o unidad de las razas (usos políticos y raciales),"«Unidad de raza» (artículo del proyecto trinitario de Duarte; García Lluberes y Franco la ven como «consecuencia forzosa de la ocupación haitiana»: abolición y mezcla); «unidad de las razas» (rótulo editorial de Alfau Durán, discurso de 1954 e Ideario de Duarte 1969, sobre la estrofa «Los blancos, morenos, cobrizos, cruzados…» del poema «El Criollo», «versos imprecatorios contra la Anexión a España», c. 1861-65, según Rodríguez Demorizi; no es título de Duarte ni de 1844); «unidad de la raza» (Rosa Duarte p. 153, principio de 1838); «fusión» en al menos tres sentidos: «no es posible una fusión» entre pueblos (Serra 1887, puesto en boca de Duarte), «fusión de todos nosotros» / «entre todos los buenos dominicanos» (unión política interna: oficio de Duarte de 1863; manifiesto de Domingo Ramírez, 1860), «fusión de las razas» (Tejera 1894, sobre la bandera)","«La fusion de tous les cœurs en un seul et même tout» (Boyer, enero de 1822); «fusion parfaite» (léxico oficial 1822-1844); «un travail de fusion à opérer» (Léger 1930, p. 83); «La fusión realmente es imposible» (manual escolar haitiano de 2011, vía González Canalda 2019); «rétablir la paix et la fusion entre la République d'Haïti et la République Dominicaine» (Domingue, Moniteur del 23-I-1875, al presentar el tratado de 1874: reconciliación entre dos repúblicas)",—,"«Fusión» se usa a la vez como proyecto, como tarea y como fracaso, para lo que la tradición dominicana llama «haitianización». Registrar cuál de los sentidos se usa en cada cita; no mezclar con la estrofa de «El Criollo».",M08 M09,6,no,termino-cargado
Afrodescendientes anglófonos en la República Dominicana: americanos de Samaná y trabajadores antillanos («cocolos»),"«Cocolos» (despectivo; Weeks y Ramírez Zabala 2005 p. 41, para los descendientes de los emigrantes de 1824 en Samaná —negro, evangélico, acento inglés— y también para los angloparlantes de las Antillas Menores en San Pedro de Macorís; la Memoria de Interior y Policía de 1909 habla de «cocolos»); «americanos de Samaná» / «libertos norteamericanos» (Andújar, F-0851); «inmigración cocola o inglesa» (trabajadores de Tortola, Saint Thomas, Saint Kitts, Barbados y Anguila y puertorriqueños en los ingenios del este desde c. 1880-1896, preferidos a los haitianos hasta c. 1915; Inoa discute el calendario); Cassá los llama «Antillas Mayores y Bahamas» (imprecisión de divulgación)",—,«Samaná Americans»; «Samaná English» (Tagliamonte y Poplack 1988); «black Protestants» (Martínez-Fernández); los descendientes se llaman a sí mismos «Americanos» (Fanning 2018),El enclave tuvo unos 200 fundadores en 1825 (Pomerleau 2022) o 460 colonos hacia abril de 1825 (Fanning 2008). «Samaria» es un error de OCR del PDF de LARR. Andújar los distingue de los cocolos de finales del siglo XIX. La entrada «Trabajador cañero migrante» del glosario no cubre este caso.,M08 M11,3,no,categoria-racial-o-social
Asesinato de la familia Andújar en Galindo (mayo de 1822),«Vírgenes de Galindo» (el nombre ya porta una lectura martirial); Penson (1891) y la prensa lo atribuyen en parte o del todo a soldados haitianos,—,—,"Neutral propuesto: «asesinato de la familia Andújar en Galindo (mayo de 1822)»; Andrés Andújar y sus tres hijas en la estancia de Galindo (Santo Domingo), a fines de mayo de 1822; la sentencia del 6-XI-1822 condena a cuatro vecinos por indicios.",M08,1,no,termino-cargado
Levantamiento prohispano de Los Alcarrizos (febrero de 1824),"«Conspiración de Los Alcarrizos» (Baltazar de Nova y el clérigo Pedro González, Keane-Dawes p. 91); «revolución» (cuaderno de García); García implica al arzobispo Valera","«Ximenes conspiracy» (Madiou, según la nota 372 de Keane-Dawes)",—,La disputa de nombres refleja la disputa de culpables. La etiqueta y la fecha (1823 o 1824) están debatidas.,M08,1,no,termino-cargado
"Régimen de tierras comuneras del este (hatos, terrenos comuneros, acciones de tierra, dones nacionales)","«Terrenos comuneros» / «derechos comuneros» (González 2022; el Manifiesto de 1844 se queja de que Boyer «prohibió la comunidad de los terrenos comuneros» por la ley del 8-VII-1824; el decreto haitiano del 27-XII-1843 usa «derechos comuneros» y «amparo real»); «hato»; «acciones de tierra» (derechos fraccionarios indivisos del hato); «dones nacionales» (concesiones de tierra a funcionarios y militares: Espinal Hernández 2022, Cassá 2022, Walker 2018 p. 127); «caro» (medida dominicana derivada del carreau)","«Féodalité» (ley del 8-VII-1824, arts. 5-8: convierte el régimen en propiedad medida); «droits communs» (francés oficial); «droits d'usage, de culture, de hatte ou de vénerie» (Boyer, 1840, en Walker p. 187); «hattes» (Price-Mars 1953 p. 220) y «établissements d'élèves» (Le Manifeste, 10-III-1844) como traducciones de «hatos»; «carreaux»",—,"Propiedad indivisa por «pesos» de tierra, de origen colonial; el Manifiesto la presenta como comunidad ancestral destruida, la ley de 1824 como feudalismo y el decreto de 1843 la reconoce. El régimen se nombra con palabras castellanas incluso en la ley haitiana. El glosario solo recoge «hato», como término dominicano; el francés lo vierte de dos maneras. Las concesiones a militares no equivalen a reparto de tierras a campesinos.",M08,3,parcial,termino-cargado
Política del francés como lengua de los actos públicos en el este (1822-1843),"«Opresión lingüística» y «sustitución cultural» (Núñez Asencio 2026); «mito de la imposición del francés» (González Canalda); «planeamiento lingüístico frustrado» (Granda, hispanista: intento de sustitución total del español que fracasó)",—,"«Política simbólica» (Jansen, romanista: afirmación simbólica del Estado «uno e indivisible» sin voluntad de difundir el francés)","Circulares de 1822, del 14-XI-1824 y del 27-VIII-1839 y Ley de Registro de 1828. Descriptor neutro propuesto: circulares del gobierno de Boyer sobre la lengua de los actos públicos del este.",M08,2,no,termino-cargado
