concepto,motivo,fusionado_en
"Categorías sociales indígenas y del repartimiento (naboría, nitaíno, indio de servicio, persona de servicio)","Categoría técnica sin variación de nombre entre las dos tradiciones; los tres sentidos de ""nitaíno"" y la advertencia sobre los totales del Repartimiento de 1514 se declaran en M01-M02.",
"Etiquetas de campo de la demografía del contacto (""Escuela de Berkeley"", ""high counters""/""low counters"")","Jerga de la historiografía internacional, no término de ninguna de las dos tradiciones; el corpus da la cifra y el autor en lugar de la etiqueta.",
"Etiquetas arqueológicas (Edades Lítica, Arcaica y Cerámica; series saladoide, ostionoide, meillacoide, chicoide; ""Ciboney"", ""Guanahatabey"")","Nomenclatura arqueológica sin variación por tradición; la regla de uso (estilo cerámico, no pueblo) queda en M01.",
"Etiquetas académicas del discurso racial dominicano (excepcionalismo racial, ""gatekeeping concepts"", ""Otro haitiano""/""Otro dominicano"")","Categorías analíticas de autores de la academia internacional, no términos de ninguna tradición; se atribuyen al citar.",Etiquetas de la crítica académica (bloque añadido en la pasada correctiva; duda 7)
"""Complejo de Guacanagarix"" (etiqueta sociológica de los años noventa)","Etiqueta de un autor sin variante en la otra tradición; la otra mitad del candidato (""los primeros dominicanos"") entró en la fila de pobladores precolombinos como primeros miembros de la nación.",
Pueblo dominicano (siglos XVII-XVIII) frente a nación dominicana (desde 1790 o 1844),"Tesis de periodización interna de la historiografía dominicana; se trata como afirmación (A-064). La advertencia de no proyectar ""dominicano"" como nacionalidad quedó en la fila del gentilicio de los habitantes del este.",
"Etnónimos y castas de esclavizados ""griffo"", esclavos ""blancos"" y ""canarios"" (1522, 1602)","Sentido sin verificar en los documentos [POR VERIFICAR]; ""jelofe"" entró en la fila de la rebelión de 1521.",
"Interpretaciones de la divergencia entre el este y el oeste (""subcolonia"", ""dualidad étnica"", ""doble insularidad"")","Tesis de interpretación de autores dominicanos, no categorías documentales ni nombres con variante haitiana; se tratan como posiciones en M03-M05.",
Nombres de los acuerdos y líneas de límites entre las dos colonias (1680-1777),"Nombres de acuerdos y tratados, que se citan por título y fecha; la distinción entre las dos convenciones de 1777 y el carácter del acta de 1680 quedan en M04-M05.",
"Esclavizados introducidos de contrabando y legalizados en 1776-1777 (""negros de mala entrada"", ""indulto de 1776"")","Términos fiscales coloniales sin variante entre tradiciones; el corpus usa ""esclavos introducidos de contrabando"" y cita el término original en M05.",
"Protestas de Santiago contra el control del comercio fronterizo (""rebelión de los capitanes"", ""tumultos de 1721"", ""revuelta de las harinas"")","Nombres historiográficos sin variante en la otra tradición; la lectura como ""conciencia regional"" se trata como tesis en M05.",
"""Comegente"", ""negro incógnito"" (1790-1794)",Término no definido en las fuentes leídas.,
"Makandal como ""veneno"" (derecho colonial francés) y como héroe (memoria haitiana)",Nombre propio; la doble carga se anota en M05 al citar el arrêt de 1758.,
"""Kongomania"" (Geggus 2024)","Etiqueta de campo de la historiografía internacional de la Revolución haitiana, no término de ninguna tradición.",Etiquetas de la crítica académica (bloque añadido en la pasada correctiva; duda 7)
"""École haïtienne"" del cimarronaje (Fouchard, Brutus)","Etiqueta analítica de comentaristas, no autodenominación [POR VERIFICAR]; se atribuye al citar.",
"Regimientos 31, 32 y 33 bajo Boyer (""Batallón Africano"")","Nombre de unidad sin variación real entre tradiciones (""Batallón Africano"" / ""bataillon africain""); su composición se trata en M08-M09.",
"Distinción de Ferrand entre ""nègres français"" y ""nègres espagnols"" (1804-1809)","Categoría administrativa francesa, no de ninguna de las dos tradiciones; se cita en M06.",
"Antiguos insurgentes de 1791 al servicio de España (""Tropas Auxiliares de Carlos IV"")",Nombre de institución sin variante haitiana documentada en las propuestas.,
"Dos grupos nacionales en un solo Estado (""grupo nacional dominicano"" / ""grupo nacional haitiano"", 1822-1844)",Categoría analítica de autoras dominicanas con su propia tesis; se trata en la fila del período 1822-1844 y en M08.,
"""Campesinización"" bajo el período haitiano (Cassá 2021)","Tesis de un autor (A-100), no nombre de un hecho; descriptivo en M08: acceso a la tierra de libertos y peones.",
"Etiquetas de combate entre escuelas historiográficas (""historia oficial"", ""revisionismo"", ""Nueva Ola"")","Jerga interna de la historiografía, con referentes opuestos según el autor; no es término de tradición y se atribuye al citar.",
"Pausas de hostilidades entre los dos Estados (""tregua"", 1850-1864)","Ambos Estados usan ""tregua""; la distinción con ""paz"", ""armisticio"" y ""reconocimiento"" se registra en M09.",
Gobierno Provisorio de la Restauración (1863-1865),Nombre institucional; el rechazo haitiano a reconocer el título se anota en M10.,
"Demanda naval española a Haití de julio de 1861 (""affaire"" o ""incident Rubalcava"")","Variación interna de la tradición haitiana sobre un incidente menor, sin nombre dominicano; descriptivo en M10.",
"""Gran pesimismo dominicano"" y ""democracia étnica"" como tesis identitarias de fines del siglo XIX","Tesis de autores, no nombres de un hecho; ""democracia racial"" quedó en la fila de la esclavitud en el Santo Domingo español y ""blanqueamiento"" en su fila propia.",
"Inspectores del contrato de braceros llamados ""tontons macoutes""","Acusación política puntual ante la OIT, no término estable de ninguna tradición.",
"Persona que sobrevivió a la matanza de 1937 (""rescapés"")","Término común sin carga diferencial; la discrepancia de traducción de Price-Mars (""heridos que se escaparon"") afecta a una cifra (A-167) y se anota en M13.",
"Categorías censales para la población de origen haitiano (nacionalidad, lugar de nacimiento, lengua materna)",Categorías técnicas sin variante entre tradiciones; la advertencia de comparabilidad de los censos de 1920-1950 queda en M12-M13.,
Constancia de nacimiento rosada y libro de extranjería,Nombre administrativo cuya variación es solo de traducción (CERD); se trata en M15-M16.,
Protocolo de entendimiento de 1999 sobre los mecanismos de repatriación,Nombre de un acuerdo cuyo texto firmado no se localizó; nombre y fecha (1996 o 1999) [POR VERIFICAR] en M15-M16.,
"Lecturas académicas del rechazo de lo negro (""negrofobia"", ""falsa conciencia racial"", ""pigmentocracia"", ""racismo simbólico"", ""norma somática"")","Tesis de autores, no términos de tradición; se citan atribuidas en M15-M16.",Etiquetas de la crítica académica (bloque añadido en la pasada correctiva; duda 7)
"Metáfora de apartheid (""apartheid caribeño"", ""ideological apartheid"")","Metáfora de autor (Dore Cabral 1987; Sagás 2000), no término de tradición; se atribuye al citar.",Etiquetas de la crítica académica (bloque añadido en la pasada correctiva; duda 7)
"Gobierno de los Duvalier (""duvalierismo"", ""neoduvalierismo"")",Nombre historiográfico sin variante entre tradiciones.,
"Haitianos que llegan por mar a Florida (""boat people"", ""balseros"")",Fuera del eje dominico-haitiano; la forma kreyòl está [POR VERIFICAR].,
"Tratados fronterizos de 1929 (Delimitación; Paz, Amistad y Arbitraje)","Nombres de tratados; se citan por fecha y número de la Sociedad de Naciones y ""Perpetua"" solo como variante.",
"Cobro ilícito de agentes del Estado (""macutear"")",Coloquialismo sin variante en la otra tradición.,
"Organizaciones nacionalistas dominicanas (autodenominación de la AOD; ""red nacionalista"" de la FES)","Categorías analíticas de una fundación y etiqueta periodística, no términos de tradición.",
"El haitiano como figura opuesta a lo dominicano en los manuales (""Haitian Other master script"", ""Otro haitiano"")",Categorías analíticas de la academia internacional; se citan atribuidas.,Etiquetas de la crítica académica (bloque añadido en la pasada correctiva; duda 7)
"Etimología fon ""Ayiti-Tomè"" para el nombre de la isla","Solo en sitios divulgativos, sin fuente primaria ni académica leída: grado D.",
"""Ambastilles"" (Gobierno dominicano ante la OIT, 1989)",Sentido incierto [POR VERIFICAR]; no se usa en la síntesis.,
"""Negros saltamontes""",Sin cita ni ubicación [POR VERIFICAR].,
"""Morrocoyes"" (uso dominicano de 1844 según Madiou)",Sin confirmación en fuente dominicana de época [POR VERIFICAR].,
Entrada de Boyer en Santo Domingo del 9 de febrero de 1822,Fusión del editor (duda 8): el material entró en otra fila del glosario y no se descartó,Período de gobierno haitiano de toda la isla (1822-1844)
Manifiesto del 16 de enero de 1844,Fusión del editor (duda 8): el material entró en otra fila del glosario y no se descartó,Proclamación dominicana del 27 de febrero de 1844
"""Bohío"", ""Haytí"" y ""Saint-Domingue"" como nombres de la isla",Fusión del editor (duda 8): el material entró en otra fila del glosario y no se descartó,Nombre de la isla
"""Grupo A"" y ""Grupo B"" (Ley 169-14) y ""dénationalisation"" de 1929-1931",Fusión del editor (duda 8): el material entró en otra fila del glosario y no se descartó,Efectos de la sentencia TC/0168/13 sobre la nacionalidad de nacidos en RD de padres extranjeros sin residencia legal
Denuncias internacionales sobre la condición de los braceros,Fusión del editor (duda 8): el material entró en otra fila del glosario y no se descartó,Condición laboral de los braceros haitianos en los bateyes
