n,afirmacion,fuente,veredicto,cita_en_ficha,cita_hallada,ubicacion_real,nota
1,A-010,F-0069,literal,La ambición de Dessalines no era otra que comprender toda la isla bajo la soberanía […] (p. 108; l. 5174-5175 del djvu.txt; cita abreviada a 15 palabras),"«La ambición de Dessalines no era otra que compren- der toda la isla bajo la soberanía de Haití, para lo cual alentó siempre el propósito de arrancar a Francia, por la fuerza, el dominio que ejercía sobre la parte del Este.»","djvu.txt de archive.org (035866_historia_de_la_cuestion_fronteriza...), l. 5174-5175 exactas; p. 108 (el encabezado de la p. 109 aparece en l. 5188, así que cae en la 108)","La cita es literal y la ubicación exacta. Ojo con la relevancia: el pasaje es la tesis de Peña Batlle sobre la ambición de Dessalines (horizonte insular, vista dominicana); NO dice que «Haïti» sea la restitución del nombre indígena ni contiene «toutes les parties de cette île» (grep sin resultados en el texto). Cubre solo la mitad «horizonte insular» de A-010, y lo hace como atribución de Peña Batlle, no como cita del Acta de 1804."
2,A-023,"F-0109 (M01) Price-Mars, Formation ethnique / Ainsi parla l'Oncle (PDF classiques.uqam.ca)",literal,réduit de deux millions à quelques milliers,"si le nombre des indiens décimes par la maladie et les travaux forces avait été réduit de deux millions à quelques milliers, voire à quelques centaines d'hommes réfugiés dans les montagnes",p. [23] de la edición (marcador [23] en el PDF; el pasaje precede al marcador [24]); folio 21 del PDF digital. Ubicación de la ficha correcta.,"Cita literal (el PDF no trae acentos: 'decimes', 'forces'; la ficha los restituye, como declara). Recorte sin cambio de sentido, aunque la ficha omite 'voire à quelques centaines d'hommes'. Reserva de relevancia: Price-Mars acaba de decir 'Nul ne peut le déterminer même de façon approximative' sobre la población indígena; la cifra de 2 millones es solo el punto de partida de una frase concesiva y no respalda por sí sola 'Las Casas 3 millones; Cook y Borah ~8 millones' de A-023. Además el PDF es 'Ainsi parla l'oncle' (1928, según el pie de página), no solo 'Formation ethnique'; la ficha ya señala la discrepancia de título/fecha."
3,A-030,"F-3111 (M02) Keehnen 2019, Treating 'Trifles'",literal,"Ten burials – also indigenous, based on their modified skulls – were found on a more secluded spot on the beach [...] Remarkably, all were interred in a Christian fashion, each in extended position and together placed in one straight line. / The funerary pattern seems to indicate a collective burial, probably done by Spaniards [...] As the skeletons do not show any traces of violence, their death has been suggested the result of an epidemic outbreak.","Ten burials – also indigenous, based on their modified skulls – were found on a more secluded spot on the beach (Ortega 2002, 18; Veloz Maggiolo 1980, 165–166). Remarkably, all were interred in a Christian fashion, each in extended position... The funerary pattern seems to indicate a collective burial, probably done by Spaniards... As the skeletons do not show any traces of violence, their death has been suggested the result of an epidemic outbreak.","§3.3 Juan Dolio, p. 70 (encabezado de página 'Keehnen70' en el PDF de acceso abierto de Brill/Leiden). Los [...] de la ficha sustituyen texto realmente omitido (las citas Ortega y Veloz Maggiolo y una frase sobre el ajuar).","Citas y ubicación correctas. El curl directo a Leiden devolvió una página 'Access Blocked' (F5); el PDF se obtuvo con WebFetch (descargó el binario, 27 pp.). Reserva de pertinencia, no de cita: el pasaje atribuye los diez entierros a una hipótesis epidémica ('se ha sugerido'), de modo que no apoya por sí solo la tesis de A-030 (colapso debido a conquista/minería/encomienda más que a la viruela); la ficha ya lo advierte en sus Notas."
4,A-045,F-2086,literal,"exportándose en 1530 un mínimo de 90,000 arrobas (Clío 179, p. 48 [cie6.1])","«A partir de 1520 las cifras aumentaron considerablemente, exportándose en 1530 un mínimo de 90,000 arrobas, si consideramos que cada fábrica obtenía una producción no inferior a 3,000 arrobas anuales... veinticinco ingenios y tres trapiches.»","Clío 179, p. 48 (pie de página «48» tras la nota 42; texto del PDF l. 1631-1636)","La cita existe tal cual y está en p. 48, pero NO soporta A-045 (primera rebelión de esclavizados africanos en el ingenio de Diego Colón, Navidad de 1521). El pasaje trata de exportaciones de azúcar. Busqué en todo el artículo de Río Moreno (esclav|negro|insurrec|revuelt|motín|cimarr|rebeli|sublev): no menciona la rebelión de 1521; solo aparecen «esclavos» en 3 líneas ajenas y «Diego Colón» como propietario de un ingenio. La ficha F-2086 enlaza el extracto con A-045 sin que la fuente la respalde: par afirmación-fuente inválido aunque la cita sea auténtica."
5,A-052,"F-2957 (M04) Etienne, Le Nouvelliste, 16-IX-2016",literal,Le premier tracé en échiquier qui a fait son charme et sa beauté remonte au traité de Ryswick en 1697.,Le premier tracé en échiquier qui a fait son charme et sa beauté remonte au traité de Ryswick en 1697.,Párrafo 1 del artículo (primer párrafo tras la firma de Islam Louis Etienne). El otro Ryswick del texto aparece en un párrafo posterior ('aucune ressemblance avec celui du traité de Ryswick en 1697').,"Literal y bien ubicada. Reserva de relevancia: la cita atribuye a Ryswick un trazado urbano del Cap-Haïtien, no la cesión de la parte occidental; la ficha lo reconoce (fiabilidad baja, valor solo sociológico). Como evidencia de que la 'versión popular' atribuye a Ryswick la partición solo vale de forma muy indirecta."
6,A-066,"F-1625 (M05) Stevens-Acevedo 2021, 'la negrita Manuela' (1706)",literal,una quarta parte que tengo en una negrita nonbrada Manuela de nación Conga la qual […],Conviene a saber una quarta parte que tengo / en una negrita nonbrada Manuela de nación Conga la qual hereda / mos yo y mis hermanos de Manuela Maria nuestra madre y sera / de hedad al parecer de Dies y seis años poco mas o menos,"fo. 1r de la transcripción, p. 142 del PDF (encabezado '142 Anthony Stevens-Acevedo'). El comentario del editor 'de nación conga' (p. 141) añade que Manuela fue probablemente traída de África.","Coincide, salvo los saltos de línea del manuscrito. Reserva de alcance: el documento solo prueba una etiqueta 'Conga' en un caso de 1706 en Bayaguana; no sustenta por sí solo la composición regional (40-45 % Congo/Angola, 25-30 % golfo de Benín, Wheat, componente materno) que enuncia A-066. La propia ficha lo reconoce en sus Notas."
7,A-084,F-0068,literal,"(a) «la venta de los esclavos pertenecientes á los franceses, de muchos de los cuales dispuso para hacer una negociación de cambalache» (l. 1305); (R2-a) p. 256 «consintió el tráfico de esclavos por el término de doce años... mayores de catorce años...»; (R2-b) «el levantamiento que entre la gente de color tramaban José Leocadio, Pedro de Seda, Pedro Henriquez y otros muchos libres y esclavos... Mojarra»","«ora á la venta de los esclavos pertenecientes á los franceses, de muchos de los cuales dispuso para hacer una negociación de cambalache por efectos necesarios...» y «consintió el tráfico de esclavos por el término de doce años para los españoles, y de seis para los extranjeros... mayores de catorce años» y «el levantamiento que entre la gente de color tramaban «José Leocadio, Pedro de Seda... libres y esclavos... Mojarra»","compendiodelahi02garcgoog_djvu.txt l. 1305 (exacta); texto AGN 2016: l. 12904-12907 (pie «256» en l. 12916, exacta), l. 15042-15048 = p. 300 (pie 299 en l. 15024 y 300 en l. 15077), l. 15495-15500 = p. 308 (pie en l. 15507); ed. 1894 compendiodelahi01garcgoog l. 1228-1236 (cambalache) y l. 1879-1884 (Mojarra)","Los cuatro pasajes son literales (solo variantes OCR/ortografía: «á»/«a», «parage»/«paraje»). Todas las líneas y páginas del texto AGN coinciden. Única discrepancia: la ficha da p. 25 de la ed. 1894 para el pasaje del cambalache, pero por las cabeceras corrientes del OCR (22 en l. 1142, 24 en l. 1243) las l. 1228-1236 caen hacia la p. 23, no la 25 (confianza media: OCR de cabeceras ruidoso; la ficha dice además «encabezado OCR 28»). En cuanto a soporte: los pasajes acreditan esclavitud vigente/restablecida y venta de esclavos de franceses bajo la Reconquista (1809-1812), pero ninguno muestra la reesclavización de liberados de 1801, parte de A-084 que queda sin respaldo en estas citas. La ficha anota además que el tomo II es 02garcgoog en un lugar y 01garcgoog en otro; ambos IDs contienen el pasaje."
8,A-093,"F-1879 (M07) Mareite, Age of Revolutions, 12-VI-2023",literal,"about 4,000 settlers from the former Spanish colony sought exile on the “Ever Faithful” island of Cuba, out of at least 10,000 so-called “emigrados de Santo Domingo” scattered across the Spanish Caribbean. [y] Toussaint Louverture’s swift takeover of Santo Domingo ... caused close to 2,000 residents to leave the island.","about 4,000 settlers from the former Spanish colony sought exile on the “Ever Faithful” island of Cuba, out of at least 10,000 so-called “emigrados de Santo Domingo” scattered across the Spanish Caribbean. [...] which materialized the cession by force and caused close to 2,000 residents to leave the island.","Cita de 4.000/10.000: 2.º párrafo del cuerpo del artículo (el que empieza 'First, while the Haitian Revolution...'), con nota 1. Cita de 2.000: 3.er párrafo del cuerpo ('As per generic royal instructions issued in September 1795...'), con nota 2.","Las dos citas son literales. La ficha dice 'párrafo 3' para ambas; contando desde el primer párrafo del cuerpo ('Havana found itself...'), la de 4.000/10.000 es el párrafo 2 (desfase de uno; se tolera si se cuentan los párrafos de presentación de la serie). Reserva de relevancia: son cifras de emigrados (exiliados), no de población de la parte española; no sustentan por sí solas la serie demográfica 152.640/100.000-125.000/95.000/104.000/63.000 de A-093, aunque la ficha ya avisa de que no son comparables."
9,A-099,"F-0857 (M08) Núñez Asencio, Acento, 2026",literal,"La clausura de la Universidad Santo Tomás de Aquino, la supresión de escuelas españolas y […]","La clausura de la Universidad Santo Tomás de Aquino, la supresión de escuelas españolas y la extracción forzada de jóvenes de las aulas para incorporarlos a contingentes militares muestran que el régimen intentaba debilitar la continuidad intelectual hispánica.","Columna web sin paginación; es el párrafo de réplica a González Canalda que empieza 'Los protocolos notariales muestran, ciertamente…' (hacia el final del artículo). Otra mención de la clausura aparece antes, en el párrafo sobre enseñanza ('La clausura de la Universidad Santo Tomás de Aquino privó al país de su principal centro…').","HTTP 200 por curl; texto completo. La ficha atribuye la frase al párrafo correcto. Reserva de alcance: la columna no da 1823, ni la confiscación de bienes eclesiásticos como causa, ni el tramo de edad 16-25 años; solo apoya clausura + reclutamiento de jóvenes. A-099 incluye ambas versiones (canónica y rival), y el extracto cubre solo la canónica, sin datos de fecha."
10,A-129,F-0065,literal,"le rendez-vous de l'homme noir et jaune de toutes les parties du monde (t. VIII, pp. 447-448, Proclamation qui appelle les Haïtiens absents, Guerrier, 5-XII-1844; l. 25405-25475)","«...non pour en faire l'héritage exclusif, le domaine égoïste de leurs descendants, mais le rendez-vous de l'homme noir et jaune de toutes les parties du monde.» (OCR: «rhomnie noir et jaune»)","recueilgnral00hait_djvu.txt l. 25472 (título del acto en l. 25410, dentro del rango 25405-25475); cabecera «— 447 — Décembre 1844» en l. 25409; l. 25445 también trae «l'homme noir et jaune»","Cita literal (la ficha corrige el OCR; ubicación exacta). Relevancia débil para A-129: la afirmación es la tesis de Sagás sobre el prejuicio racial colonial y el antihaitianismo dominicano en 1844; el pasaje es de Guerrier definiendo la patria haitiana en términos raciales (negro y amarillo), lo que ilustra la concepción racial de la ciudadanía haitiana, no el antihaitianismo dominicano ni a Sagás."
11,A-137,"F-1979 (M10) Le Moniteur haïtien, 13-IV-1861 (PDF dLOC/UFDC)",literal,"il leur avait été catégoriquement répondu que nous désirions conclure un traité de paix et d'amitié. Nous désignions, en même temps, pour le lieu des conférences entre nos commissaires et ceux de l'Est, la Jamaïque ; y concession de l'autonomie aux habitants de l'Est; ... engagement par l'Est de ne jamais aliéner, à un titre quelconque, son indépendance et son territoire.","il leur avait été catégoriquement répondu que nous désirions conclure un traité de paix et d'amitié. Nous désignions, en même temps, pour le lieu des conférences ... la Jamaïque ; [p. 4] traité de paix dont il a indiqué les bases ... concession de l'autonomie aux habitants de l'Est ... et engagement par l'Est de ne jamais aliéner, à un titre quelconque, son indépendance et son territoire.","PDF p. 3 (columnas finales de la 'Partie non officielle'; también 'infamie de Santana' en p. 3) y PDF p. 4 (columnas centrales; el texto de las 'bases' empieza al final de la col. 2 y sigue en la 3). Páginas de la ficha correctas; los números de columna no se pudieron confirmar con exactitud (OCR entrelazado), solo la página.","Citas literales, tolerando OCR (la capa de texto trae el pasaje de las bases partido entre columnas, como indica la ficha). Reserva de relevancia importante: estos pasajes muestran a Haití ofreciendo un tratado de paz y autonomía al Este en 1861, lo que matiza o contradice, más que sostiene, la tesis de A-137 de que la negativa haitiana a reconocer empujó a la anexión; la frase citada en el enunciado ('Hayti reaped the fruit...') es de St John 1884, no de esta fuente. Pasaje 'tregua de cinco años' no revisado."
12,A-150,"F-1538 (M11) Janvier 1883, La République d'Haïti et ses visiteurs",literal,"Ce chef et ses fidèles furent repoussés du territoire de la République de l'Est par les partisans du général dominicain Cabral, lequel tenait alors la campagne contre le président de Santo-Domingo, Buenaventura Baëz, allié secret du président Salnave et auquel celui-ci allait demander l'hospitalité.","Ce chef et ses fidèles furent repoussés du territoire de la République de l'Est par les partisans du général dominicain Cabral, lequel tenait alors la campagne contre le président de Santo-Domingo, Buenaventura Baëz, allié secret du président Salnave et auquel celui-ci allait demander l'hospitalité.","p. 251 (el marcador '— 251 —' del OCR precede al párrafo; 'livrés bassement par les Dominicains' está unas líneas antes, p. 250; djvu.txt l. 10338-10341 y l. 10303).","Cita idéntica salvo erratas del OCR ('TEst', 'Cabrai'). La ficha da 'p. 250-251', rango que abarca la página real (251). Reserva de pertinencia: el pasaje narra la huida de Salnave en 1870 y su captura por dominicanos; no sustenta por sí mismo que la frontera 1865-1937 fuera 'porosa y compartida con circulación en ambos sentidos' ni la caracterización 'frontera-refugio' de Baud (A-150). Eso depende de otras fuentes."
13,A-160,F-2835,literal,"gave rise to the guerrilla war of the gavilleros, which counted on widespread support from the rural population. (p. 149 [int15.1])","«In the eastern part, the dislocation gave rise to the guerrilla war of the gavilleros, which counted on widespread support from the rural population. 82»","Baud 1987, LARR 22:2, p. 149 (el texto va tras el pie «148»; texto del PDF l. 738-740)","La cita y la página son exactas, pero NO soportan A-160 (represión racializada antihaitiana en la frontera desde 1919, acelerada en 1930 y culminada en 1937, según Cadeau). El pasaje trata de la guerrilla gavillera del este bajo la ocupación estadounidense. Baud solo menciona la matanza de 1937 de pasada en otra página (13.000 haitianos, «Fear of losing territory to Haitian neighbors»), y nada sobre 1919 ni 1930. Par afirmación-fuente inválido: la ficha misma dice que no trata la migración haitiana de 1916-1924 y atribuye el extracto a A-157 y A-160 sin base para A-160."
14,A-176,"F-0312 (M13) Embajada de Haití en Francia, ficha Sténio Vincent (PDF)",literal,Le gouvernement dominicain reconnaîtra ses torts et versera 525 000 dollars à titre de dédommagement. Les survivants seront regroupés en colonies espagnoles.,Le gouvernement dominicain reconnaîtra ses torts et versera 525 000 dollars à titre de dédommagement. Les survivants seront regroupés en colonies espagnoles.,"p. 4 del PDF, sección 'Le monde extérieur', párrafo 3 (último párrafo de la sección, justo antes de 'Réf.: ORIOL, Michèle...'). Las otras dos citas de la ficha ('cordiales', '20 000 Haïtiens ... arme balance') están en el mismo párrafo/página y también son literales; 'Traité d'amitié (1936) / Vêpres dominicaines (1937)' está en el cuadro de 'Évènements majeurs' de la p. 1.","Literales. La ubicación 'p. 3' que figura en el campo de ubicación de la muestra no corresponde a ninguna fila de la ficha y la p. 3 del PDF no trae texto sobre República Dominicana: error probable de la muestra, no de la ficha. Reserva de relevancia: la fuente da 525.000 dólares y no los 750.000 del acuerdo del 31-I-1938 que afirma A-176; solo respalda el dato '525.000 pagados', que el propio enunciado deja 'sin primaria'. Cita ya anotada en la ficha con la errata 'arme balance' (el PDF dice 'balance')."
15,A-195,"F-2313 (M14) Fortuné y Jn Frantz, Le Petit Samedi Soir, 22 y 29-III-1986",literal,"[22-III-1986, p. 10] Peut-être qu'avec la complicité du racisme à rebours dominicain, le sucre voisin, cette année encore, […] / [29-III-1986, p. 13] Plusieurs centaines d'étudiants et de lycéens devant le consulat de la République Dominicaine d'abord, devant […]","22-III: «Peut-être qu'avec la complicité du racisme à rebours dominicain, le sucre voisin, cette année encore, aurait eu le goût amer du sang, de la sueur et de l'exploitation de l'Haïtien…» (OCR 'a rébours'). 29-III: «Plusieurs centaines d'étudiants et de lycéens devant le consulat de la République Dominicaine d'abord, devant l'Ambassade de ce pays, à Pétionville ensuite…»","22-III-1986, p. 10 (columna 'Zafra, une page d'immoralité', por Clarens J. Fortuné); 29-III-1986, p. 13 (columna de Télasco Jn Frantz, 'Plusieurs centaines…' y 'Nos amis Dominicains n'aiment pas couper la canne'). Página según etiqueta 'Page 10' y 'Page 13' de la API pagetext de dLOC (ids 00023 y 00024), con coincidencia de fecha 1986-03-22 y 1986-03-29.","Correcto y ubicado. Reserva de alcance: ninguno de los dos pasajes dice 'traite' o 'venta de haitianos' con responsabilidad compartida de dos dictaduras ni 'esclavitud moderna' (A-195); el texto de p. 13 usa la expresión 'la traite' en la continuación (p. 17) y habla de 'braceros' y 'embauchage', y p. 10 habla de 'racisme à rebours'. La ficha dice que los extractos son de apoyo parcial."
16,A-210,F-2619,literal,"8 extractos del cable 04SANTODOMINGO1094 (20-II-2004), p. ej. «Embassy on February 20 delivered reftel demarche...», «up until the decision to suspend, 3,500 — 4,000 Haitians had been repatriated in 2004...», «The Senate has unanimously declared that 'Haitian problems should be resolved in Haiti'...»","«Embassy on February 20 delivered reftel demarche to military and MFA officials, emphasizing the need to prevent Dominican territory from being used by persons seeking to oust President Aristide by violence.» También: «up until the decision to suspend, 3,500 — 4,000 Haitians had been repatriated in 2004; the military listed 3,148 repatriations as of February 16.»","Aftenposten/WikiLeaks, cable 04SANTODOMINGO1094: apertura (resumen), párrafo sobre Pichardo, sección «Haitian expats alarmed», párrafo de repatriaciones del 19-II y segundo párrafo; los 8 extractos están en la página y las descripciones de ubicación coinciden","Las 8 citas existen literalmente en el cable (el texto de la ficha reproduce el inglés tal cual; las traducciones están marcadas como del fusionador). PERO el cable es de 2004 y no soporta A-210 tal como está en el registro (Decreto 233-91 de 13-VI-1991, expulsiones de 1991, expulsiones masivas y medidas cautelares de la CIDH de 1999-2000, caso Corte IDH 2014). Buscado «1991», «233-91», «1999», «Balaguer» en el cable: sin resultados (solo «1991-92» como cargo de un haitiano). Probable causa: el id A-210 era provisional en la ficha de M15 (propuesta sobre 2004/Aristide) y el registro lo reutilizó al fusionar propuestas distintas (ver fila de renumeración A-210 en el registro). Par vigente inválido; la cita es auténtica pero apunta a otra afirmación."
17,A-233,"F-1170 (M16) Pérez-Duval et al., Frontiers in Pharmacology 15:1494482 (PMC11919896)",literal,"“They were healthy volunteers living in Santo Domingo, Dominican Republic, and they were recruited at the “Centro Médico de Diabetes, Obesidad, y Especialidades” (CEMDOE) and the “Instituto Tecnológico de Santo Domingo” (INTEC).”","They were healthy volunteers living in Santo Domingo, Dominican Republic, and they were recruited at the “Centro Médico de Diabetes, Obesidad, y Especialidades” (CEMDOE) and the “Instituto Tecnológico de Santo Domingo” (INTEC).","Sección 2 'Materials and methods', subsección 2.1 'General description of the population sample' (2.º frase de la subsección, tras 'This is a cross-sectional study ... 150 recruited participants').","Literal y bien ubicada. Reserva de relevancia: el pasaje describe una muestra residente en Santo Domingo y por tanto contrasta con A-233, que trata de las muestras de Bryc 2010 y Moreno-Estrada 2013 tomadas en EE. UU.; el artículo no menciona ni evalúa esas dos muestras (solo sirve como contraste, no como apoyo del enunciado)."
18,A-158,"F-2931 (M12) FRUS 1919 vol. II, doc. 58 (Snowden a Daniels, 28-VIII-1919) y otros",literal,"The last mentioned, composed mostly of Haitien and English speaking negroes, robbed small stores in outlying sections and occasionally held up a traveller at night / Last to be mentioned here, but not the least in the trouble line, were the smugglers over the Haitian frontier and the marauders who periodically crossed the border either to escape capture on the Haitian side or to commit robberies on this side.","Idénticas: 'Last to be mentioned here, but not the least in the trouble line, were the smugglers over the Haitian frontier and the marauders who periodically crossed the border…' y 'The last mentioned, composed mostly of Haitien and English speaking negroes, robbed small stores in outlying sections and occasionally held up a traveller at night…'","FRUS 1919 vol. II, doc. 58, p. 127 (marcador pb n=127 en frus1919v02.xml, HTTP 200): ambos pasajes caen en la p. 127.","Cita y página correctas. Reserva de pertinencia: los dos pasajes apoyan la visión del ocupante sobre contrabando y bandidaje en 1918-19, pero ninguno contiene las cifras de A-158 (censo 28.258 en 1920, 52.657 en 1935) ni dice que la migración de braceros se institucionalizó bajo las ocupaciones. La ficha hace el cotejo de A-158 solo contra la cautela de la categoría 'haitiano'. Solo se verificó d58; no se verificaron d393, d99 ni d894."
19,A-206,F-2761,literal,«The simplest of observations show that almost half of the Dominican voters cast their vote for Pena Gómez in spite of a vicious ad hominem slandering campaign by his enemies.» (p. 319); «there has been no virulent or ideologically coherent anti-Haitian movement... There has not been a Ku Klux Klan or an anti-immigrant party...» (p. 317),"«...it is important to stress the fact that there has been no virulent or ideologically coherent anti-Haitian movement in the Dominican Republic. There has not been a Ku Klux Klan or an anti-immigrant party, drawing support exclusively from the Haitian issue.» y «The simplest of observations show that almost half of the Dominican voters cast their vote for Pena Gómez in spite of a vicious ad hominem slandering campaign by his enemies.»","NWIG 76(3-4), 2002: p. 317 (la de «no virulent...»; página 7 del PDF) y p. 319 (la de «almost half...»; página 9 del PDF)","Citas literales y páginas exactas (el PDF pierde la tilde: «Pena Gómez»; la ficha la restaura). Relevancia: A-206 afirma que la ayuda dominicana de 2010 prueba que no hay odio popular antihaitiano. Baud (2002) no menciona 2010 ni el terremoto (buscado «2010» y «earthquake»: nada); sus pasajes apoyan un argumento análogo (no hay movimiento antihaitiano organizado; casi la mitad votó a Peña Gómez en 1996), no el argumento de la ayuda de 2010. Apoyo indirecto y por analogía, no a la prueba que formula A-206. La fuente primaria que el registro cita para A-206 (El Caribe, «indudablemente solidarios») no es F-2761."
20,A-061,"F-1722 (M05) Oliva Melgar, Pedralbes 4 (Dialnet PDF)",literal,el incontrastable comun Derecho de las Gentes obligaba a los Gobernadores de las Tres Islas […],el incontrastable comun Derecho de las Gentes obligaba a 10s [los] Gobernadores de las Tres Islas a tolerar muchas veces el ilicito comercio...,"p. 233, epígrafe de apertura del artículo (informe de los directores de la Compañía de Barcelona a la Junta General, 3-V-1762, nota 1: Rahola 1931, apéndice p. 285). El cambio de página a la 234 aparece más abajo en el OCR.","Literal, con la corrección de OCR '10s' = 'los' que la ficha declara y con elipsis. Recorte que omite el fin de la frase ('a tolerar muchas veces el ilícito comercio'), que da el sentido (contrabando tolerado por necesidad), no mencionado en la traducción de la ficha ('—'). Reserva de relevancia: este epígrafe no contiene nada sobre ganado, caoba, situado mexicano ni los 6.000 habitantes de 1730 de A-061; apenas respalda la idea genérica de penuria de la isla."
21,A-107,"F-0846 (M08) Álvarez Martín, Acento 2020, 'Bosch: Boyer camino del Este'",literal,No sabemos todavía en qué medida el régimen haitiano influyó en la organización económica y […],"“No sabemos todavía en qué medida el régimen haitiano influyó en la organización económica y social dominicana. Conocemos algo de la influencia que ejerció en el ordenamiento civil, en la división territorial…” (V. IX, p. 81)","Cita de Bosch 'V. IX, p. 81', en el último párrafo del cuerpo del artículo (el que sigue a 'En el texto que estamos citando de Bosch, que data de los años 50…').","Cita y paginación del columnista coinciden. Reserva de pertinencia: la frase de Bosch es una laguna de conocimiento, no una afirmación de que 1822-1844 fue 'dominación' u 'ocupación'; usa 'ocupación haitiana' en el mismo pasaje como término del autor. La columna cita a Bosch de segunda mano sin título de la obra, como indica la ficha."
22,A-180,F-1239,literal,"p. 79: «robustecer, moral y materialmente, la labor de dominicanización de las regiones fronterizas, que realiza con tesonero empeño mi Gobierno»; p. 37: «celebró en esta capital su sesión final el día 14 de diciembre»","«...contribuirá a robustecer, moral y materialmente, la labor de dominicanización de las regiones fronterizas, que realiza con tesonero empeño mi Gobierno.» y «...celebró en esta capital su sesión final el día 14 de diciembre; en el acta levantada al efecto, se dejó constancia de la terminación de los [trabajos]...»","Mensaje 27-II-1943: p. 79 impresa (pie «-79-», página 76 del PDF; párrafo sobre un reformatorio para menores en la común de Elías Piña) y p. 37 impresa (pie «- 37-», página 34 del PDF)","Ambas citas literales y páginas exactas (el OCR tiene errores de acento). Soporte parcial para A-180: confirma que el régimen usaba el término «dominicanización de las regiones fronterizas» en 1943, pero NO menciona el discurso de Peña Batlle en Elías Piña, la «valla social, étnica, económica y religiosa infranqueable» ni a Balaguer (buscado «valla social»: nada; «Elías Piña» solo aparece como común del reformatorio, la ficha ya lo admite). La p. 37 (Comisión Delimitadora) no tiene relación con el contenido de A-180."
23,A-043,"F-0106 (M03) Madiou, Histoire d'Haïti t. I (archive.org djvu.txt)",literal,"[5 extractos] 'Cette histoire est particulièrement celle de la race africaine transplantée en Haïti...'; 'un exposé rapide des événemens qui ont suivi la découverte de notre île et qui ont amené l'extinction de la race aborigène...'; 'L'abrégé de cette histoire fut adopté, en 1845, par le conseil des Ministres...'; 'Aujourd'hui il n'existe pas un seul Haïtien, même dans les quartiers de Boya, de Seybe et d'Higuey, qui appartienne directement à la race aborigène.'; 'Les Européens se livrant au libertinage eurent par leurs relations avec les Indiennes et les Africaines des enfans de différentes couleurs.'","Cette histoire est particulièrement celle de la race africaine ... ; l'extinction de la race aborigène ; L'abrégé de cette histoire fut adopté, en 1845, par le conseil des Ministres ... sur la recommandation du citoyen Beaubrun Ardouin ; il n'existe pas un seul Haïtien, mème dans les quartiers de Boya, de Seybe et d'Higuey, qui appartienne directement à la race aborigène ; Les Européens se livrant au libertinage eurent par leurs relations avec les Indiennes et les Africaines des enfans de différentes couleurs.","djvu.txt de archive.org: l. 236 (Introducción, p. [i]), l. 240-241 (Introducción, p. [i]), l. 713 (Introducción, final, p. viii), l. 1519 (encabezado de p. 13 en l. 1485; pasaje en p. 13), l. 1573-1574 (p. 14, encabezado en l. 1550). Todas coinciden con la ficha.","Las cinco citas son literales; el OCR trae ruido ('trapsplantée', 'Hvrant', 'mème') que la ficha dice haber corregido con las imágenes. Líneas y páginas verificadas contra los encabezados de página del djvu.txt (p. 13 = l. 1485-1549; p. 14 = l. 1550 ss.); p. viii no verificada con número impreso, pero el pasaje está en el final de la introducción. Reserva de relevancia: A-043 trata de Enriquillo como héroe fundador dominicano (Galván 1882); Madiou es la tradición haitiana y niega descendencia aborigen directa, por lo que sirve como contraste y no como apoyo del enunciado."
24,A-023,"F-0019 (M01) Charlevoix, Histoire de l'Isle Espagnole, t. I (1730)",ubicacion-erronea,"Quelques auteurs ont prétendu qu'on y trouva trois millions d'âmes. D'autres en retranchent les deux tiers ; peut-être ceux-ci en mettent-ils trop peu, mais il y a beaucoup d'apparence que ceux-là en mettoient trop, & qu'il faut prendre un milieu","Quelques auteurs ont prétendu qu'on y trouva trois millions d'âmes. D'autres en retranchent les deux tiers; peut-être ceux-ci en mettent-ils trop peu, mais il y a beaucoup d'apparence que ceux-là en mettoient trop, & qu'il faut prendre un milieu entre ces deux opinions.","djvu.txt l. 2800-2805 (la ficha dice l. 2796-2803; el rango de la ficha no alcanza el final de la cita, 'entre ces deux opinions', l. 2805). Página: el pasaje queda tras el encabezado '3^ Histoire' (l. 2773) y antes del encabezado 'DE S. DOMINGUE Liv. I' (l. 2816), es decir p. 36 según el encabezado, no ≈38-39; ver nota.","El texto es literal; solo ubicación errónea de poco peso. Derivé p. 36 contando encabezados del OCR (30 en l. 2513, 32 en l. 2599, '3^' en l. 2773, 40 en l. 2951, con ≈88 líneas por 2 págs.), de modo que '3^' = 36; es inferencia, no número impreso legible. El pasaje, además, atribuye a 'quelques auteurs' los tres millones sin nombrarlos y propone un término medio sin base; la ficha ya lo anota. La ficha atribuye también el pasaje a A-024 y A-027."
25,A-113,F-0727,literal,"p. 47 «Los haitianos en Haití derrocaron el poder del Presidente Boyer; los dominicanos pensaron entonces sacudir su ominosa cadena y concertaron su plan para mediados de Marzo»; «los haitianos que estaban en Santo Domingo, en unión de los afrancesados se anticiparon, desconocieron a Boyer y proclamaron la Reforma»; p. 48 «Duarte en unión de sus amigos y algunos haitianos se ocultaron en casa de su tío Don José Diez»; borradores «los haitianos el año 43 proclaman la Reforma; el pueblo por una equivocación cree que es la independencia»; doc. 1 «La révolution inaugurée le 27 janvier est triomphante. L'odieux gouvernement...»; p. 61 «Afortunadamente los haitianos eran esclavos de la Ordenanza...»","Todas halladas: «Año 43. Los haitianos en Haití derrocaron el poder del Presidente Boyer; los dominicanos pensaron entonces sacudir su ominosa cadena... los haitianos que estaban en Santo Domingo, en unión de los afrancesados se anticiparon, desconocieron a Boyer y proclamaron la Reforma»; «La révolution inaugurée le 27 janvier est triomphante. L'odieux gouvernement qui opprimait le pays a été renversé.»","Rosa Duarte ed. 1994: pp. 47 y 48 (págs. 57 y 58 del PDF) exactas; borradores en pág. 164 del PDF; doc. 1 «La Reforma» pág. 187 impresa (197 del PDF) exacta; el pasaje «Afortunadamente los haitianos eran esclavos de la Ordenanza» está en la p. 60 impresa (pág. 70 del PDF, cabecera «60»), no en la 61","Seis extractos verificados literalmente (OCR con acentos y espacios fallidos). Un error de ubicación menor: el pasaje atribuido a la p. 61 está en la p. 60 (la p. 61 empieza en la págs. siguiente). El l. 2755 del txt de los borradores no es comprobable (mi texto tiene otra numeración de líneas; el pasaje existe). Soporte: respalda que los dominicanos/trinitarios vivieron la caída de Boyer y la Reforma (Duarte gritó «Viva la Reforma»; huyó tras los disparos), pero no menciona el Manifiesto de Praslin ni la fecha 24-III-1843 ni a Hérard como «dictator-president»; la fecha del 24 de marzo sigue por verificar."
26,A-103,"F-0797 (M08) Bellegarde y Lhérisson, Manuel d'histoire d'Haïti (archive.org djvu.txt)",literal,Le gouvernement haïtien s'engagea en retour à payer une indemnité de 150 millions de francs (30 millions de dollars environs) destinée à dédommager les anciens colons de la perte de leurs biens,"Le gouvernement haïtien s'engagea en retour à payer une indemnité de 1 50 millions de francs ( 30 millions de dollars environs destinée à dédommager les anciens colons de la perte de leurs biens. Cette dette, dite dette de l'Indépendance, fut plus tard réduite à 60 millions de francs.","p. 92 (encabezado '92 HISTOIRE D'HAÏTI'), párrafo 40 'RECONNAISSANCE DE L'INDEPENDANCE NATIONALE (AVRIL 1825)', 2.º párrafo (djvu.txt l. 4221).","Literal (el OCR separa '1 50' y omite el paréntesis de cierre). Título de sección y página correctos. Reserva de relevancia: el manual solo respalda los 150 millones, la fecha del 17-IV-1825 y que la deuda 'fut plus tard réduite à 60 millions'; no menciona la aceptación de Boyer el 11-VII-1825, la flota de Mackau, el total de 90 millones en 1838 ni el pago hasta 1883 de A-103. La ficha omite la frase sobre la reducción a 60 millones, relevante para el enunciado."
27,A-119,"F-0967 (M09) Sang 2000, La Política Exterior Dominicana 1844-1961, t. I",literal,"[p. 34] Dudaba que sin ser socorridos, ellos pudieran siempre vencer sus enemigos porque la población Haitiana […] / [p. 35] en 1850 las potencias imperiales, con Schomburgk a la cabeza, jugaron un papel estelar en […]","“Dudaba que sin ser socorridos, ellos pudieran siempre vencer sus enemigos porque la población Haitiana era mucho más grande que la suya.” / “Por interés ideológico o estratégico, lo cierto es que en 1850 las potencias imperiales, con Schomburgk a la cabeza, jugaron un papel estelar en detener el nuevo intento de Soulouque por invadir la parte este de la isla.”","p. 34 (pie de página '34'; nota 33 de Schomburgk, 23-XI-1849, citando a Caminero) y p. 35 (pie '35'). Corresponden a las páginas 35 y 36 del PDF.","Ambas citas y páginas correctas; la paginación de la ficha es la impresa del libro, no la del PDF. Reserva de pertinencia: ninguna de las dos menciona las batallas de Azua, Santiago, Las Carreras, Santomé ni Sabana Larga; el pasaje de p. 35 sí confirma el fracaso de Soulouque en 1850 solo de forma implícita ('detener el nuevo intento de Soulouque'). No corroboran por sí mismas A-119 en su enunciado militar completo."
28,A-107,F-0722,literal,"sección «¿Una época oscura?»: «El problema, señalan historiadores, es que hace falta documentación que respalde estos hechos.»; párr. 7 (abreviada): «un tiempo que ha sido muy controvertido para el pueblo dominicano, pues el recuento histórico […]»","«El problema, señalan historiadores, es que hace falta documentación que respalde estos hechos.» (sección «¿Una época oscura?») y «Gobernaron durante 22 años, un tiempo que ha sido muy controvertido para el pueblo dominicano, pues el recuento histórico oficial lo ha retratado como un periodo de gran opresión.»","El Día / BBC Mundo: primera cita en la sección «¿Una época oscura?»; segunda en el párrafo que empieza «Gobernaron durante 22 años», que es el 9.º párrafo de cuerpo tras los iconos de redes (8.º si se descarta el primer párrafo como entradilla), no el 7.º","Ambas citas literales; la ubicación «párr. 7» es aproximada (depende del conteo; por mi recuento es el 8.º o 9.º). Relevancia: A-107 afirma que 1822-1844 fue una «dominación/ocupación» impuesta por Boyer (Moya Pons, Batista Lemaire). Este artículo no la sostiene; al contrario, da la voz a González Canalda («sin evidencias» documentales, 4.500 actas revisadas) y a Yingling, que cuestionan ese relato oficial, y el propio artículo registra los dos marcos («¿Unificación o invasión?»). Sirve como evidencia de que el término está disputado, no de que fuera una ocupación; no cita a Moya Pons ni a Batista Lemaire."
29,A-099,"F-1060 (M08) Correspondencia de Levasseur ... 1843-1844, ed. Coiscou Henríquez 1944 (PDF Academia Dominicana de la Historia)",literal,"Se formaron nuevos regimientos, y para ello se recrutaron los jóvenes más distinguidos de la ciudad, principalmente los alumnos de la Universidad, que con este golpe se destruyó. Las familias huyeron despavoridas al ver cambiar de repente la suerte de sus hijos, y la emigración privó esta parte de más de Diez mil habitantes.","2º Se formaron nuevos regimientos, y para ello se, recrutaron los jovenes mas distinguidos de la ciudad, principalmente los aiumnos de la Universidad, que con este golpe se destruyo. Las familias huyeron despavoridas al ver cambiar de repente la suerte de sus hijos, y la emigracion privo esta parte de mas de Diez mil habitantes.","PDF p. 383 (de 390), Apéndice, Exposición del 15-XII-1843, punto 2º, entre los folios 283 v. y 284 de la transcripción. El número impreso de la edición ('p. 367') no se pudo confirmar: el texto OCR no conserva numeración de página impresa.","Literal (sin acentos y con errores de OCR en el PDF; la ficha restituye acentos). Ubicación PDF 383 verificada. La ficha acierta además al señalar que el Manifiesto del 16-I-1844 (F-0038) no menciona la universidad, mientras que esta Exposición sí. Reserva de relevancia: respalda el reclutamiento de alumnos y la 'destrucción' de la Universidad por ese golpe (relato dominicano de A-099), pero no menciona la confiscación de bienes eclesiásticos, la supresión del presupuesto, el rango de edad 16-25 ni el año 1823; es voz de parte (agravio de 1843)."
30,A-109,"F-1540 (M08) Corvington 1934, Étude sur la condition juridique de l'étranger en Haïti",literal,"[p. 24] Le 26 Août 1822, Boyer nomma une Commission qu'il pria de donner un avis sur […] / Sont irrévocablement acquis à l'Etat : 1°. les biens des Français, qui se trouvaient sous […] / [p. 31] Aux termes de l'article 1er de la loi du 8 Juillet 1824, toutes les propriétés territoriales […]","p. 24: «Le 26 Août 1822, Boyer nomma une Commission qu'il pria de donner un avis sur ce qu'il conviendrait de faire…»; «Sont irrévocablement acquis à l'Etat: 1°. les biens des Français, qui se trouvaient sous [le ci-devant Gouvernement Espagnol]; 2°. tous les biens reconnus appartenir aux personnes qui ont coopéré à l'agression des Français à la baie de Samana…». p. 31: «Aux termes de l'article 1er de la loi du 8 Juillet 1824, toutes les propriétés territoriales situées dans la partie de l'Est de l'Ile, et dont les propriétaires absents n'y étaient point rentrés le 10 Juin 1823, devenaient propriétés de l'Etat.»","p. 24 (sección 'PROPRIETES DANS LA PARTIE DE L'EST') y p. 31, sobre la API pagetext de dLOC (HTTP 200); el '-25-' impreso en la página siguiente confirma que la etiqueta 'Page N' coincide con la paginación impresa.","Las tres citas son literales (OCR con erratas: 'acguis', 'Frangais') y están en las páginas dadas. Reserva importante de pertinencia, que la ficha ya advierte: la ley del 8-VII-1824 se aplica a propiedades de AUSENTES no regresados el 10-VI-1823; la fuente no dice 'terrenos comuneros no titulados' ni 'bienes eclesiásticos', ni menciona al arzobispo Valera ni su exilio en 1830 (no hay 'Valera' en el texto). Por tanto la fuente solo respalda en parte el enunciado de A-109."
