n,afirmacion,enunciado,fuente,modulo,ubicacion,autor,titulo,anio,url,acceso
1,A-010,"El nombre ""Haïti"" de 1804 es la restitución del nombre indígena de la isla entera y expresa un horizonte insular del fundador (""toutes les parties de cette île"").",F-0069,M00,p. 108; l. 5174-5175 del djvu.txt,"Peña Batlle, Manuel Arturo",Historia de la cuestión fronteriza domínico-haitiana; El sentido de una política; Política de Trujillo,1946; 1942/43; 1954,https://catalogo.academiadominicanahistoria.org.do/cgi-bin/koha/opac-detail.pl?biblionumber=11878 | https://catalogo.academiadominicanahistoria.org.do/cgi-bin/koha/opac-detail.pl?biblionumber=3385 | https://catalogo.academiadominicanahistoria.org.do/cgi-bin/koha/opac-detail.pl?biblionumber=10342 | https://catalogo.academiadominicanahistoria.org.do/opac-tmpl/files/ppcodice/Clio-1955-023-102-001-012,texto-descargado
2,A-023,La población de La Española en 1492 era de millones de personas (Las Casas 3 millones; Cook y Borah ~8 millones).,F-0109,M01,"p. [23]; el texto digital no trae acentos en este pasaje ('decimes', 'forces'); se restituyen","Price-Mars, Jean",Ainsi parla l'Oncle; La République d'Haïti et la République Dominicaine (2 vols.),1928; 1953,https://ufdcimages.uflib.ufl.edu/UF/00/09/59/32/00002/Mars_RD_Haiti_fr_2.pdf | https://acento.com.do/opinion/el-dialogo-transnacional-y-el-pensamiento-kiskeyano-8683335.html | https://archive.org/download/la-republica-de-haiti-y-la-republica-dominicana-jean-price-mars-1953/La%20rep%C3%BAblica%20de%20Hait%C3%AD%20y%20la%20Rep%C3%BAblica%20Dominicana%20-%20Jean%20Price%20Mars%20-%201953_djvu.txt | h,pdf-en-linea
3,A-030,"El colapso demográfico anterior a 1518 se debió al choque de la conquista, la minería, la encomienda y la esclavitud indígena más que a la viruela (Livi-Bacci 2003; Stone 2021).",F-3111,M02,"§3.3, p. 70 ; §3.3, p. 70","Keehnen, Floris W. M.","Treating 'Trifles': the Indigenous adoption of European material goods in Early Colonial Hispaniola (1492-1550) (cap. 3 de C. L. Hofman y F. W. M. Keehnen, eds., The Early Americas: History and Culture, Leiden: Brill, 2019; DOI 10.1163/9789004273689_004)",2019,https://scholarlypublications.universiteitleiden.nl/access/item%3A3721435/download | https://hdl.handle.net/1887/3721434,pdf-en-linea
4,A-045,La primera rebelión de esclavizados africanos de América ocurrió en el ingenio de Diego Colón en la Navidad de 1521.,F-2086,M03,"Clío 179, p. 48","Río Moreno, Justo L. del","Comercio y transporte en la economía del azúcar antillano durante el siglo XVI (Anuario de Estudios Americanos 50 (1993) 55-87; reproducido en Clío 79(179):15-54, 2010)",1993; 2010,https://academiadominicanahistoria.org.do/wp-content/uploads/2017/07/179-1.pdf,pdf-en-linea
5,A-052,"Versión popular y escolar: Ryswick (1697) ""cedió la parte occidental de la isla a Francia"" y es el acta de nacimiento de la partición. El texto del tratado no lo sostiene (fila anterior), de modo que se registra como versión documentadamente contradicha y no como hecho.",F-2957,M04,párr. 1 (l. 45 del txt),"Etienne, Islam Louis","«Cap-Haïtien : une ville méconnaissable (2 de 3)» (Le Nouvelliste, 16-IX-2016)",2016,https://lenouvelliste.com/article/163122/cap-haitien-une-ville-meconnaissable-2-de-3,texto-completo-en-linea
6,A-066,"La composición regional del origen africano difiere entre los dos lados: en Saint-Domingue predominan África centro-occidental (Congo y Angola, 40-45 por ciento) y el golfo de Benín (25-30); el Santo Domingo español recibió primero Alta Guinea y después Angola (Wheat), y el componente materno haitia",F-1625,M05,"fo. 1r (transcripción, p. 142)","Stevens-Acevedo, Anthony",Un documento sobre la esclavitud en Santo Domingo (1706): la “negrita” Manuela,2021,https://estudiossociales.bono.edu.do/index.php/es/article/download/1085/1031/2106 | https://estudiossociales.bono.edu.do/index.php/es/article/view/1085,pdf-en-linea
7,A-084,"Bajo el dominio francés del este (Kerverseau, Ferrand, 1802-1809) la esclavitud siguió vigente o fue restablecida y personas liberadas en 1801 fueron reesclavizadas: la ""Reconquista"" de 1809 no restauró la esclavitud desde cero sino que la mantuvo bajo bandera española.",F-0068,M06,(a) l. 1305 ; (R2-a) p. 256 (l. 12904-12907 del txt) ; (R2-b) p. 25 de la ed. 1894 (encabezado OCR «28»; l. 1228-1236 del txt) = p. 300 de la reimpr. AGN (l. 15042-15048 de su txt) [mismo pasaje que una fila de la ronda 1] ; (R2-b) pp. 36-37 de la ed. 1894 (l. 1879-1884) = p. 308 de la reimpr. AGN (l. 15495-15500),"García, José Gabriel",Compendio de la historia de Santo Domingo,1867; ampl. 1893-1906,https://archive.org/download/compendiodelahi02garcgoog/compendiodelahi02garcgoog_djvu.txt | https://archive.org/download/compendiodelahi03garcgoog/compendiodelahi03garcgoog_djvu.txt | https://archive.org/details/compendiodelahis03garc | https://archive.org/details/compendiodelahi02garcgoog | https://archive.org/details/compendiodelahi03garcgoog | https://archive.org/download/compendiodelahis03garc,texto-descargado
8,A-093,"Serie demográfica de la parte española, con la base de cada cifra: 152.640 habitantes en 1785 (censo eclesiástico, vía Schoenrich), 100.000-125.000 en 1785-1789 (Moreau y Sánchez Valverde), no más de 95.000 en 1802 (Humboldt, vía Franklin), 104.000 en 1809 y 63.000 en 1819 (cálculos recogidos por Sc",F-1879,M07,párrafo 3 (tras la cesión de 1795) ; párrafo 3,"Mareite, Thomas","“Emigrados”: The Many Meanings of Exile from Hispaniola to Cuba (Age of Revolutions, 12-VI-2023)",2023,https://ageofrevolutions.com/2023/06/12/emigrados-the-many-meanings-of-exile-from-hispaniola-to-cuba/,texto-completo-en-linea
9,A-099,"La universidad dejó de funcionar en 1823 a causa de la confiscación de bienes eclesiásticos, la supresión de su presupuesto y el reclutamiento de los jóvenes de 16 a 25 años (relato canónico dominicano). Versión rival: ya estaba en decadencia antes de 1822 y el cese fue consecuencia de la situación ",F-0857,M08,párrafo de réplica a González Canalda,"Núñez Asencio, Manuel",La opresión lingüística durante la dominación haitiana (1822-1844),2026,https://acento.com.do/opinion/la-opresion-linguistica-durante-la-dominacion-haitiana-1822-1844-9681599.html,texto-completo-en-linea
10,A-129,"El prejuicio racial colonial fue ""variable definitoria"" en 1844 y el antihaitianismo acompaña a la nación dominicana desde su fundación (Sagás).",F-0065,M09,"t. VIII, pp. 447-448, «Proclamation qui appelle les Haïtiens absents», Guerrier, 5-XII-1844 (l. 25405-25475)","Dumont, Jean; Cantillo, Alejandro del; Linstant Pradine, Beaubrun; —",Compilaciones documentales impresas: Corps universel diplomatique t. VII; Colección de tratados de paz (1843); Recueil général des lois et actes du gouvernement d'Haïti; CODOIN t. I (1864),1843-1864,https://archive.org/details/recueilgnral07hait | https://archive.org/details/recueilgnral06hait | https://archive.org/details/recueilgnral05hait | https://archive.org/details/recueilgnral04hait | https://archive.org/details/recueilgnral03hait | https://archive.org/details/recueilgnral02hait | https://archive.org/details/recueilgnral01hait | https://archive.org/details/recueilgnral00hait | https://,texto-completo-en-linea
11,A-137,"La negativa haitiana a reconocer la independencia dominicana durante treinta años y sus campañas de reconquista empujaron a los gobiernos dominicanos a buscar protectorados y, en 1861, la anexión a España: ""Hayti reaped the fruit of her obstinacy in refusing to acknowledge the independence of the ea",F-1979,M10,"PDF p. 3, col. 2-3 ; PDF p. 4, col. 1-2",Redacción del Moniteur haïtien (Gobierno de Haití; sin firma),"Le Moniteur haïtien, Port-au-Prince, 13 avril 1861: artículo de la «Partie non officielle» sobre la «question de l'Est» (tregua de cinco años, tratado de paz propuesto al Este, indignación ante Santana)",1861,https://ufdcimages.uflib.ufl.edu/AA/00/09/82/14/00415/1861041301.pdf | https://dloc.com/AA00098214/00415,pdf-en-linea
12,A-150,"Entre 1865 y 1937 la frontera fue porosa y compartida, con circulación de personas y bienes en ambos sentidos. Baud la llama ""frontera-refugio"" frente a ambos Estados: esa caracterización es su tesis, no un dato.",F-1538,M11,"cap. sobre Salnave, p. 250-251","Janvier, Louis-Joseph","La République d'Haïti et ses visiteurs (1840-1882): réponse à M. Victor Cochinat et à quelques autres écrivains (París, Marpon et Flammarion, 1883), pp. 331 y 598-603",1883,https://archive.org/details/larpubliquedhat00janvgoog | https://archive.org/download/larpubliquedhat00janvgoog/larpubliquedhat00janvgoog_djvu.txt,texto-completo-en-linea
13,A-160,"La represión racializada antihaitiana en la frontera comenzó en 1919, bajo la ocupación estadounidense, se aceleró en 1930 y culminó en 1937 (Cadeau).",F-2835,M12,p. 149,"Baud, Michiel","The Origins of Capitalist Agriculture in the Dominican Republic (Latin American Research Review 22:2, pp. 135-153)",1987,https://www.cambridge.org/core/services/aop-cambridge-core/content/view/3AFE15F18B96EC92E41E4C1BD6E3C9A5/S002387910002207Xa.pdf/div-class-title-the-origins-of-capitalist-agriculture-in-the-dominican-republic-div.pdf | https://doi.org/10.1017/S002387910002207X,pdf-en-linea
14,A-176,"El acuerdo del 31 de enero de 1938 (Washington, sobre el borrador del nuncio Silvani) fijó una indemnización de 750.000 dólares, frente a 1.500.000 que pedía Haití. Nota que deshace una contradicción aparente del corpus: los 350.000 ""a la firma"" son del borrador del nuncio del 10 de enero, mientras ",F-0312,M13,"p. 4, 'Le monde extérieur' ; p. 4, párr. 3 ; p. 3","Ambassade d'Haïti en France; Oriol, Michèle; Vilaire, Patrick; Wieser, Corinne","Chefs d'Etat haïtiens: Sténio Vincent (1930-1941) (ficha de la embajada de Haití en Francia, a partir de Oriol, Vilaire y Wieser, Chefs d'Etat en Haïti, FRIDOC/Archives Nationales d'Haïti)",2021,https://ambassadehaiti-france.org/wp-content/uploads/2021/07/25.-Ste%CC%81nio-Vincent-1930-1941.pdf,pdf-en-linea
15,A-195,"El sistema de braceros fue una ""traite"" o ""venta de haitianos"" con responsabilidad compartida de ambas dictaduras, y los bateyes una forma de esclavitud moderna (Plant 1987; Lemoine 1981).",F-2313,M14,"22-III-1986, p. 10 ; 29-III-1986, p. 13","Fortuné, Clarens J.; Jn Frantz, Télasco","Le Petit Samedi Soir, 22 de marzo de 1986, p. 10, Clarens J. Fortuné, «Zafra: une page d'immoralité» (con el artículo de Télasco Jn Frantz, «Zafra / Manifestation: un arrière-goût de déchoukage», 29-III-1986, p. 13 y 17)",1986,https://dloc.com/AA00127353/00023 | https://dloc.com/AA00127353/00024 | https://ufdc.ufl.edu/AA00127353/00023 | https://api.dloc.patron.uflib.ufl.edu/pagetext?bibid=AA00127353&vid=00023&size=100 | https://ufdc.ufl.edu/AA00127353/00024 | https://api.dloc.patron.uflib.ufl.edu/pagetext?bibid=AA00127353&vid=00024&size=100,texto-completo-en-linea
16,A-210,"Por el Decreto 233-91 (13 de junio de 1991) Balaguer ordenó repatriar a los extranjeros menores de 16 y mayores de 60 años de los bateyes; desde el 18 de junio hubo expulsiones colectivas con abusos documentados (HRW 1992; CIDH, informe anual de 1991), y en 1999-2000 nuevas expulsiones masivas motiv",F-2619,M15,apertura del cable (resumen) ; párrafo sobre la reunión con el viceministro Pichardo (18-II) ; sección «Haitian expats alarmed» (reunión del 18-II) ; párrafo sobre repatriaciones y la frontera (19-II) ; mismo párrafo ; segundo párrafo ; párrafo sobre repatriaciones y la frontera,"Embajada de Estados Unidos en Santo Domingo (firma «HERTELL», embajador Hans Hertell; clasificado por la DCM Lisa Kubiske)","DOMINICAN REACTION TO HAITI CRISIS (cable 04SANTODOMINGO1094 de la embajada de EE. UU. en Santo Domingo, 20 de febrero de 2004; publicado por Aftenposten el 18-III-2011)",2004,https://www.aftenposten.no/norge/i/nAR9m/20022004-dominican-reaction-to-haiti-crisis,texto-completo-en-linea
17,A-233,"Las muestras dominicanas más citadas en la literatura genética (Bryc 2010, n dominicano de unas 27 personas; Moreno-Estrada 2013, 251 personas de origen caribeño en el sur de Florida) se tomaron en Estados Unidos, entre población de la diáspora, y no son muestras probabilísticas de la población resi",F-1170,M16,"Métodos, 2.1","Pérez-Duval, E.; Calderón, B.; Izquierdo, M.; Herrera-Isidrón, J. A.; Reyes-Reyes, E.; Herrera, A.; Soto, M.; Beltré, A.; Rodeiro-Guerra, I.","Allele and genotype frequencies of variants in P450 cytochromes, transports, and DNA repair enzymes in the Dominican Republic population (Frontiers in Pharmacology 15: 1494482)",2024,https://pmc.ncbi.nlm.nih.gov/articles/PMC11919896/,texto-completo-en-linea
18,A-158,"La migración de braceros haitianos a los ingenios azucareros de capital estadounidense se institucionalizó bajo las ocupaciones; el censo dominicano registró 28.258 haitianos en 1920 y 52.657 en 1935. Cautela: la categoría censal ""haitiano"" se construyó en una frontera que el propio registro describ",F-2931,M12,"FRUS 1919, vol. II, doc. 58 (Snowden a Daniels, 28-VIII-1919), p. 127 [#d58]",Harry S. Knapp y Thomas Snowden (Gobernadores Militares de Santo Domingo); Josephus Daniels (Secretario de Marina),"Informes anuales y trimestrales del Gobernador Militar de Santo Domingo en FRUS (1917, d894; 1918, d393; 1919 vol. II, d58; 1920 vol. II, d99): pasajes sobre la frontera con Haití",1917-1920,https://raw.githubusercontent.com/HistoryAtState/frus/master/volumes/frus1919v02.xml | https://history.state.gov/historicaldocuments/frus1919v02/d58 | https://history.state.gov/historicaldocuments/frus1918/d393 | https://history.state.gov/historicaldocuments/frus1920v02/d99 | https://history.state.gov/historicaldocuments/frus1917/d894 | https://raw.githubusercontent.com/HistoryAtState/frus/master/,texto-completo-en-linea
19,A-206,La ayuda dominicana de 2010 prueba que no hay odio popular dominicano hacia los haitianos.,F-2761,M15,p. 319 ; p. 317,"Baud, Michiel","Race and nation in the Dominican Republic (artículo de reseña sobre Howard, Coloring the Nation, 2001; Sagás, Race and Politics in the Dominican Republic, 2000; y Lundius y Lundahl, Peasants and Religion, 2000), New West Indian Guide / Nieuwe West-Indische Gids 76(3-4), 2002, pp. 312-321",2002,http://web.archive.org/web/20231117115527/https://brill.com/downloadpdf/journals/nwig/76/3-4/article-p312_6.pdf,pdf-en-linea
20,A-061,"La parte española vivía en el siglo XVIII de vender ganado, caoba y palo de tinte a Saint-Domingue y dependía del situado mexicano; en 1730 toda la colonia tenía unos 6.000 habitantes dedicados casi solo a la ganadería (Schoenrich), y Franklin anota que la unificación de 1822 cortó ese comercio (""Th",F-1722,M05,"p. 233 (epígrafe: informe de los directores de la Compañía, 3-V-1762)","Oliva Melgar, José María","Contrabandistas, criollos y mercantilismo español en el siglo XVIII: la resistencia a la Compañía de Barcelona en Santo Domingo (Pedralbes 4, pp. 233-272)",1984,"https://dialnet.unirioja.es/descarga/articulo/85766.pdf | https://dialnet.unirioja.es/servlet/articulo?codigo=85766 (HTTP 200, ficha)",pdf-en-linea
21,A-107,"El período 1822-1844 fue una ""dominación"" u ""ocupación"": un sistema de dominación política y militar impuesto por Boyer al este (Moya Pons 1972; Batista Lemaire 2025).",F-0846,M08,"cita de Bosch, V. IX, p. 81 (párrafo final)","Álvarez Martín, David",Bosch: Boyer camino del Este,2020,https://acento.com.do/opinion/bosch-boyer-camino-del-este-8893471.html,texto-completo-en-linea
22,A-180,"Peña Batlle, en Elías Piña, definió la frontera como ""una valla social, étnica, económica y religiosa infranqueable"" y teorizó la ""dominicanización de la frontera"" (Historia de la cuestión fronteriza, 1946); Balaguer la sistematizó en La realidad dominicana (1947). La fecha del discurso es inconsist",F-1239,M13,p. 79 ; p. 37,Presidencia de la República Dominicana,Mensaje depositado en el Congreso Nacional el 27 de febrero de 1943 (rendición de cuentas de 1942),1943,https://memoriahistorica.senadord.gob.do/bitstreams/6f08b1ec-cbc8-49fe-8be9-9fe61ec32244/download,pdf-en-linea
23,A-043,"Enriquillo es el héroe fundador que une la raíz taína con la nación dominicana (Galván 1882): el pueblo dominicano desciende de ""los bravos indios y los colonos españoles"".",F-0106,M03,"Introducción, p. [i] (imagen leaf 9 de archive.org, verificada) (l. 236 del djvu.txt de archive.org) ; Introducción, p. [i] (imagen verificada) (l. 240 del djvu.txt de archive.org) ; Introducción, p. viii (imagen leaf 16 verificada) ; Libro I, p. 13 (imagen verificada) ; Libro I, p. 14 (imagen verificada)","Madiou, Thomas",Histoire d'Haïti (1492-1846),1847-48,https://catalog.hathitrust.org/Record/011984236 | https://gallica.bnf.fr/ark:/12148/bpt6k53240349.texteImage | https://aha.confex.com/aha/2011/webprogram/Paper6769.html | https://dloc.com/AA00001029/00001 | https://ufdc.ufl.edu/AA00001029/00001 | https://api.dloc.patron.uflib.ufl.edu/AA00001029/00001/citation?format=json | https://api.dloc.patron.uflib.ufl.edu/pagetext?bibid=AA00001029&vid=00001&s,texto-completo-en-linea
24,A-023,La población de La Española en 1492 era de millones de personas (Las Casas 3 millones; Cook y Borah ~8 millones).,F-0019,M01,"Livre I, p. ≈38-39 (l. 2796-2803 del djvu)","Charlevoix, Pierre-François-Xavier de",Histoire de l'Isle Espagnole ou de S. Domingue,1730-31,"https://archive.org/download/histoiredelislee11730char/histoiredelislee11730char_djvu.txt (t. I) | https://archive.org/details/histoiredelislee11730char | https://archive.org/download/histoiredelislee02char/histoiredelislee02char_djvu.txt (t. II) | https://archive.org/download/histoiredelislee21731char/histoiredelislee21731char_djvu.txt (t. II, otro ejemplar) | https://www.archive.org/download/his",texto-completo-en-linea
25,A-113,"Los trinitarios se sumaron al movimiento haitiano de la Reforma contra Boyer (Manifiesto de Praslin, 1842; caída de Boyer el 13 de marzo de 1843; levantamiento del 24 de marzo de 1843 en Santo Domingo); Charles Hérard, instalado como ""dictator-president"", reprimió después a los trinitarios y Duarte ",F-0727,M08,"p. 47 ; p. 48 ; borradores, 'Año 43' ; Archivo de Duarte, 'La Reforma', doc. 1 ; p. 47 (pdf p. 57; 'Año 43') // p. 49, «Año 43» ; p. 47 (pdf p. 57) ; p. 48 (pdf p. 58) ; borradores, 'Año 43' (l. 2755 del txt) ; Archivo de Duarte, 'La Reforma', doc. 1 (pp. 187-188; pdf p. 197) ; p. 61","Duarte, Rosa; ed. Rodríguez Demorizi, Emilio; Larrazábal Blanco, Carlos; Alfau Durán, Vetilio","Apuntes de Rosa Duarte. Archivo y versos de Juan Pablo Duarte (ed. Rodríguez Demorizi, Larrazábal Blanco y Alfau Durán, 1994)",1994 (1.ª ed. 1944; texto del siglo XIX),"http://catalogo.academiadominicanahistoria.org.do/opac-tmpl/files/libros/RodriguezDemoriziE_Apuntes_Rosa_Duarte_1994.pdf | http://catalogo.academiadominicanahistoria.org.do/opac-tmpl/files/libros/RodriguezDemoriziE_Apuntes_Rosa_Duarte_1970.pdf | https://catalogo.academiadominicanahistoria.org.do/opac-tmpl/files/ppcodice/Clio-1948-016-081-019-024.pdf (Clío n.º 81, ene.-jun. 1948, 'Duarte como poeta",pdf-en-linea
26,A-103,"Por la ordenanza de Carlos X (17 de abril de 1825), aceptada por Boyer el 11 de julio de 1825 bajo amenaza naval (flota de Mackau), Haití se comprometió a pagar 150 millones de francos a cambio del reconocimiento; en 1838 el total se rebajó a 90 millones, de los que quedaban pendientes 60; Haití se ",F-0797,M08,p. 92 ('Reconnaissance de l'indépendance nationale'),"Bellegarde, Windsor; Lhérisson, Justin","Manuel d'histoire d'Haïti, conforme aux programmes officiels, à l'usage des écoles de la République (cours moyen et supérieur; 7.ª ed. revisada, aumentada y corregida; Port-au-Prince, 1906)",1906,https://archive.org/details/manueldhistoired00bell | https://archive.org/download/manueldhistoired00bell/manueldhistoired00bell_djvu.txt,texto-completo-en-linea
27,A-119,"La separación se defendió militarmente en Azua (19 de marzo de 1844, contra Hérard), Santiago (30 de marzo de 1844), Las Carreras (1849), Santomé (1855) y Sabana Larga (24 de enero de 1856) frente a las campañas de Hérard y Soulouque (1849, 1855-56), que fracasaron.",F-0967,M09,"p. 34 (Schomburgk, 23-XI-1849, citando al ministro Caminero) ; p. 35","Sang, Mu-Kien Adriana (con la colaboración de Walter Cordero y Neici Zeller)",La Política Exterior Dominicana 1844-1961. Tomo I: Caminos transitados: un panorama histórico 1844-1961,2000,https://bibliotecadelcongreso.gob.do/Libros/0008917.pdf,pdf-en-linea
28,A-107,"El período 1822-1844 fue una ""dominación"" u ""ocupación"": un sistema de dominación política y militar impuesto por Boyer al este (Moya Pons 1972; Batista Lemaire 2025).",F-0722,M08,"sección '¿Una época oscura?' ; párr. 7 ; sección '¿Una época oscura?' (id., misma sección) ; párr. 7 [cita abreviada a 15 palabras: obra no libre de derechos]","BBC Mundo (entrevistas a González Canalda, M. F.; Vargas, M.; Yingling, C.)","Los 22 años en los que Haití gobernó Santo Domingo y cómo dieron origen a la actual República Dominicana (BBC Mundo; reproducido por El Día, 1-XII-2022)",2022,https://eldia.com.do/los-22-anos-en-los-que-haiti-goberno-santo-domingo/,texto-completo-en-linea
29,A-099,"La universidad dejó de funcionar en 1823 a causa de la confiscación de bienes eclesiásticos, la supresión de su presupuesto y el reclutamiento de los jóvenes de 16 a 25 años (relato canónico dominicano). Versión rival: ya estaba en decadencia antes de 1822 y el cese fue consecuencia de la situación ",F-1060,M08,"doc. 31, Exposición de 15-XII-1843 (Apéndice); ed. p. 367 (PDF 383)","Levasseur (cónsul general de Francia en Haití; nombre de pila no consta en el volumen); Moges, Alphonse de (contralmirante); Guizot, François (ministro); Barrot, Adolphe; Juchereau de Saint-Denys, Eustache; Fresnel, D. J.; ed. Coiscou Henríquez, Máximo; dir. Peña Batlle, Manuel Arturo; con documentos anexos de Báez, Valencia, Díaz de Peña y otros (Exposición), de la Junta Central Gubernativa, de Hérard y de «Le Manifeste»","Correspondencia de Levasseur y de otros agentes de Francia relativa a la Proclamación de la República Dominicana, 1843-1844 (Colección Trujillo, Publicaciones del Centenario de la República; Documentos y estudios históricos; Santiago de los Caballeros, Editorial El Diario, 1944), incluidas como piezas la Exposición del 15-XII-1843 («Plan Levasseur»), la comunicación de la Junta Central Gubernativa al cónsul Saint-Denys (12-VII-1844), la proclama de Hérard (27-VII-1843) y el artículo de «Le Manifeste» (20-X-1844)",1944 (documentos de 1843-1844),https://catalogo.academiadominicanahistoria.org.do/opac-tmpl/files/ppcodice/2530CorrespondenciadeLevasseurydeotrosagentesdeFrancia.pdf | http://catalogo.academiadominicanahistoria.org.do/opac-tmpl/files/ppcodice/2530CorrespondenciadeLevasseurydeotrosagentesdeFrancia.pdf | https://catalogo.academiadominicanahistoria.org.do/cgi-bin/koha/opac-search.pl?q=ti%3ACorrespondencia+de+Levasseur | https://ca,pdf-en-linea
30,A-109,La ley del 8 de julio de 1824 declaró bienes del Estado los terrenos comuneros no titulados y los bienes eclesiásticos; el arzobispo Pedro Valera salió al exilio en 1830.,F-1540,M08,p. 24 (sec. «Propriétés dans la partie de l'Est») ; p. 24 (cita del informe de la Comisión) ; p. 31,"Corvington, Hermann","Étude sur la condition juridique de l'étranger en Haïti, envisagée sous l'aspect des droits réels immobiliers de 1804 à 1934. Première conférence (1804-1825), prononcée à l'École nationale de droit de Port-au-Prince le 23 de octubre de 1933 (Port-au-Prince, Imprimerie Nemours Telhomme, 1934), pp. 22-32",1934,https://dloc.com/AA00089918/00001,texto-completo-en-linea
